{"type":"FeatureCollection","localFrame":false,"bearing":212.8,"features":[{"type":"Feature","geometry":{"type":"LineString","coordinates":[[-3.7037978,40.4168069],[-3.7037978,40.4168069],[-3.7037978,40.4168069],[-3.7037978,40.4168069],[-3.7037978,40.4168069],[-3.7037978,40.4168069],[-3.7037978,40.4168069],[-3.7037978,40.4168069],[-3.7037978,40.4168069],[-3.7037978,40.4168069],[-3.7037978,40.4168069],[-3.7037978,40.4168069],[-3.7037978,40.4168069],[-3.7037978,40.4168069],[-3.7037978,40.4168069],[-3.7037978,40.4168069],[-3.7037978,40.4168069],[-3.7037978,40.4168069],[-3.7037978,40.4168069],[-3.7037978,40.4168069],[-3.7037978,40.4168069],[-3.7037978,40.4168069],[-3.7037978,40.4168069],[-3.7037978,40.4168069],[-3.7037978,40.4168069],[-3.7037978,40.4168069],[-3.7037978,40.4168069],[-3.7037978,40.4168069],[-3.7037978,40.4168069],[-3.7037978,40.4168069],[-3.7037978,40.4168069],[-3.7037978,40.4168069],[-3.7037978,40.4168069],[-3.7037978,40.4168069],[-3.7037978,40.4168069],[-3.7037978,40.4168069],[-3.7037978,40.4168069],[-3.7037978,40.4168069],[-3.7037978,40.4168069],[-3.7037978,40.4168069],[-3.7037978,40.4168069],[-3.7037978,40.4168069],[-3.7037978,40.4168069],[-3.7037978,40.4168069],[-3.7037978,40.4168069],[-3.7037978,40.4168069],[-3.7037978,40.4168069],[-3.7037978,40.4168069],[-3.7037978,40.4168069],[-3.7037978,40.4168069],[-3.7037978,40.4168069],[-3.7037978,40.4168069],[-3.7037978,40.4168069],[-3.7037978,40.4168069],[-3.7037978,40.4168069],[-3.7037978,40.4168069],[-3.7037978,40.4168069],[-3.7037978,40.4168069],[-3.7037978,40.4168069],[-3.7037978,40.4168069],[-3.7037978,40.4168069],[-3.7037981,40.4168066],[-3.7037983,40.4168063],[-3.7037986,40.4168059],[-3.7037989,40.4168056],[-3.7037991,40.4168053],[-3.7037994,40.416805],[-3.7037997,40.4168047],[-3.7037999,40.4168044],[-3.7038002,40.416804],[-3.7038005,40.4168037],[-3.7038008,40.4168034],[-3.703801,40.4168031],[-3.7038013,40.4168028],[-3.7038016,40.4168025],[-3.7038018,40.4168021],[-3.7038021,40.4168018],[-3.7038024,40.4168015],[-3.7038026,40.4168012],[-3.7038029,40.4168009],[-3.7038032,40.4168006],[-3.7038034,40.4168002],[-3.7038037,40.4167999],[-3.703804,40.4167996],[-3.7038042,40.4167993],[-3.7038045,40.416799],[-3.7038048,40.4167986],[-3.7038051,40.4167983],[-3.7038053,40.416798],[-3.7038056,40.4167977],[-3.7038059,40.4167974],[-3.7038061,40.4167971],[-3.7038064,40.4167967],[-3.7038067,40.4167964],[-3.7038069,40.4167961],[-3.7038072,40.4167958],[-3.7038075,40.4167955],[-3.7038077,40.4167952],[-3.703808,40.4167948],[-3.7038083,40.4167945],[-3.7038085,40.4167942],[-3.7038088,40.4167939],[-3.7038091,40.4167936],[-3.7038094,40.4167933],[-3.7038096,40.4167929],[-3.7038099,40.4167926],[-3.7038102,40.4167923],[-3.7038104,40.416792],[-3.7038107,40.4167917],[-3.703811,40.4167913],[-3.7038112,40.416791],[-3.7038115,40.4167907],[-3.7038118,40.4167904],[-3.703812,40.4167901],[-3.7038123,40.4167898],[-3.7038126,40.4167894],[-3.7038128,40.4167891],[-3.7038131,40.4167888],[-3.7038134,40.4167885],[-3.7038137,40.4167882],[-3.7038139,40.4167879],[-3.7038142,40.4167875],[-3.7038145,40.4167872],[-3.7038147,40.4167869],[-3.703815,40.4167866],[-3.7038153,40.4167863],[-3.7038155,40.4167859],[-3.7038158,40.4167856],[-3.7038161,40.4167853],[-3.7038163,40.416785],[-3.7038166,40.4167847],[-3.7038169,40.4167844],[-3.7038171,40.416784],[-3.7038174,40.4167837],[-3.7038177,40.4167834],[-3.703818,40.4167831],[-3.7038182,40.4167828],[-3.7038185,40.4167825],[-3.7038188,40.4167821],[-3.703819,40.4167818],[-3.7038193,40.4167815],[-3.7038196,40.4167812],[-3.7038198,40.4167809],[-3.7038201,40.4167806],[-3.7038204,40.4167802],[-3.7038206,40.4167799],[-3.7038209,40.4167796],[-3.7038212,40.4167793],[-3.7038214,40.416779],[-3.7038217,40.4167786],[-3.703822,40.4167783],[-3.7038223,40.416778],[-3.7038225,40.4167777],[-3.7038228,40.4167774],[-3.7038231,40.4167771],[-3.7038233,40.4167767],[-3.7038236,40.4167764],[-3.7038239,40.4167761],[-3.7038241,40.4167758],[-3.7038244,40.4167755],[-3.7038247,40.4167752],[-3.7038249,40.4167748],[-3.7038252,40.4167745],[-3.7038255,40.4167742],[-3.7038257,40.4167739],[-3.703826,40.4167736],[-3.7038263,40.4167732],[-3.7038266,40.4167729],[-3.7038268,40.4167726],[-3.7038271,40.4167723],[-3.7038274,40.416772],[-3.7038276,40.4167717],[-3.7038279,40.4167713],[-3.7038282,40.416771],[-3.7038284,40.4167707],[-3.7038287,40.4167704],[-3.703829,40.4167701],[-3.7038292,40.4167698],[-3.7038295,40.4167694],[-3.7038298,40.4167691],[-3.70383,40.4167688],[-3.7038303,40.4167685],[-3.7038306,40.4167682],[-3.7038309,40.4167679],[-3.7038311,40.4167675],[-3.7038314,40.4167672],[-3.7038317,40.4167669],[-3.7038319,40.4167666],[-3.7038322,40.4167663],[-3.7038325,40.4167659],[-3.7038327,40.4167656],[-3.703833,40.4167653],[-3.7038333,40.416765],[-3.7038335,40.4167647],[-3.7038338,40.4167644],[-3.7038341,40.416764],[-3.7038343,40.4167637],[-3.7038346,40.4167634],[-3.7038349,40.4167631],[-3.7038352,40.4167628],[-3.7038354,40.4167625],[-3.7038357,40.4167621],[-3.703836,40.4167618],[-3.7038362,40.4167615],[-3.7038365,40.4167612],[-3.7038368,40.4167609],[-3.703837,40.4167606],[-3.7038373,40.4167602],[-3.7038376,40.4167599],[-3.7038378,40.4167596],[-3.7038381,40.4167593],[-3.7038384,40.416759],[-3.7038386,40.4167586],[-3.7038389,40.4167583],[-3.7038392,40.416758],[-3.7038395,40.4167577],[-3.7038397,40.4167574],[-3.70384,40.4167571],[-3.7038403,40.4167567],[-3.7038405,40.4167564],[-3.7038408,40.4167561],[-3.7038411,40.4167558],[-3.7038413,40.4167555],[-3.7038416,40.4167552],[-3.7038419,40.4167548],[-3.7038421,40.4167545],[-3.7038424,40.4167542],[-3.7038427,40.4167539],[-3.7038429,40.4167536],[-3.7038432,40.4167533],[-3.7038435,40.4167529],[-3.7038438,40.4167526],[-3.703844,40.4167523],[-3.7038443,40.416752],[-3.7038446,40.4167517],[-3.7038448,40.4167513],[-3.7038451,40.416751],[-3.7038454,40.4167507],[-3.7038456,40.4167504],[-3.7038459,40.4167501],[-3.7038462,40.4167498],[-3.7038464,40.4167494],[-3.7038467,40.4167491],[-3.703847,40.4167488],[-3.7038472,40.4167485],[-3.7038475,40.4167482],[-3.7038478,40.4167479],[-3.703848,40.4167475],[-3.7038483,40.4167472],[-3.7038486,40.4167469],[-3.7038489,40.4167466],[-3.7038491,40.4167463],[-3.7038494,40.4167459],[-3.7038497,40.4167456],[-3.7038499,40.4167453],[-3.7038502,40.416745],[-3.7038505,40.4167447],[-3.7038507,40.4167444],[-3.703851,40.416744],[-3.7038513,40.4167437],[-3.7038515,40.4167434],[-3.7038518,40.4167431],[-3.7038521,40.4167428],[-3.7038523,40.4167425],[-3.7038526,40.4167421],[-3.7038529,40.4167418],[-3.7038532,40.4167415],[-3.7038534,40.4167412],[-3.7038537,40.4167409],[-3.703854,40.4167406],[-3.7038542,40.4167402],[-3.7038545,40.4167399],[-3.7038548,40.4167396],[-3.703855,40.4167393],[-3.7038553,40.416739],[-3.7038556,40.4167386],[-3.7038558,40.4167383],[-3.7038561,40.416738],[-3.7038564,40.4167377],[-3.7038566,40.4167374],[-3.7038569,40.4167371],[-3.7038572,40.4167367],[-3.7038575,40.4167364],[-3.7038577,40.4167361],[-3.703858,40.4167358],[-3.7038583,40.4167355],[-3.7038585,40.4167352],[-3.7038588,40.4167348],[-3.7038591,40.4167345],[-3.7038593,40.4167342],[-3.7038596,40.4167339],[-3.7038599,40.4167336],[-3.7038601,40.4167333],[-3.7038604,40.4167329],[-3.7038607,40.4167326],[-3.7038609,40.4167323],[-3.7038612,40.416732],[-3.7038615,40.4167317],[-3.7038618,40.4167313],[-3.703862,40.416731],[-3.7038623,40.4167307],[-3.7038626,40.4167304],[-3.7038628,40.4167301],[-3.7038631,40.4167298],[-3.7038634,40.4167294],[-3.7038636,40.4167291],[-3.7038639,40.4167288],[-3.7038642,40.4167285],[-3.7038644,40.4167282],[-3.7038647,40.4167279],[-3.703865,40.4167275],[-3.7038652,40.4167272],[-3.7038655,40.4167269],[-3.7038658,40.4167266],[-3.7038661,40.4167263],[-3.7038663,40.4167259],[-3.7038666,40.4167256],[-3.7038669,40.4167253],[-3.7038671,40.416725],[-3.7038674,40.4167247],[-3.7038677,40.4167244],[-3.7038679,40.416724],[-3.7038682,40.4167237],[-3.7038685,40.4167234],[-3.7038687,40.4167231],[-3.703869,40.4167228],[-3.7038693,40.4167225],[-3.7038695,40.4167221],[-3.7038698,40.4167218],[-3.7038701,40.4167215],[-3.7038704,40.4167212],[-3.7038706,40.4167209],[-3.7038709,40.4167206],[-3.7038712,40.4167202],[-3.7038714,40.4167199],[-3.7038717,40.4167196],[-3.703872,40.4167193],[-3.7038722,40.416719],[-3.7038725,40.4167186],[-3.7038728,40.4167183],[-3.703873,40.416718],[-3.7038733,40.4167177],[-3.7038736,40.4167174],[-3.7038738,40.4167171],[-3.7038741,40.4167167],[-3.7038744,40.4167164],[-3.7038747,40.4167161],[-3.7038749,40.4167158],[-3.7038752,40.4167155],[-3.7038755,40.4167152],[-3.7038757,40.4167148],[-3.703876,40.4167145],[-3.7038763,40.4167142],[-3.7038765,40.4167139],[-3.7038768,40.4167136],[-3.7038771,40.4167133],[-3.7038773,40.4167129],[-3.7038776,40.4167126],[-3.7038779,40.4167123],[-3.7038781,40.416712],[-3.7038784,40.4167117],[-3.7038787,40.4167113],[-3.703879,40.416711],[-3.7038792,40.4167107],[-3.7038795,40.4167104],[-3.7038798,40.4167101],[-3.70388,40.4167098],[-3.7038803,40.4167094],[-3.7038806,40.4167091],[-3.7038808,40.4167088],[-3.7038811,40.4167085],[-3.7038814,40.4167082],[-3.7038816,40.4167079],[-3.7038819,40.4167075],[-3.7038822,40.4167072],[-3.7038824,40.4167069],[-3.7038827,40.4167066],[-3.703883,40.4167063],[-3.7038833,40.4167059],[-3.7038835,40.4167056],[-3.7038838,40.4167053],[-3.7038841,40.416705],[-3.7038843,40.4167047],[-3.7038846,40.4167044],[-3.7038849,40.416704],[-3.7038851,40.4167037],[-3.7038854,40.4167034],[-3.7038857,40.4167031],[-3.7038859,40.4167028],[-3.7038862,40.4167025],[-3.7038865,40.4167021],[-3.7038867,40.4167018],[-3.703887,40.4167015],[-3.7038873,40.4167012],[-3.7038873,40.4167012],[-3.7038873,40.4167012],[-3.7038873,40.4167012],[-3.7038873,40.4167012],[-3.7038873,40.4167012],[-3.7038873,40.4167012],[-3.7038873,40.4167012],[-3.7038873,40.4167012],[-3.7038873,40.4167012],[-3.7038873,40.4167012],[-3.7038873,40.4167012],[-3.7038873,40.4167012],[-3.7038873,40.4167012],[-3.7038873,40.4167012],[-3.7038873,40.4167012],[-3.7038873,40.4167012],[-3.7038873,40.4167012],[-3.7038873,40.4167012],[-3.7038873,40.4167012],[-3.7038873,40.4167012],[-3.7038873,40.4167012],[-3.7038873,40.4167012],[-3.7038873,40.4167012],[-3.7038873,40.4167012],[-3.7038873,40.4167012],[-3.7038873,40.4167012],[-3.7038873,40.4167012],[-3.7038873,40.4167012],[-3.7038873,40.4167012],[-3.7038873,40.4167012],[-3.7038873,40.4167012],[-3.7038873,40.4167012],[-3.7038873,40.4167012],[-3.7038873,40.4167012],[-3.7038873,40.4167012],[-3.7038873,40.4167012],[-3.7038873,40.4167012],[-3.7038873,40.4167012],[-3.7038873,40.4167012],[-3.7038873,40.4167012],[-3.7038873,40.4167012],[-3.7038873,40.4167012],[-3.7038873,40.4167012],[-3.7038873,40.4167012],[-3.7038873,40.4167012],[-3.7038873,40.4167012],[-3.7038873,40.4167012],[-3.7038873,40.4167012],[-3.7038873,40.4167012],[-3.7038873,40.4167012],[-3.7038873,40.4167012],[-3.7038873,40.4167012],[-3.7038873,40.4167012],[-3.7038873,40.4167012],[-3.7038873,40.4167012],[-3.7038873,40.4167012],[-3.7038873,40.4167012],[-3.7038873,40.4167012],[-3.7038873,40.4167012],[-3.7038873,40.4167012],[-3.7038873,40.4167012],[-3.7038873,40.4167012],[-3.7038873,40.4167012],[-3.7038873,40.4167012],[-3.7038873,40.4167012],[-3.7038873,40.4167012],[-3.7038873,40.4167012],[-3.7038873,40.4167012],[-3.7038873,40.4167012],[-3.7038873,40.4167012],[-3.7038873,40.4167012],[-3.7038873,40.4167012],[-3.7038873,40.4167012],[-3.7038873,40.4167012],[-3.7038873,40.4167012],[-3.703887,40.4167015],[-3.7038867,40.4167018],[-3.7038865,40.4167021],[-3.7038862,40.4167025],[-3.7038859,40.4167028],[-3.7038857,40.4167031],[-3.7038854,40.4167034],[-3.7038851,40.4167037],[-3.7038849,40.416704],[-3.7038846,40.4167044],[-3.7038843,40.4167047],[-3.7038841,40.416705],[-3.7038838,40.4167053],[-3.7038835,40.4167056],[-3.7038833,40.4167059],[-3.703883,40.4167063],[-3.7038827,40.4167066],[-3.7038824,40.4167069],[-3.7038822,40.4167072],[-3.7038819,40.4167075],[-3.7038816,40.4167079],[-3.7038814,40.4167082],[-3.7038811,40.4167085],[-3.7038808,40.4167088],[-3.7038806,40.4167091],[-3.7038803,40.4167094],[-3.70388,40.4167098],[-3.7038798,40.4167101],[-3.7038795,40.4167104],[-3.7038792,40.4167107],[-3.703879,40.416711],[-3.7038787,40.4167113],[-3.7038784,40.4167117],[-3.7038781,40.416712],[-3.7038779,40.4167123],[-3.7038776,40.4167126],[-3.7038773,40.4167129],[-3.7038771,40.4167133],[-3.7038768,40.4167136],[-3.7038765,40.4167139],[-3.7038763,40.4167142],[-3.703876,40.4167145],[-3.7038757,40.4167148],[-3.7038755,40.4167152],[-3.7038752,40.4167155],[-3.7038749,40.4167158],[-3.7038747,40.4167161],[-3.7038744,40.4167164],[-3.7038741,40.4167167],[-3.7038738,40.4167171],[-3.7038736,40.4167174],[-3.7038733,40.4167177],[-3.703873,40.416718],[-3.7038728,40.4167183],[-3.7038725,40.4167186],[-3.7038722,40.416719],[-3.703872,40.4167193],[-3.7038717,40.4167196],[-3.7038714,40.4167199],[-3.7038712,40.4167202],[-3.7038709,40.4167206],[-3.7038706,40.4167209],[-3.7038704,40.4167212],[-3.7038701,40.4167215],[-3.7038698,40.4167218],[-3.7038695,40.4167221],[-3.7038693,40.4167225],[-3.703869,40.4167228],[-3.7038687,40.4167231],[-3.7038685,40.4167234],[-3.7038682,40.4167237],[-3.7038679,40.416724],[-3.7038677,40.4167244],[-3.7038674,40.4167247],[-3.7038671,40.416725],[-3.7038669,40.4167253],[-3.7038666,40.4167256],[-3.7038663,40.4167259],[-3.7038661,40.4167263],[-3.7038658,40.4167266],[-3.7038655,40.4167269],[-3.7038652,40.4167272],[-3.703865,40.4167275],[-3.7038647,40.4167279],[-3.7038644,40.4167282],[-3.7038642,40.4167285],[-3.7038639,40.4167288],[-3.7038636,40.4167291],[-3.7038634,40.4167294],[-3.7038631,40.4167298],[-3.7038628,40.4167301],[-3.7038626,40.4167304],[-3.7038623,40.4167307],[-3.703862,40.416731],[-3.7038618,40.4167313],[-3.7038615,40.4167317],[-3.7038612,40.416732],[-3.7038609,40.4167323],[-3.7038607,40.4167326],[-3.7038604,40.4167329],[-3.7038601,40.4167333],[-3.7038599,40.4167336],[-3.7038596,40.4167339],[-3.7038593,40.4167342],[-3.7038591,40.4167345],[-3.7038588,40.4167348],[-3.7038585,40.4167352],[-3.7038583,40.4167355],[-3.703858,40.4167358],[-3.7038577,40.4167361],[-3.7038575,40.4167364],[-3.7038572,40.4167367],[-3.7038569,40.4167371],[-3.7038566,40.4167374],[-3.7038564,40.4167377],[-3.7038561,40.416738],[-3.7038558,40.4167383],[-3.7038556,40.4167386],[-3.7038553,40.416739],[-3.703855,40.4167393],[-3.7038548,40.4167396],[-3.7038545,40.4167399],[-3.7038542,40.4167402],[-3.703854,40.4167406],[-3.7038537,40.4167409],[-3.7038534,40.4167412],[-3.7038532,40.4167415],[-3.7038529,40.4167418],[-3.7038526,40.4167421],[-3.7038523,40.4167425],[-3.7038521,40.4167428],[-3.7038518,40.4167431],[-3.7038515,40.4167434],[-3.7038513,40.4167437],[-3.703851,40.416744],[-3.7038507,40.4167444],[-3.7038505,40.4167447],[-3.7038502,40.416745],[-3.7038499,40.4167453],[-3.7038497,40.4167456],[-3.7038494,40.4167459],[-3.7038491,40.4167463],[-3.7038489,40.4167466],[-3.7038486,40.4167469],[-3.7038483,40.4167472],[-3.703848,40.4167475],[-3.7038478,40.4167479],[-3.7038475,40.4167482],[-3.7038472,40.4167485],[-3.703847,40.4167488],[-3.7038467,40.4167491],[-3.7038464,40.4167494],[-3.7038462,40.4167498],[-3.7038459,40.4167501],[-3.7038456,40.4167504],[-3.7038454,40.4167507],[-3.7038451,40.416751],[-3.7038448,40.4167513],[-3.7038446,40.4167517],[-3.7038443,40.416752],[-3.703844,40.4167523],[-3.7038438,40.4167526],[-3.7038435,40.4167529],[-3.7038432,40.4167533],[-3.7038429,40.4167536],[-3.7038427,40.4167539],[-3.7038424,40.4167542],[-3.7038421,40.4167545],[-3.7038419,40.4167548],[-3.7038416,40.4167552],[-3.7038413,40.4167555],[-3.7038411,40.4167558],[-3.7038408,40.4167561],[-3.7038405,40.4167564],[-3.7038403,40.4167567],[-3.70384,40.4167571],[-3.7038397,40.4167574],[-3.7038395,40.4167577],[-3.7038392,40.416758],[-3.7038389,40.4167583],[-3.7038386,40.4167586],[-3.7038384,40.416759],[-3.7038381,40.4167593],[-3.7038378,40.4167596],[-3.7038376,40.4167599],[-3.7038373,40.4167602],[-3.703837,40.4167606],[-3.7038368,40.4167609],[-3.7038365,40.4167612],[-3.7038362,40.4167615],[-3.703836,40.4167618],[-3.7038357,40.4167621],[-3.7038354,40.4167625],[-3.7038352,40.4167628],[-3.7038349,40.4167631],[-3.7038346,40.4167634],[-3.7038343,40.4167637],[-3.7038341,40.416764],[-3.7038338,40.4167644],[-3.7038335,40.4167647],[-3.7038333,40.416765],[-3.703833,40.4167653],[-3.7038327,40.4167656],[-3.7038325,40.4167659],[-3.7038322,40.4167663],[-3.7038319,40.4167666],[-3.7038317,40.4167669],[-3.7038314,40.4167672],[-3.7038311,40.4167675],[-3.7038309,40.4167679],[-3.7038306,40.4167682],[-3.7038303,40.4167685],[-3.70383,40.4167688],[-3.7038298,40.4167691],[-3.7038295,40.4167694],[-3.7038292,40.4167698],[-3.703829,40.4167701],[-3.7038287,40.4167704],[-3.7038284,40.4167707],[-3.7038282,40.416771],[-3.7038279,40.4167713],[-3.7038276,40.4167717],[-3.7038274,40.416772],[-3.7038271,40.4167723],[-3.7038268,40.4167726],[-3.7038266,40.4167729],[-3.7038263,40.4167732],[-3.703826,40.4167736],[-3.7038257,40.4167739],[-3.7038255,40.4167742],[-3.7038252,40.4167745],[-3.7038249,40.4167748],[-3.7038247,40.4167752],[-3.7038244,40.4167755],[-3.7038241,40.4167758],[-3.7038239,40.4167761],[-3.7038236,40.4167764],[-3.7038233,40.4167767],[-3.7038231,40.4167771],[-3.7038228,40.4167774],[-3.7038225,40.4167777],[-3.7038223,40.416778],[-3.703822,40.4167783],[-3.7038217,40.4167786],[-3.7038214,40.416779],[-3.7038212,40.4167793],[-3.7038209,40.4167796],[-3.7038206,40.4167799],[-3.7038204,40.4167802],[-3.7038201,40.4167806],[-3.7038198,40.4167809],[-3.7038196,40.4167812],[-3.7038193,40.4167815],[-3.703819,40.4167818],[-3.7038188,40.4167821],[-3.7038185,40.4167825],[-3.7038182,40.4167828],[-3.703818,40.4167831],[-3.7038177,40.4167834],[-3.7038174,40.4167837],[-3.7038171,40.416784],[-3.7038169,40.4167844],[-3.7038166,40.4167847],[-3.7038163,40.416785],[-3.7038161,40.4167853],[-3.7038158,40.4167856],[-3.7038155,40.4167859],[-3.7038153,40.4167863],[-3.703815,40.4167866],[-3.7038147,40.4167869],[-3.7038145,40.4167872],[-3.7038142,40.4167875],[-3.7038139,40.4167879],[-3.7038137,40.4167882],[-3.7038134,40.4167885],[-3.7038131,40.4167888],[-3.7038128,40.4167891],[-3.7038126,40.4167894],[-3.7038123,40.4167898],[-3.703812,40.4167901],[-3.7038118,40.4167904],[-3.7038115,40.4167907],[-3.7038112,40.416791],[-3.703811,40.4167913],[-3.7038107,40.4167917],[-3.7038104,40.416792],[-3.7038102,40.4167923],[-3.7038099,40.4167926],[-3.7038096,40.4167929],[-3.7038094,40.4167933],[-3.7038091,40.4167936],[-3.7038088,40.4167939],[-3.7038085,40.4167942],[-3.7038083,40.4167945],[-3.703808,40.4167948],[-3.7038077,40.4167952],[-3.7038075,40.4167955],[-3.7038072,40.4167958],[-3.7038069,40.4167961],[-3.7038067,40.4167964],[-3.7038064,40.4167967],[-3.7038061,40.4167971],[-3.7038059,40.4167974],[-3.7038056,40.4167977],[-3.7038053,40.416798],[-3.7038051,40.4167983],[-3.7038048,40.4167986],[-3.7038045,40.416799],[-3.7038042,40.4167993],[-3.703804,40.4167996],[-3.7038037,40.4167999],[-3.7038034,40.4168002],[-3.7038032,40.4168006],[-3.7038029,40.4168009],[-3.7038026,40.4168012],[-3.7038024,40.4168015],[-3.7038021,40.4168018],[-3.7038018,40.4168021],[-3.7038016,40.4168025],[-3.7038013,40.4168028],[-3.703801,40.4168031],[-3.7038008,40.4168034],[-3.7038005,40.4168037],[-3.7038002,40.416804],[-3.7037999,40.4168044],[-3.7037997,40.4168047],[-3.7037994,40.416805],[-3.7037991,40.4168053],[-3.7037989,40.4168056],[-3.7037986,40.4168059],[-3.7037983,40.4168063],[-3.7037981,40.4168066],[-3.7037978,40.4168069],[-3.7037978,40.4168069],[-3.7037978,40.4168069],[-3.7037978,40.4168069],[-3.7037978,40.4168069],[-3.7037978,40.4168069],[-3.7037978,40.4168069],[-3.7037978,40.4168069],[-3.7037978,40.4168069],[-3.7037978,40.4168069],[-3.7037978,40.4168069],[-3.7037978,40.4168069],[-3.7037978,40.4168069],[-3.7037978,40.4168069],[-3.7037978,40.4168069],[-3.7037978,40.4168069],[-3.7037978,40.4168069],[-3.7037978,40.4168069],[-3.7037978,40.4168069],[-3.7037978,40.4168069],[-3.7037978,40.4168069],[-3.7037978,40.4168069],[-3.7037978,40.4168069],[-3.7037978,40.4168069],[-3.7037978,40.4168069],[-3.7037978,40.4168069],[-3.7037978,40.4168069],[-3.7037978,40.4168069],[-3.7037978,40.4168069],[-3.7037978,40.4168069],[-3.7037978,40.4168069]]},"properties":{"mode":"vio","steps":0,"turns":0,"distanceMetres":28}},{"type":"Feature","geometry":{"type":"LineString","coordinates":[[-3.7037978,40.4168069],[-3.7038221,40.4167782],[-3.7038365,40.4168123],[-3.7038376,40.4168014],[-3.7038374,40.416815],[-3.7038838,40.4168331],[-3.7039241,40.4168671],[-3.7039006,40.4169027],[-3.7039181,40.4168883],[-3.7039035,40.4168803],[-3.7039224,40.4168616],[-3.7039359,40.4168906],[-3.7039691,40.4168676],[-3.7039679,40.4168739],[-3.7039642,40.416882],[-3.7039941,40.4169134],[-3.7040038,40.4168764],[-3.7039813,40.4168488],[-3.7039411,40.4168572],[-3.7039525,40.4168528],[-3.7039357,40.4168435],[-3.7039218,40.4168384],[-3.7039072,40.4168203],[-3.7038924,40.4167962],[-3.703868,40.4167899],[-3.7038612,40.4167987],[-3.7038077,40.4167794]]},"properties":{"mode":"gps","steps":0,"turns":0,"distanceMetres":73.17}},{"type":"Feature","geometry":{"type":"LineString","coordinates":[[-3.7037978,40.4168069],[-3.7038023,40.4168016],[-3.7038067,40.4167963],[-3.7038112,40.416791],[-3.7038157,40.4167858],[-3.7038202,40.4167805],[-3.7038246,40.4167752],[-3.7038291,40.4167699],[-3.7038336,40.4167646],[-3.7038381,40.4167593],[-3.7038425,40.416754],[-3.703847,40.4167488],[-3.7038515,40.4167435],[-3.703856,40.4167382],[-3.7038604,40.4167329],[-3.7038649,40.4167276],[-3.7038694,40.4167223],[-3.7038739,40.416717],[-3.7038783,40.4167118],[-3.7038828,40.4167065],[-3.7038873,40.4167012],[-3.7038828,40.4167065],[-3.7038783,40.4167118],[-3.7038739,40.416717],[-3.7038694,40.4167223],[-3.7038649,40.4167276],[-3.7038604,40.4167329],[-3.703856,40.4167382],[-3.7038515,40.4167435],[-3.703847,40.4167488],[-3.7038425,40.416754],[-3.7038381,40.4167593],[-3.7038336,40.4167646],[-3.7038291,40.4167699],[-3.7038246,40.4167752],[-3.7038202,40.4167805],[-3.7038157,40.4167858],[-3.7038112,40.416791],[-3.7038067,40.4167963],[-3.7038023,40.4168016],[-3.7037978,40.4168069]]},"properties":{"mode":"pdr:own:gyro:snap","steps":40,"turns":1,"distanceMetres":28}},{"type":"Feature","geometry":{"type":"LineString","coordinates":[[-3.7037978,40.4168069],[-3.7038024,40.4168017],[-3.7038067,40.4167963],[-3.7038113,40.4167911],[-3.7038156,40.4167857],[-3.7038202,40.4167805],[-3.7038244,40.4167751],[-3.703829,40.4167699],[-3.7038332,40.4167644],[-3.7038378,40.4167592],[-3.703842,40.4167538],[-3.7038466,40.4167486],[-3.7038508,40.4167431],[-3.7038553,40.4167379],[-3.7038595,40.4167325],[-3.703864,40.4167272],[-3.7038682,40.4167218],[-3.7038727,40.4167165],[-3.7038769,40.4167111],[-3.7038814,40.4167058],[-3.7038855,40.4167004],[-3.7038811,40.4167057],[-3.703877,40.4167111],[-3.7038725,40.4167164],[-3.7038685,40.4167219],[-3.703864,40.4167272],[-3.70386,40.4167327],[-3.7038556,40.416738],[-3.7038515,40.4167435],[-3.7038471,40.4167488],[-3.7038431,40.4167543],[-3.7038387,40.4167596],[-3.7038347,40.4167651],[-3.7038303,40.4167705],[-3.7038263,40.416776],[-3.7038219,40.4167813],[-3.7038179,40.4167868],[-3.7038136,40.4167922],[-3.7038096,40.4167977],[-3.7038053,40.416803],[-3.7038013,40.4168085]]},"properties":{"mode":"pdr:own:gyro","steps":40,"turns":0,"distanceMetres":28}},{"type":"Feature","geometry":{"type":"LineString","coordinates":[[-3.7037978,40.4168069],[-3.7038023,40.4168016],[-3.7038067,40.4167963],[-3.7038112,40.416791],[-3.7038157,40.4167858],[-3.7038202,40.4167805],[-3.7038246,40.4167752],[-3.7038291,40.4167699],[-3.7038336,40.4167646],[-3.7038381,40.4167593],[-3.7038425,40.416754],[-3.703847,40.4167488],[-3.7038515,40.4167435],[-3.703856,40.4167382],[-3.7038604,40.4167329],[-3.7038649,40.4167276],[-3.7038694,40.4167223],[-3.7038739,40.416717],[-3.7038783,40.4167118],[-3.7038828,40.4167065],[-3.7038873,40.4167012],[-3.7038828,40.4167065],[-3.7038783,40.4167118],[-3.7038739,40.416717],[-3.7038694,40.4167223],[-3.7038649,40.4167276],[-3.7038604,40.4167329],[-3.703856,40.4167382],[-3.7038515,40.4167435],[-3.703847,40.4167488],[-3.7038425,40.416754],[-3.7038381,40.4167593],[-3.7038336,40.4167646],[-3.7038291,40.4167699],[-3.7038246,40.4167752],[-3.7038202,40.4167805],[-3.7038157,40.4167858],[-3.7038112,40.416791],[-3.7038067,40.4167963],[-3.7038023,40.4168016],[-3.7037978,40.4168069]]},"properties":{"mode":"pdr:own:game:snap","steps":40,"turns":1,"distanceMetres":28}},{"type":"Feature","geometry":{"type":"LineString","coordinates":[[-3.7037978,40.4168069],[-3.7038024,40.4168017],[-3.7038067,40.4167963],[-3.7038113,40.4167911],[-3.7038155,40.4167857],[-3.7038202,40.4167805],[-3.7038244,40.4167751],[-3.7038291,40.4167699],[-3.7038333,40.4167645],[-3.703838,40.4167593],[-3.7038422,40.4167539],[-3.7038468,40.4167487],[-3.7038511,40.4167433],[-3.7038558,40.4167381],[-3.70386,40.4167327],[-3.7038647,40.4167275],[-3.703869,40.4167222],[-3.7038736,40.416717],[-3.7038779,40.4167116],[-3.7038825,40.4167064],[-3.7038868,40.416701],[-3.7038822,40.4167062],[-3.7038779,40.4167116],[-3.7038732,40.4167168],[-3.7038689,40.4167221],[-3.7038642,40.4167273],[-3.7038599,40.4167327],[-3.7038552,40.4167379],[-3.7038509,40.4167432],[-3.7038462,40.4167484],[-3.7038419,40.4167538],[-3.7038372,40.4167589],[-3.7038329,40.4167643],[-3.7038282,40.4167695],[-3.7038239,40.4167748],[-3.7038192,40.41678],[-3.7038149,40.4167854],[-3.7038102,40.4167905],[-3.7038058,40.4167959],[-3.7038011,40.4168011],[-3.7037968,40.4168064]]},"properties":{"mode":"pdr:own:game","steps":40,"turns":0,"distanceMetres":28}},{"type":"Feature","geometry":{"type":"LineString","coordinates":[[-3.7037978,40.4168069],[-3.7038023,40.4168016],[-3.7038067,40.4167963],[-3.7038112,40.416791],[-3.7038157,40.4167858],[-3.7038202,40.4167805],[-3.7038246,40.4167752],[-3.7038291,40.4167699],[-3.7038336,40.4167646],[-3.7038381,40.4167593],[-3.7038425,40.416754],[-3.703847,40.4167488],[-3.7038515,40.4167435],[-3.703856,40.4167382],[-3.7038604,40.4167329],[-3.7038649,40.4167276],[-3.7038694,40.4167223],[-3.7038739,40.416717],[-3.7038783,40.4167118],[-3.7038828,40.4167065],[-3.7038873,40.4167012],[-3.7038828,40.4167065],[-3.7038783,40.4167118],[-3.7038739,40.416717],[-3.7038694,40.4167223],[-3.7038649,40.4167276],[-3.7038604,40.4167329],[-3.703856,40.4167382],[-3.7038515,40.4167435],[-3.703847,40.4167488],[-3.7038425,40.416754],[-3.7038381,40.4167593],[-3.7038336,40.4167646],[-3.7038291,40.4167699],[-3.7038246,40.4167752],[-3.7038202,40.4167805],[-3.7038157,40.4167858],[-3.7038112,40.416791],[-3.7038067,40.4167963],[-3.7038023,40.4168016],[-3.7037978,40.4168069]]},"properties":{"mode":"pdr:own:absolute:snap","steps":40,"turns":1,"distanceMetres":28}},{"type":"Feature","geometry":{"type":"LineString","coordinates":[[-3.7037978,40.4168069],[-3.7038024,40.4168017],[-3.7038067,40.4167963],[-3.7038113,40.4167911],[-3.7038155,40.4167857],[-3.7038202,40.4167805],[-3.7038244,40.4167751],[-3.703829,40.4167699],[-3.7038333,40.4167645],[-3.7038379,40.4167593],[-3.7038421,40.4167539],[-3.7038468,40.4167487],[-3.703851,40.4167433],[-3.7038556,40.4167381],[-3.7038599,40.4167327],[-3.7038645,40.4167275],[-3.7038688,40.4167221],[-3.7038734,40.4167169],[-3.7038777,40.4167115],[-3.7038823,40.4167063],[-3.7038865,40.4167009],[-3.7038819,40.4167061],[-3.7038777,40.4167115],[-3.703873,40.4167167],[-3.7038688,40.4167221],[-3.7038642,40.4167273],[-3.7038599,40.4167327],[-3.7038553,40.4167379],[-3.703851,40.4167433],[-3.7038464,40.4167485],[-3.7038422,40.4167539],[-3.7038375,40.4167591],[-3.7038333,40.4167645],[-3.7038287,40.4167697],[-3.7038244,40.4167751],[-3.7038198,40.4167803],[-3.7038156,40.4167857],[-3.7038109,40.4167909],[-3.7038067,40.4167963],[-3.7038021,40.4168015],[-3.7037978,40.4168069]]},"properties":{"mode":"pdr:own:absolute","steps":40,"turns":0,"distanceMetres":28}},{"type":"Feature","geometry":{"type":"LineString","coordinates":[[-3.7037978,40.4168069],[-3.7038023,40.4168016],[-3.7038067,40.4167963],[-3.7038112,40.416791],[-3.7038157,40.4167858],[-3.7038202,40.4167805],[-3.7038246,40.4167752],[-3.7038291,40.4167699],[-3.7038336,40.4167646],[-3.7038381,40.4167593],[-3.7038425,40.416754],[-3.703847,40.4167488],[-3.7038515,40.4167435],[-3.703856,40.4167382],[-3.7038604,40.4167329],[-3.7038649,40.4167276],[-3.7038694,40.4167223],[-3.7038739,40.416717],[-3.7038783,40.4167118],[-3.7038828,40.4167065],[-3.7038873,40.4167012],[-3.7038828,40.4167065],[-3.7038783,40.4167118],[-3.7038739,40.416717],[-3.7038694,40.4167223],[-3.7038649,40.4167276],[-3.7038604,40.4167329],[-3.703856,40.4167382],[-3.7038515,40.4167435],[-3.703847,40.4167488],[-3.7038425,40.416754],[-3.7038381,40.4167593],[-3.7038336,40.4167646],[-3.7038291,40.4167699],[-3.7038246,40.4167752],[-3.7038202,40.4167805],[-3.7038157,40.4167858],[-3.7038112,40.416791],[-3.7038067,40.4167963],[-3.7038023,40.4168016],[-3.7037978,40.4168069]]},"properties":{"mode":"pdr:hw:gyro:snap","steps":40,"turns":1,"distanceMetres":28}},{"type":"Feature","geometry":{"type":"LineString","coordinates":[[-3.7037978,40.4168069],[-3.7038024,40.4168017],[-3.7038067,40.4167963],[-3.7038113,40.4167911],[-3.7038156,40.4167857],[-3.7038202,40.4167805],[-3.7038244,40.4167751],[-3.703829,40.4167699],[-3.7038332,40.4167645],[-3.7038378,40.4167592],[-3.703842,40.4167538],[-3.7038466,40.4167486],[-3.7038508,40.4167432],[-3.7038553,40.4167379],[-3.7038595,40.4167325],[-3.703864,40.4167272],[-3.7038682,40.4167218],[-3.7038727,40.4167165],[-3.7038769,40.4167111],[-3.7038814,40.4167058],[-3.7038855,40.4167004],[-3.7038811,40.4167057],[-3.703877,40.4167111],[-3.7038725,40.4167165],[-3.7038685,40.4167219],[-3.7038641,40.4167272],[-3.70386,40.4167327],[-3.7038556,40.416738],[-3.7038515,40.4167435],[-3.7038471,40.4167488],[-3.7038431,40.4167543],[-3.7038387,40.4167596],[-3.7038347,40.4167651],[-3.7038303,40.4167705],[-3.7038263,40.416776],[-3.7038219,40.4167813],[-3.7038179,40.4167868],[-3.7038136,40.4167921],[-3.7038096,40.4167977],[-3.7038053,40.416803],[-3.7038013,40.4168085]]},"properties":{"mode":"pdr:hw:gyro","steps":40,"turns":0,"distanceMetres":28}},{"type":"Feature","geometry":{"type":"LineString","coordinates":[[-3.7037978,40.4168069],[-3.7038023,40.4168016],[-3.7038067,40.4167963],[-3.7038112,40.416791],[-3.7038157,40.4167858],[-3.7038202,40.4167805],[-3.7038246,40.4167752],[-3.7038291,40.4167699],[-3.7038336,40.4167646],[-3.7038381,40.4167593],[-3.7038425,40.416754],[-3.703847,40.4167488],[-3.7038515,40.4167435],[-3.703856,40.4167382],[-3.7038604,40.4167329],[-3.7038649,40.4167276],[-3.7038694,40.4167223],[-3.7038739,40.416717],[-3.7038783,40.4167118],[-3.7038828,40.4167065],[-3.7038873,40.4167012],[-3.7038828,40.4167065],[-3.7038783,40.4167118],[-3.7038739,40.416717],[-3.7038694,40.4167223],[-3.7038649,40.4167276],[-3.7038604,40.4167329],[-3.703856,40.4167382],[-3.7038515,40.4167435],[-3.703847,40.4167488],[-3.7038425,40.416754],[-3.7038381,40.4167593],[-3.7038336,40.4167646],[-3.7038291,40.4167699],[-3.7038246,40.4167752],[-3.7038202,40.4167805],[-3.7038157,40.4167858],[-3.7038112,40.416791],[-3.7038067,40.4167963],[-3.7038023,40.4168016],[-3.7037978,40.4168069]]},"properties":{"mode":"pdr:hw:game:snap","steps":40,"turns":1,"distanceMetres":28}},{"type":"Feature","geometry":{"type":"LineString","coordinates":[[-3.7037978,40.4168069],[-3.7038024,40.4168017],[-3.7038067,40.4167963],[-3.7038113,40.4167911],[-3.7038156,40.4167857],[-3.7038202,40.4167805],[-3.7038244,40.4167751],[-3.7038291,40.4167699],[-3.7038333,40.4167645],[-3.703838,40.4167593],[-3.7038423,40.4167539],[-3.7038469,40.4167487],[-3.7038512,40.4167433],[-3.7038558,40.4167381],[-3.7038601,40.4167328],[-3.7038648,40.4167276],[-3.703869,40.4167222],[-3.7038737,40.416717],[-3.703878,40.4167116],[-3.7038826,40.4167064],[-3.7038869,40.4167011],[-3.7038823,40.4167063],[-3.703878,40.4167116],[-3.7038733,40.4167168],[-3.703869,40.4167222],[-3.7038643,40.4167274],[-3.70386,40.4167327],[-3.7038554,40.4167379],[-3.703851,40.4167433],[-3.7038464,40.4167485],[-3.703842,40.4167538],[-3.7038374,40.416759],[-3.703833,40.4167644],[-3.7038283,40.4167695],[-3.703824,40.4167749],[-3.7038193,40.4167801],[-3.703815,40.4167854],[-3.7038103,40.4167906],[-3.703806,40.4167959],[-3.7038013,40.4168011],[-3.7037969,40.4168065]]},"properties":{"mode":"pdr:hw:game","steps":40,"turns":0,"distanceMetres":28}},{"type":"Feature","geometry":{"type":"LineString","coordinates":[[-3.7037978,40.4168069],[-3.7038023,40.4168016],[-3.7038067,40.4167963],[-3.7038112,40.416791],[-3.7038157,40.4167858],[-3.7038202,40.4167805],[-3.7038246,40.4167752],[-3.7038291,40.4167699],[-3.7038336,40.4167646],[-3.7038381,40.4167593],[-3.7038425,40.416754],[-3.703847,40.4167488],[-3.7038515,40.4167435],[-3.703856,40.4167382],[-3.7038604,40.4167329],[-3.7038649,40.4167276],[-3.7038694,40.4167223],[-3.7038739,40.416717],[-3.7038783,40.4167118],[-3.7038828,40.4167065],[-3.7038873,40.4167012],[-3.7038828,40.4167065],[-3.7038783,40.4167118],[-3.7038739,40.416717],[-3.7038694,40.4167223],[-3.7038649,40.4167276],[-3.7038604,40.4167329],[-3.703856,40.4167382],[-3.7038515,40.4167435],[-3.703847,40.4167488],[-3.7038425,40.416754],[-3.7038381,40.4167593],[-3.7038336,40.4167646],[-3.7038291,40.4167699],[-3.7038246,40.4167752],[-3.7038202,40.4167805],[-3.7038157,40.4167858],[-3.7038112,40.416791],[-3.7038067,40.4167963],[-3.7038023,40.4168016],[-3.7037978,40.4168069]]},"properties":{"mode":"pdr:hw:absolute:snap","steps":40,"turns":1,"distanceMetres":28}},{"type":"Feature","geometry":{"type":"LineString","coordinates":[[-3.7037978,40.4168069],[-3.7038024,40.4168017],[-3.7038067,40.4167963],[-3.7038113,40.4167911],[-3.7038156,40.4167857],[-3.7038202,40.4167805],[-3.7038244,40.4167751],[-3.703829,40.4167699],[-3.7038333,40.4167645],[-3.7038379,40.4167593],[-3.7038422,40.4167539],[-3.7038468,40.4167487],[-3.7038511,40.4167433],[-3.7038557,40.4167381],[-3.7038599,40.4167327],[-3.7038645,40.4167275],[-3.7038688,40.4167221],[-3.7038734,40.4167169],[-3.7038777,40.4167115],[-3.7038823,40.4167063],[-3.7038866,40.4167009],[-3.7038819,40.4167061],[-3.7038777,40.4167115],[-3.7038731,40.4167167],[-3.7038688,40.4167221],[-3.7038642,40.4167273],[-3.7038599,40.4167327],[-3.7038553,40.4167379],[-3.7038511,40.4167433],[-3.7038465,40.4167485],[-3.7038422,40.4167539],[-3.7038376,40.4167591],[-3.7038333,40.4167645],[-3.7038287,40.4167697],[-3.7038244,40.4167751],[-3.7038198,40.4167803],[-3.7038156,40.4167857],[-3.7038109,40.4167909],[-3.7038067,40.4167963],[-3.7038021,40.4168015],[-3.7037978,40.4168069]]},"properties":{"mode":"pdr:hw:absolute","steps":40,"turns":0,"distanceMetres":28}},{"type":"Feature","geometry":{"type":"Point","coordinates":[-3.7037978,40.4168069]},"properties":{"mark":"checkpoint","label":"door","t":500,"mode":"pdr:own:gyro:snap"}},{"type":"Feature","geometry":{"type":"Point","coordinates":[-3.7037978,40.4168069]},"properties":{"mark":"entrance","t":500,"mode":"pdr:own:gyro:snap"}},{"type":"Feature","geometry":{"type":"Point","coordinates":[-3.7038873,40.4167012]},"properties":{"mark":"checkpoint","label":"aisle end","t":13100,"mode":"pdr:own:gyro:snap"}},{"type":"Feature","geometry":{"type":"Point","coordinates":[-3.7037978,40.4168069]},"properties":{"mark":"checkpoint","label":"door","t":26700,"mode":"pdr:own:gyro:snap"}}],"walk":{"format":"shop-walk","version":1,"id":"6f1c2a90-0d5e-4b7a-9c43-2f6a1d9e0001","name":"Straight aisle","startedAt":"2026-09-28T10:00:00+02:00","durationMs":27700,"source":{"platform":"web","app":"recorder-fixture-generator","appVersion":"1"},"holding":"flat","settings":{"stepMetres":0.7,"cellMetres":0.5},"origin":{"lat":40.4168069,"lon":-3.7037978,"accuracyMetres":10.2},"streams":{"motion":[[0,0.1159,0.1348,9.8007,-0.00085,0.01005,-0.00801],[10,-0.1961,0.1132,9.9375,0.00177,0.0042,-0.01603],[20,0.0371,0.0518,9.7015,0.00269,-0.0066,0.00777],[30,0.0089,-0.1033,9.8074,-0.00172,0.00546,0.01444],[40,0.0777,0.2027,9.7269,-0.00486,0.00181,0.00798],[50,0.0661,0.242,9.7891,-0.00341,-0.00122,-0.00473],[60,0.0263,0.0132,9.9287,-0.00427,-0.00771,0.00998],[70,0.0477,0.0992,9.9524,0.00839,-0.00742,0.01074],[80,0.2164,-0.0838,9.8891,-0.00861,0.00329,0.01526],[90,0.0252,0.1641,10.1254,-0.00158,0.00318,0.0111],[100,0.0211,0.1716,9.6101,-0.00145,-0.00191,0.00426],[110,-0.0559,-0.1521,9.8585,0.01243,0.00072,0.01256],[120,0.0647,0.0065,9.908,0.01018,-0.00855,-0.0019],[130,-0.1961,0.0243,9.882,-0.00406,-0.01017,0.0092],[140,-0.0705,-0.139,10.1188,-0.00748,0.00494,0.00924],[150,-0.0582,-0.1213,9.6264,0.00343,0.00738,0.00873],[160,-0.0987,-0.0069,10.074,0.00229,0.00293,-0.00655],[170,-0.1021,0.0656,9.9926,-0.00698,0.00999,0.00262],[180,-0.1474,0.1181,10.08,-0.0042,0.00181,-0.00144],[190,0.0347,0.0559,9.951,-0.00755,0.00835,-0.00514],[200,0.1672,-0.133,9.8736,0.00161,-0.01545,0.00381],[210,0.0119,0.1049,9.9052,0.00572,0.00959,-0.00116],[220,-0.1204,0.0431,10.0252,0.00776,-0.00721,0.01079],[230,-0.0053,-0.3551,9.9839,-0.00702,-0.01881,0.00665],[240,0.0122,0.0843,9.7003,-0.00746,0.00143,-0.00126],[250,-0.0192,0.109,9.7638,-0.00187,-0.00721,0.00319],[260,0.0168,0.245,9.8224,-0.00524,0.00559,0.01486],[270,0.1705,-0.1523,9.8727,0.00267,-0.00753,-0.01235],[280,-0.049,0.0522,9.8454,-0.00493,0.00643,0.01169],[290,-0.281,0.2011,9.6704,-0.00132,0.00393,0.00601],[300,-0.1265,0.1633,9.696,0.00992,0.00329,0.01049],[310,-0.0701,0.0186,9.77,-0.00253,-0.00701,-0.01187],[320,0.0444,0.0371,9.951,-0.00898,0.00781,-0.00669],[330,-0.1134,0.1495,9.7363,0.00982,0.01016,0.00963],[340,-0.0495,-0.0803,9.7888,0.00354,0.00577,-0.00146],[350,0.0394,0.0496,9.9298,-0.00712,-0.00927,-0.00623],[360,0.0356,0.19,9.7279,-0.00353,-0.00783,-0.00256],[370,0.0129,-0.0491,9.8678,-0.00491,-0.00502,-0.00718],[380,-0.0451,0.1009,10.078,0.01084,-0.00604,-0.00888],[390,-0.0446,-0.0014,9.6876,0.00632,0.00809,-0.00675],[400,-0.0316,0.0146,9.6384,0.00925,-0.00445,-0.00631],[410,0.1017,-0.0736,9.8069,-0.00141,0.00418,0.00276],[420,-0.0692,0.0319,9.8018,0.00067,-0.00374,0.00782],[430,-0.0994,0.0411,9.7594,0.01473,-0.01112,-0.01189],[440,0.0694,0.0433,9.7757,-0.00249,0.00673,-0.00399],[450,-0.0144,0.1543,9.8506,0.0054,-0.00591,0.01444],[460,-0.1814,0.0842,9.7874,-0.01765,-0.0084,-0.01578],[470,0.0338,0.0488,9.8088,0.00422,0.01631,0.00708],[480,-0.0282,-0.1622,9.6675,0.00016,-0.002,-0.01594],[490,-0.1395,-0.0194,10.0107,0.0061,0.01444,-0.01962],[500,-0.1678,-0.2149,9.9813,-0.01047,-0.00967,0.01302],[510,-0.0724,-0.0755,9.9529,0.00597,0.0014,-0.01189],[520,-0.1066,-0.1665,9.7662,-0.01094,0.00605,0.00816],[530,-0.0017,0.1305,9.7255,0.00456,0.00203,0.01233],[540,-0.1142,-0.2086,9.8299,0.00981,0.0081,0.00116],[550,0.104,0.0319,9.8823,-0.00126,-0.00872,0.01166],[560,-0.0921,-0.0048,9.5864,0.00464,0.00846,-0.01514],[570,-0.1868,-0.0668,9.9032,0.00908,-0.00828,-0.00089],[580,-0.1434,-0.152,9.7665,0.00885,0.00109,-0.00302],[590,0.2694,0.2552,9.8345,-0.00037,-0.00078,-0.00379],[600,0.1681,0.0047,9.7087,-0.00609,-0.00114,0.00133],[610,-0.0852,-0.03,9.9074,0.00664,-0.00118,-0.00536],[620,-0.0209,0.1528,9.5811,0.0057,-0.01191,0.01462],[630,0.215,0.0911,9.7687,-0.01195,-0.00045,-0.00345],[640,0.0975,0.1898,9.7178,0.00462,-0.00071,-0.00154],[650,-0.0083,-0.0599,9.7472,0.00421,0.0065,0.00908],[660,-0.0775,0.029,9.8905,0.00237,-0.00672,-0.01221],[670,-0.1534,0.0856,9.6574,-0.00328,0.01342,0.01436],[680,0.0282,-0.08,9.6343,-0.0022,-0.00837,-0.00359],[690,-0.0132,0.0592,9.7626,0.00488,0.00268,-0.00007],[700,0.0381,0.1267,9.8494,0.00891,-0.00018,-0.00189],[710,0.1689,-0.1168,9.7626,-0.00008,-0.00669,0.00128],[720,-0.1164,-0.0602,9.9127,0.00209,-0.01133,0.00939],[730,0.1516,-0.1953,9.6501,0.00608,0.00958,-0.00815],[740,-0.023,-0.0512,9.9633,-0.01044,-0.0125,0.00977],[750,0.1821,0.0957,9.9713,0.00187,0.00681,-0.00037],[760,0.182,0.0181,9.8719,0.01169,0.01599,-0.00359],[770,-0.0568,-0.3048,9.8474,0.00807,0.01281,0.00853],[780,-0.1323,0.0298,9.7633,-0.0071,0.00905,-0.00845],[790,0.0684,-0.0024,9.781,0.00369,0.00562,0.01394],[800,0.0469,-0.0943,9.9072,-0.01073,-0.01331,-0.00679],[810,-0.1618,0.1362,9.643,0.00718,0.00346,0.01038],[820,-0.1803,0.001,9.8126,-0.00759,-0.00954,-0.01084],[830,0.0043,0.0969,9.917,0.00391,0.00044,0.00455],[840,0.0439,-0.0392,9.7767,-0.00681,-0.01155,-0.00663],[850,0.0526,-0.0649,9.8236,-0.00566,0.01213,0.01668],[860,0.0649,0.1611,9.7581,-0.00748,0.00392,0.0034],[870,0.0456,0.1012,9.8286,-0.00681,-0.00316,-0.00373],[880,0.031,-0.0796,9.9145,0.00053,0.00346,0.02252],[890,-0.0121,0.0356,9.9158,0.00009,0.00474,0.00328],[900,-0.2251,0.1104,9.6752,0.01324,0.00853,0.0002],[910,-0.0597,0.0474,9.7208,0.00308,0.0089,0.0178],[920,-0.0588,-0.085,9.6704,-0.00373,-0.00654,-0.00898],[930,0.1125,0.0468,9.7545,0.01329,0.00034,0.00652],[940,0.0931,-0.1085,9.7968,-0.0031,-0.01335,0.00181],[950,0.1303,-0.0464,9.8995,0.00951,0.00129,0.00705],[960,-0.0294,-0.0026,9.7331,-0.00917,0.00572,-0.00461],[970,0.1281,0.0415,9.967,-0.0093,-0.00361,-0.00208],[980,0.0107,0.1153,9.6018,0.01032,-0.00667,0.00094],[990,-0.0558,0.0905,9.8335,-0.00066,-0.00916,-0.01017],[1000,0.1399,-0.0482,9.6556,0.01553,-0.00732,-0.00523],[1010,-0.1736,0.0388,10.0422,0.01834,0.00494,0.00687],[1020,-0.1246,0.0603,9.9335,0.00025,0.00125,0.01239],[1030,0.01,-0.0785,9.8664,0.0081,0.00951,0.01886],[1040,0.0763,-0.0584,9.6476,-0.01951,-0.00138,-0.00017],[1050,-0.0995,-0.1081,10.0028,0.00036,-0.00005,0.00318],[1060,0.1416,-0.0493,10.0628,-0.00099,-0.00714,-0.00914],[1070,-0.1291,-0.0158,9.8896,-0.00005,0.00666,-0.00017],[1080,-0.2623,-0.1263,9.6117,-0.00592,-0.00649,0.01029],[1090,-0.1054,-0.0516,9.8152,-0.0078,0.00274,-0.0018],[1100,-0.0502,-0.1054,9.7658,-0.01142,0.00353,0.00285],[1110,-0.1785,-0.0947,9.7443,-0.01311,-0.00666,0.0048],[1120,0.0682,0.0425,9.8022,-0.00357,0.0116,0.00286],[1130,-0.1737,-0.1552,9.5537,0.01483,-0.0008,0.00886],[1140,0.0893,0.1884,9.7748,-0.00177,0.00955,-0.0257],[1150,-0.1899,-0.0822,9.748,0.01894,-0.01154,0.00723],[1160,0.0026,-0.1672,9.6581,-0.00316,0.00632,-0.0033],[1170,-0.0369,-0.1039,9.8401,0.00097,-0.00602,0.0079],[1180,0.135,0.0985,10.1038,0.00498,0.00028,0.00214],[1190,-0.0876,0.0886,9.8355,0.00699,-0.00419,0.00315],[1200,0.0519,-0.0468,9.7084,0.00049,-0.00723,-0.01154],[1210,0.1821,-0.2028,9.8508,-0.01455,-0.00474,0.01618],[1220,-0.1372,-0.0355,9.9684,0.00253,0.00729,0.00114],[1230,0.1652,0.0387,9.8486,-0.00929,-0.01317,-0.00027],[1240,-0.0402,-0.0111,9.687,0.00366,-0.01306,0.0063],[1250,0.141,-0.0446,9.7228,0.00681,-0.00032,-0.01468],[1260,-0.4223,0.0803,9.8151,0.00588,-0.00833,-0.00305],[1270,-0.0571,0.0895,9.7702,0.00625,0.0044,-0.0001],[1280,-0.075,0.132,9.9189,0.0101,-0.00131,0.00671],[1290,0.0874,-0.0965,9.8663,0.00023,-0.01392,-0.00162],[1300,-0.0085,-0.0427,9.896,0.00467,0.00422,0.01698],[1310,-0.198,0.1637,10.0851,-0.01181,-0.00333,0.00611],[1320,0.0621,-0.2608,9.9406,0.00429,0.00185,-0.006],[1330,-0.0098,-0.1287,9.6992,-0.00982,0.01102,0.00317],[1340,0.0829,0.0663,9.5969,0.00901,-0.00306,0.00985],[1350,0.0828,0.1076,9.8627,0.00285,-0.00213,-0.00369],[1360,0.1112,-0.1208,9.6752,-0.01253,0.00875,-0.01272],[1370,-0.1051,-0.1071,9.8734,0.00745,0.0054,-0.00954],[1380,-0.2764,0.2289,9.8107,0.00487,0.02256,0.0135],[1390,0.1237,0.0889,9.7042,0.00724,0.00994,0.00687],[1400,-0.153,0.0844,9.836,-0.00687,-0.00935,-0.00167],[1410,-0.1266,-0.1856,9.806,0.00289,-0.00322,0.01639],[1420,0.0413,-0.0076,9.9006,0.00741,0.0026,0.00516],[1430,0.2018,-0.0951,9.6699,0.00081,-0.00249,0.00844],[1440,-0.1281,0.0084,9.7158,-0.01248,-0.00243,0.00648],[1450,0.039,0.1079,9.7709,-0.01252,-0.00253,-0.00363],[1460,0.0367,-0.2975,9.9409,-0.00121,-0.00169,-0.00107],[1470,0.0973,-0.0261,9.8338,0.00595,0.00438,-0.00514],[1480,-0.1269,0.0709,9.8327,-0.0177,0.00056,0.00722],[1490,-0.0735,0.0726,9.9127,-0.00297,-0.00257,0.00309],[1500,0.0545,-0.0805,10.0159,0.00393,0.0021,-0.00616],[1510,-0.1208,-0.1171,9.7248,0.01062,-0.01186,-0.0112],[1520,0.027,0.091,9.801,-0.00399,0.01587,0.00148],[1530,-0.0861,0.1182,9.8394,-0.00754,-0.00013,0.00698],[1540,0.2589,-0.0547,9.7018,-0.00249,-0.00128,0.00472],[1550,-0.0097,0.1688,9.8633,0.00118,-0.00776,-0.00762],[1560,0.1562,-0.1521,9.8546,-0.00511,0.01451,-0.00671],[1570,0.0798,-0.072,9.6004,0.00238,-0.00143,-0.00107],[1580,-0.1682,0.0542,9.9097,-0.00089,0.00498,-0.01303],[1590,0.1433,-0.0034,9.7344,-0.00732,-0.0112,0.00785],[1600,0.1008,-0.0135,9.9361,0.00442,0.0055,0.00588],[1610,0.0098,0.0435,9.8674,0.00187,0.00017,-0.00997],[1620,0.0921,-0.1196,9.9091,-0.02167,-0.00213,-0.00708],[1630,0.0209,-0.0268,9.7992,0.02517,-0.00793,0.00656],[1640,-0.0382,0.0259,9.6616,0.00857,-0.00545,0.00604],[1650,0.1141,0.0392,9.8721,0.01131,-0.00879,-0.00849],[1660,0.0644,-0.1685,9.8738,-0.00979,-0.01508,0.00426],[1670,-0.0751,-0.0262,9.662,-0.01509,0.01233,0.00263],[1680,-0.0993,0.0065,9.7199,0.00236,-0.0002,-0.00882],[1690,0.0122,-0.1311,9.69,-0.00597,0.00569,-0.01161],[1700,-0.0106,0.243,9.9469,0.00128,0.00093,0.00925],[1710,0.2543,0.0208,9.7798,0.00778,0.00035,0.00878],[1720,-0.1162,0.0675,9.9753,0.00518,0.01144,-0.00932],[1730,0.0037,0.0198,9.7736,-0.00876,-0.00344,0.00855],[1740,0.1072,-0.1438,9.8921,-0.0018,0.01344,-0.00201],[1750,0.0185,-0.067,9.8597,-0.00053,-0.01042,-0.00697],[1760,-0.11,0.1255,9.8374,-0.00935,0.00006,0.00608],[1770,0.0158,0.3311,9.7427,-0.01423,-0.00237,0.01265],[1780,0.0392,0.1097,9.8119,-0.00428,-0.00446,0.01302],[1790,-0.0856,0.0289,9.9921,0.00719,-0.00581,0.00127],[1800,-0.2176,0.1085,9.73,0.00007,-0.01017,0.01912],[1810,0.2442,0.0339,9.7013,0.00209,0.00582,0.00389],[1820,-0.0216,0.0571,9.7399,0.00312,-0.01182,0.00931],[1830,-0.2913,0.0372,9.7885,-0.00694,-0.00056,0.00416],[1840,0.1164,0.2387,9.8638,-0.00622,0.00253,-0.0009],[1850,-0.1892,-0.0975,9.6035,0.00376,-0.01182,0.00672],[1860,-0.0818,-0.1679,9.9774,0.00784,0.02081,0.00246],[1870,0.0839,0.1812,9.7414,0.00263,-0.00141,0.01208],[1880,-0.0775,-0.0525,9.5873,-0.00547,0.0146,0.01095],[1890,-0.1564,0.1044,9.7765,0.01644,-0.00342,-0.01414],[1900,-0.0817,0.025,9.639,-0.00532,-0.00737,-0.00056],[1910,-0.1206,0.0162,9.8434,0.01677,-0.01993,0.00145],[1920,0.119,-0.1945,9.792,0.00243,0.00556,-0.01066],[1930,0.1458,0.0175,9.9774,-0.00395,-0.01381,-0.00026],[1940,-0.1866,-0.0717,9.8833,-0.00761,0.00001,-0.00625],[1950,0.2516,0.0434,9.8384,0.00092,0.00734,-0.00167],[1960,-0.0732,0.186,9.8076,0.00144,0.01679,-0.00152],[1970,0.0819,0.0846,9.8299,0.01691,-0.0063,0.0008],[1980,-0.12,0.0343,9.6603,0.01557,0.00192,0.00214],[1990,0.0042,0.1046,9.6894,0.00434,0.00092,-0.00408],[2000,0.044,0.4088,9.7711,0.00178,0.00059,-0.12549],[2010,-0.0548,0.6896,9.9077,-0.00308,0.01109,-0.15406],[2020,-0.1171,0.423,10.3168,0.00329,0.00478,-0.13177],[2030,0.0024,0.5591,10.6178,-0.01251,0.00762,-0.15679],[2040,0.2125,0.6657,10.9073,0.00522,-0.00069,-0.14658],[2050,0.0676,0.704,11.3591,-0.00095,-0.00319,-0.14742],[2060,0.2321,0.5274,11.312,0.00573,-0.00895,-0.14442],[2070,-0.0389,0.5833,11.3683,0.00634,0.00789,-0.14473],[2080,-0.0112,0.5927,11.8755,-0.012,-0.00306,-0.14992],[2090,0.134,0.7428,12.0073,0.00078,0.00298,-0.1302],[2100,0.1375,0.5732,12.1536,-0.00077,0.0138,-0.11519],[2110,0.1619,0.5013,12.1616,0.00225,0.00051,-0.11871],[2120,0.2615,0.6023,12.0962,-0.0049,0.00113,-0.12619],[2130,0.3599,0.2807,12.1885,-0.00084,0.00652,-0.11027],[2140,0.2793,0.2468,12.4719,0.00468,0.0037,-0.09239],[2150,0.1521,0.2805,12.1272,-0.0114,-0.01195,-0.08702],[2160,0.2972,0.0884,12.308,0.0022,-0.0186,-0.08849],[2170,0.1883,0.251,12.1325,-0.01651,0.00493,-0.08309],[2180,0.228,0.0739,12.2492,0.0088,0.01167,-0.07168],[2190,0.2363,-0.0972,11.8484,-0.0102,0.00763,-0.07727],[2200,0.3497,-0.2045,11.7303,0.00536,0.00319,-0.05821],[2210,0.3519,-0.1122,11.8108,0.00437,-0.0026,-0.05928],[2220,0.3299,-0.1589,11.1756,-0.00025,-0.00456,-0.04157],[2230,0.4005,-0.3175,11.2746,-0.00432,-0.00922,-0.03562],[2240,0.2767,-0.3752,10.7338,0.00025,-0.01093,-0.02003],[2250,0.2123,-0.5012,10.6763,-0.00052,-0.00946,-0.02318],[2260,0.3223,-0.6435,10.3339,0.02154,0.00886,-0.01764],[2270,0.4781,-0.5756,9.8399,0.00109,0.00617,-0.01254],[2280,0.3444,-0.4952,9.7134,0.00139,-0.01185,0.00997],[2290,0.2616,-0.5088,9.4927,-0.00086,0.00607,0.00311],[2300,0.3113,-0.5776,9.0845,-0.00287,0.0229,0.01973],[2310,0.468,-0.6559,8.9798,0.00428,0.00083,0.02674],[2320,0.2087,-0.7692,8.3317,0.01212,-0.0094,0.03368],[2330,0.2752,-0.6989,8.2295,0.00447,-0.01462,0.04554],[2340,0.3552,-0.591,8.2674,-0.01245,0.00665,0.06481],[2350,0.1983,-0.5211,8.0918,0.01105,-0.00151,0.07175],[2360,0.2479,-0.6297,7.9711,0.0079,0.00749,0.07759],[2370,0.1386,-0.646,7.68,0.01146,0.00045,0.08762],[2380,0.4193,-0.3082,7.6087,0.00274,-0.00098,0.08813],[2390,0.5524,-0.514,7.1824,-0.00102,0.00379,0.08466],[2400,0.1552,-0.1989,7.5386,-0.00479,-0.00621,0.10004],[2410,0.3868,-0.0963,7.2549,-0.0094,-0.00969,0.10888],[2420,0.1811,-0.6177,7.4369,0.00453,0.00314,0.12123],[2430,0.1568,-0.3462,7.3013,-0.0054,-0.00237,0.11827],[2440,0.4823,-0.0473,7.3372,-0.00711,0.00089,0.12901],[2450,0.2359,-0.1441,7.3593,-0.01113,-0.00084,0.11959],[2460,0.0545,-0.0414,7.6273,-0.00103,-0.00268,0.13981],[2470,0.0052,-0.0009,7.848,0.00778,-0.00109,0.13035],[2480,-0.007,0.1055,8.0385,0.00551,-0.00113,0.12112],[2490,0.118,-0.0163,7.9559,0.00633,-0.00567,0.13679],[2500,0.1907,0.3087,8.3073,0.00686,0.01387,0.14406],[2510,0.2883,0.2937,8.5618,0.01561,0.00968,0.15203],[2520,-0.1254,0.3984,8.934,-0.00488,0.00949,0.13681],[2530,-0.0104,0.1884,9.0301,0.00447,-0.00782,0.14387],[2540,0.2553,0.4193,9.5499,0.00635,-0.00465,0.14156],[2550,-0.2136,0.4897,9.5038,-0.01078,0.00803,0.15748],[2560,0.0781,0.4717,9.8907,-0.00702,0.00405,0.14355],[2570,-0.1356,0.5093,10.162,0.00484,-0.00204,0.14844],[2580,-0.044,0.5349,10.6139,-0.01434,-0.00595,0.15467],[2590,-0.1298,0.6257,10.8487,0.00263,-0.00474,0.15259],[2600,-0.2155,0.6533,11.1101,0.00703,-0.007,0.13478],[2610,-0.1247,0.6925,11.2618,0.01613,0.01626,0.13911],[2620,-0.1588,0.4482,11.3947,0.01579,-0.00511,0.13351],[2630,-0.0631,0.6384,11.5925,-0.01311,0.00348,0.14319],[2640,0.0781,0.4127,11.9317,0.01323,0.00234,0.14604],[2650,-0.2391,0.2957,12.1537,0.00735,0.00596,0.13313],[2660,-0.1247,0.5236,12.0606,-0.00504,0.00059,0.11667],[2670,-0.0156,0.3707,12.2734,0.01951,0.00293,0.11334],[2680,-0.1206,0.4361,12.2636,0.00617,0.00967,0.121],[2690,-0.2111,0.3578,12.5287,-0.01106,0.00453,0.10927],[2700,-0.211,0.1286,12.186,0.00367,0.00329,0.1015],[2710,-0.0956,0.3452,12.2574,0.00816,-0.00165,0.08781],[2720,-0.3368,0.171,12.0462,-0.00353,0.00184,0.09307],[2730,-0.1879,0.0503,12.0963,-0.00551,0.01239,0.07502],[2740,-0.1887,-0.0973,12.1022,0.01043,-0.00827,0.0911],[2750,-0.3625,0.1608,11.8363,0.01487,0.00492,0.07298],[2760,-0.3489,-0.0696,11.652,-0.00521,0.00244,0.06731],[2770,-0.1656,-0.3298,11.6428,0.0055,-0.00078,0.04634],[2780,-0.4657,-0.0691,11.2762,0.00203,0.01685,0.05017],[2790,-0.2142,-0.4272,11.0674,-0.00678,-0.01379,0.02796],[2800,-0.2128,-0.3995,10.6908,-0.00284,0.00431,0.0234],[2810,-0.4702,-0.4176,10.4675,0.00689,-0.00074,0.00777],[2820,-0.2427,-0.435,10.1703,-0.00033,-0.00023,0.02186],[2830,-0.21,-0.4231,9.9897,-0.00596,0.01505,-0.0067],[2840,-0.4573,-0.6228,9.5928,-0.01199,0.0012,0.00271],[2850,-0.5146,-0.5888,9.2931,0.00123,0.00767,-0.01921],[2860,-0.2674,-0.4329,8.8444,0.00429,0.00123,-0.01523],[2870,-0.4657,-0.6445,8.8723,-0.00552,0.00098,-0.03046],[2880,-0.2712,-0.7919,8.5756,0.00392,-0.01768,-0.04081],[2890,-0.068,-0.5366,8.1597,-0.0074,0.0023,-0.05214],[2900,-0.2131,-0.5723,8.026,0.01108,-0.00493,-0.06053],[2910,-0.4133,-0.5404,8.0401,0.00221,-0.00934,-0.04909],[2920,-0.3541,-0.22,7.7518,0.00574,0.00328,-0.05982],[2930,-0.1945,-0.6958,7.7784,0.00459,-0.01185,-0.07078],[2940,-0.101,-0.4596,7.499,-0.01724,-0.00275,-0.08441],[2950,-0.3111,-0.6092,7.3399,0.0211,-0.01212,-0.07747],[2960,-0.356,-0.6659,7.6241,-0.00959,0.0027,-0.09194],[2970,-0.3054,-0.0711,7.1205,0.00115,-0.00448,-0.11667],[2980,-0.2804,-0.2531,7.3771,0.00019,-0.01283,-0.11642],[2990,-0.1674,-0.1558,7.4211,-0.00274,-0.00418,-0.09979],[3000,-0.0006,0.0236,7.3733,0.00162,-0.00583,-0.1163],[3010,-0.246,0.22,7.6346,-0.00904,-0.01737,-0.12543],[3020,-0.0471,0.1995,7.7678,0.00292,-0.00416,-0.12487],[3030,-0.1787,0.1078,7.8252,-0.00729,-0.00303,-0.12736],[3040,-0.0983,0.2064,8.0166,0.01914,0.00056,-0.13869],[3050,-0.1507,0.0578,8.1974,0.00409,0.00064,-0.1473],[3060,0.0738,0.0753,8.2852,-0.00178,0.00156,-0.15175],[3070,0.097,0.3093,8.5844,0.01635,0.00178,-0.13945],[3080,0.2153,0.3104,8.9629,0.0183,-0.00729,-0.15169],[3090,-0.0663,0.1523,9.4178,0.00616,-0.00514,-0.1505],[3100,-0.1034,0.5026,9.4055,-0.00171,-0.01866,-0.14194],[3110,0.0864,0.5248,9.751,-0.00991,0.00926,-0.13918],[3120,-0.1387,0.6029,9.87,-0.00043,0.00162,-0.15584],[3130,-0.2159,0.3461,10.3972,0.00001,0.00471,-0.13898],[3140,0.1729,0.3834,10.4715,-0.01321,-0.00153,-0.13965],[3150,0.0469,0.7707,10.7144,0.00489,-0.00411,-0.15797],[3160,0.0143,0.5489,11.0308,0.01827,-0.00472,-0.13857],[3170,0.2505,0.4511,11.3006,-0.00344,0.00923,-0.13978],[3180,0.0178,0.587,11.433,-0.0027,-0.00711,-0.13799],[3190,0.5508,0.4881,11.7555,-0.00818,0.01285,-0.1237],[3200,0.155,0.467,11.93,0.01381,-0.00756,-0.12778],[3210,0.228,0.5832,11.9614,0.00991,-0.00319,-0.12656],[3220,0.1947,0.3624,12.1527,-0.00411,0.00653,-0.10545],[3230,0.224,0.3792,12.2647,-0.00858,0.001,-0.11483],[3240,0.1267,0.3546,12.3515,-0.0042,-0.00563,-0.1113],[3250,0.2142,0.3387,12.3438,0.0032,-0.00128,-0.09479],[3260,0.1959,0.2199,12.3973,0.00489,-0.00944,-0.1002],[3270,0.3002,0.2542,12.4773,0.00668,-0.0112,-0.07877],[3280,0.2043,0.2709,12.1584,0.00257,0.00736,-0.0844],[3290,0.3764,-0.0952,11.8391,-0.00129,-0.01755,-0.08052],[3300,0.3363,-0.1867,11.7583,0.00165,0.00398,-0.08053],[3310,0.2014,-0.1552,11.5531,0.00161,0.00876,-0.05223],[3320,0.2756,-0.317,11.4411,-0.00207,-0.00318,-0.05322],[3330,0.4252,-0.2156,11.3644,-0.00283,-0.01527,-0.04475],[3340,0.1921,-0.1231,10.9064,-0.0038,0.00788,-0.04045],[3350,0.4052,-0.3203,10.8806,-0.00517,0.00758,-0.0249],[3360,0.44,-0.4064,10.5004,0.00113,0.00504,-0.01982],[3370,0.4539,-0.5841,10.3947,0.0066,-0.00647,-0.02074],[3380,0.3207,-0.6621,9.8598,-0.00193,-0.00729,0.00555],[3390,0.1226,-0.5203,9.7513,0.02068,0.00671,0.00827],[3400,0.4434,-0.5158,9.3934,-0.00928,-0.0079,0.00862],[3410,0.4218,-0.7281,9.237,-0.01461,-0.01839,0.01468],[3420,0.3935,-0.8086,8.8008,-0.00785,-0.00975,0.01968],[3430,0.4726,-0.535,8.6178,0.00018,0.00458,0.04359],[3440,0.5288,-0.5349,8.5337,-0.00747,-0.00108,0.05022],[3450,0.3708,-0.5502,8.1731,0.00632,-0.00694,0.06129],[3460,0.3643,-0.9523,7.9768,0.00153,-0.00132,0.06911],[3470,0.2804,-0.7176,7.8178,0.01827,-0.00551,0.06604],[3480,0.1914,-0.456,7.6255,0.01087,-0.00122,0.0767],[3490,0.2532,-0.5522,7.5018,0.00242,0.00094,0.08306],[3500,0.2075,-0.4109,7.2156,0.00062,-0.00683,0.09519],[3510,0.19,-0.4144,7.1777,0.00023,-0.00595,0.09094],[3520,0.1279,-0.4491,7.2523,-0.00597,-0.00477,0.10433],[3530,0.3717,-0.3667,7.3989,-0.00017,-0.00577,0.10881],[3540,0.2202,-0.112,7.3254,0.00536,0.00052,0.11389],[3550,0.2505,-0.0553,7.3984,-0.00693,0.01215,0.11391],[3560,0.0956,-0.2074,7.5889,-0.00356,0.00965,0.12194],[3570,0.2088,-0.0199,7.5597,0.00386,0.00856,0.11758],[3580,0.1394,0.1047,7.6697,-0.01073,-0.00224,0.13662],[3590,0.3367,0.2268,7.9436,-0.00242,0.01177,0.13837],[3600,0.1927,0.1036,8.0944,0.00012,-0.00837,0.15696],[3610,0.1047,0.3869,8.2156,-0.00475,-0.00817,0.14545],[3620,-0.0183,0.1774,8.832,-0.0088,-0.00871,0.14921],[3630,0.1821,0.3297,8.8813,-0.00379,-0.01204,0.14038],[3640,0.1292,0.3052,9.2012,0.01433,-0.00774,0.15931],[3650,-0.1482,0.4906,9.3276,0.00942,0.00229,0.15937],[3660,-0.0217,0.5156,9.6061,0.00178,0.0038,0.16072],[3670,0.1738,0.708,10.0009,0.00149,-0.0141,0.13814],[3680,-0.2242,0.4648,10.0709,0.00304,0.0041,0.14231],[3690,-0.1865,0.6732,10.2858,-0.00368,0.00179,0.15149],[3700,-0.165,0.4278,10.8938,0.00886,-0.00269,0.15504],[3710,0.0278,0.43,11.1322,-0.00504,-0.00707,0.1523],[3720,-0.1803,0.6462,11.4094,-0.00959,0.00013,0.14078],[3730,0.0051,0.4724,11.6081,0.00214,-0.00157,0.1453],[3740,0.1082,0.6343,11.5035,0.00641,0.00959,0.13954],[3750,-0.0336,0.6356,11.7784,0.0094,0.00083,0.14026],[3760,-0.237,0.329,12.0743,-0.01155,-0.00363,0.11798],[3770,0.0932,0.4907,12.1027,0.01042,-0.01696,0.12838],[3780,-0.3813,0.588,12.1604,-0.01116,0.00485,0.12702],[3790,-0.2587,0.3874,12.344,0.01045,-0.00731,0.10832],[3800,-0.1951,0.3896,12.2216,-0.00055,-0.00653,0.11569],[3810,-0.1148,0.2878,12.4109,0.00126,0.0001,0.11817],[3820,-0.0853,0.276,12.3165,0.0017,-0.00129,0.09955],[3830,-0.2414,-0.0004,12.2864,-0.00197,-0.00601,0.09776],[3840,-0.3383,-0.0797,12.1442,-0.01067,-0.00689,0.08959],[3850,-0.1851,0.1064,12.3188,-0.00003,0.02521,0.06916],[3860,-0.4996,-0.1383,11.7836,0.0027,-0.00125,0.06031],[3870,-0.4264,-0.0203,11.795,0.02216,0.01303,0.05766],[3880,-0.6181,-0.0749,11.5465,0.01684,0.00996,0.03887],[3890,-0.2918,-0.2619,11.2071,0.00641,-0.00457,0.03042],[3900,-0.4818,-0.4102,10.8832,-0.00881,0.01577,0.03369],[3910,-0.2636,-0.3485,10.9942,0.0048,-0.00886,0.01144],[3920,-0.3153,-0.3337,10.2496,-0.00477,0.00329,0.03008],[3930,-0.1885,-0.4904,10.1967,-0.00389,-0.00951,0.01764],[3940,-0.34,-0.4016,9.8794,0.00663,-0.00312,0.02182],[3950,-0.2867,-0.6148,9.6918,-0.00301,-0.00782,-0.00632],[3960,-0.4697,-0.5778,9.292,0.00059,0.00835,-0.02204],[3970,-0.4512,-0.5917,8.9136,-0.00656,0.0187,-0.01773],[3980,-0.24,-0.6506,8.932,-0.00215,0.00838,-0.04317],[3990,-0.5023,-0.6397,8.6817,0.00421,-0.01086,-0.04303],[4000,-0.2972,-0.4962,8.3063,0.00659,0.01407,-0.05622],[4010,-0.4483,-0.6559,8.0851,0.00373,-0.01005,-0.05848],[4020,-0.3119,-0.4712,7.747,-0.01165,-0.01483,-0.0491],[4030,-0.2971,-0.394,7.3987,-0.01525,-0.00749,-0.08791],[4040,-0.5814,-0.5636,7.5094,0.0113,0.00379,-0.06553],[4050,-0.1386,-0.5587,7.5877,0.01047,0.00444,-0.08217],[4060,-0.2359,-0.4521,7.3785,0.00647,0.00635,-0.10176],[4070,-0.3013,-0.3039,7.3364,0.00739,0.00693,-0.09418],[4080,-0.0897,-0.2999,7.4196,-0.00345,0.00622,-0.09214],[4090,-0.102,-0.0332,7.5252,0.00378,0.00444,-0.10927],[4100,-0.2527,-0.1485,7.3425,0.00554,0.01296,-0.11438],[4110,-0.1281,-0.2523,7.5761,0.00459,0.00482,-0.123],[4120,-0.2377,-0.0462,7.5028,-0.00799,-0.01599,-0.13604],[4130,-0.3855,0.032,7.6582,0.00641,0.00589,-0.11801],[4140,-0.1313,0.3035,7.9198,-0.00758,-0.00205,-0.13342],[4150,-0.0297,0.4309,8.089,-0.00011,0.0128,-0.13026],[4160,-0.1716,0.2928,8.2363,0.01431,0.0113,-0.14048],[4170,-0.0677,0.2382,8.6164,0.0011,-0.0148,-0.14199],[4180,-0.082,0.4991,8.9509,-0.00489,-0.01072,-0.13191],[4190,0.1817,0.3347,8.7175,0.00339,-0.00586,-0.14482],[4200,-0.1371,0.4928,9.3437,-0.00597,-0.00121,-0.15091],[4210,-0.2698,0.4956,9.3313,0.00603,-0.00813,-0.14002],[4220,-0.0202,0.5836,9.7625,0.00712,-0.00602,-0.14029],[4230,0.0266,0.6926,10.0503,-0.00915,0.00117,-0.15736],[4240,0.1638,0.3599,10.4745,-0.00333,0.00881,-0.13803],[4250,-0.1246,0.6316,10.6728,0.00348,-0.00422,-0.14388],[4260,0.1716,0.6045,10.9648,-0.00803,0.00379,-0.14429],[4270,-0.0054,0.6897,11.338,0.00704,0.00128,-0.12747],[4280,0.229,0.7753,11.5749,-0.01309,-0.00386,-0.14285],[4290,0.1,0.6128,11.5574,0.0016,-0.01589,-0.14067],[4300,0.1851,0.4127,11.7447,-0.00786,0.00012,-0.12385],[4310,0.3552,0.602,11.9335,-0.01023,-0.00242,-0.12885],[4320,0.1702,0.4768,12.03,-0.00102,-0.006,-0.12039],[4330,0.1982,0.5481,12.3683,0.00521,-0.00543,-0.11993],[4340,0.3553,0.3476,12.2817,0.00176,0.00772,-0.10823],[4350,0.2053,0.4985,12.3931,0.0074,0.00947,-0.12285],[4360,0.223,0.2885,12.2692,-0.0025,-0.00082,-0.10276],[4370,0.2773,0.3877,12.1809,0.00323,0.00526,-0.09119],[4380,0.1566,0.2742,12.1834,0.00306,0.01167,-0.08117],[4390,0.2928,0.2058,11.9976,-0.01387,-0.0053,-0.09032],[4400,0.1258,-0.1247,11.9947,-0.00107,0.00095,-0.06619],[4410,0.4048,-0.0712,11.9022,0.00226,-0.01004,-0.06549],[4420,0.5101,-0.1652,11.7321,0.00726,-0.00197,-0.04821],[4430,0.328,0.0043,11.6726,-0.01073,-0.00111,-0.05485],[4440,0.2738,-0.1366,11.4586,0.00107,0.00024,-0.04391],[4450,0.3001,-0.3564,11.0449,-0.01294,0.00294,-0.04132],[4460,0.4255,-0.5123,10.9876,0.01131,-0.00143,-0.03244],[4470,0.4445,-0.2832,10.4171,-0.00252,-0.00213,-0.02643],[4480,0.3864,-0.4725,10.2068,0.0074,0.00442,-0.02725],[4490,0.3554,-0.2736,10.1252,-0.01238,-0.00774,-0.01729],[4500,0.4717,-0.5366,9.6334,0.01651,-0.00819,0.0062],[4510,0.1756,-0.6301,9.4816,-0.01738,-0.00014,-0.00418],[4520,0.1276,-0.3643,9.147,0.00738,0.00224,0.0173],[4530,0.3463,-0.4023,8.8839,0.00915,0.01121,0.03016],[4540,0.3848,-0.3466,8.6222,0.00682,-0.00116,0.03067],[4550,0.5674,-0.4321,8.4629,-0.01622,-0.00203,0.03654],[4560,0.1332,-0.6311,8.123,-0.00789,0.01241,0.05865],[4570,0.3774,-0.6061,8.1044,-0.0071,-0.00639,0.06357],[4580,0.408,-0.5496,7.9764,-0.00434,0.00237,0.07191],[4590,0.3075,-0.3888,7.7804,-0.01246,0.00497,0.05841],[4600,0.5677,-0.3634,7.5217,0.01717,0.00544,0.08173],[4610,0.3052,-0.5332,7.4117,-0.0054,0.00776,0.08728],[4620,0.1676,-0.4848,7.4436,0.00865,0.00883,0.08807],[4630,0.2159,-0.3783,7.1435,0.01527,-0.01024,0.10272],[4640,0.2589,-0.2216,7.1601,0.00745,0.00963,0.10552],[4650,0.1954,-0.0256,7.3346,0.00218,0.0017,0.1172],[4660,0.1397,-0.2424,7.3831,0.00617,-0.00038,0.12092],[4670,0.2496,-0.1704,7.5567,-0.01474,-0.00681,0.11646],[4680,0.2371,-0.0565,7.3504,0.00083,-0.00979,0.12928],[4690,0.4965,0.1195,7.6726,0.00139,-0.01171,0.13051],[4700,0.1096,0.1671,7.9363,-0.00853,0.00466,0.14175],[4710,0.0915,0.2403,8.3496,-0.00106,-0.00516,0.14385],[4720,0.335,0.2905,8.3377,-0.00158,-0.01823,0.14993],[4730,-0.0371,0.24,8.5812,0.01468,-0.00569,0.16232],[4740,-0.1545,0.5456,8.7097,0.00072,0.00078,0.15273],[4750,0.0553,0.4172,9.1084,0.00466,0.00021,0.13954],[4760,0.0557,0.5656,9.2971,-0.00383,-0.01382,0.15499],[4770,0.0788,0.2395,9.6713,-0.01022,0.00439,0.15163],[4780,0.1469,0.6937,9.9259,0.01603,0.00726,0.15497],[4790,-0.0426,0.677,10.0597,0,0.00802,0.14726],[4800,-0.329,0.5597,10.3749,-0.00417,-0.00675,0.15093],[4810,0.0001,0.5336,10.9134,0.01133,0.00063,0.13277],[4820,-0.1405,0.6265,11.1063,0.00612,0.0083,0.14989],[4830,-0.3293,0.7525,11.0445,-0.00682,0.00257,0.13333],[4840,-0.2632,0.3711,11.4954,-0.00684,0.00872,0.1372],[4850,-0.2594,0.6648,11.6386,0.02003,-0.00232,0.13728],[4860,-0.1956,0.5883,11.8688,0.01246,-0.00534,0.14536],[4870,-0.1979,0.5108,11.8745,0.00325,-0.01302,0.13688],[4880,-0.0989,0.4186,12.1494,-0.00449,0.00015,0.12685],[4890,-0.0804,0.4433,12.3458,-0.01388,-0.00139,0.10764],[4900,-0.2929,0.66,12.4799,0.00179,-0.01145,0.10256],[4910,-0.2641,0.3561,12.4066,-0.01023,0.00214,0.1184],[4920,-0.3332,0.3342,12.2911,0.009,0.00485,0.10486],[4930,-0.4682,0.1355,12.306,-0.00562,-0.00037,0.09713],[4940,-0.1846,0.3028,12.3059,-0.00174,0.0047,0.08296],[4950,-0.2842,0.1397,12.1792,-0.00291,0.00484,0.0723],[4960,-0.1982,-0.1604,11.9617,0.00002,-0.00403,0.08627],[4970,-0.3788,0.078,11.966,0.00838,-0.00857,0.07086],[4980,-0.1699,-0.0744,11.6936,-0.00209,0.00867,0.06116],[4990,-0.4569,-0.0624,11.4766,-0.01275,0.00072,0.06322],[5000,-0.3652,-0.4664,11.1412,-0.00168,-0.00664,0.03717],[5010,-0.5217,-0.3494,11.0343,0.00188,0.00288,0.04097],[5020,-0.2779,-0.5031,10.6471,-0.00959,-0.01513,0.02944],[5030,-0.1471,-0.4126,10.6721,0.00839,-0.01071,0.03549],[5040,-0.3159,-0.2327,10.1238,-0.00201,0.00057,0.02318],[5050,-0.4434,-0.4554,9.9127,-0.00076,-0.00005,0.00909],[5060,-0.2391,-0.6287,9.5638,0.00425,-0.00913,-0.01326],[5070,-0.463,-0.706,9.5283,0.00579,0.00424,-0.01855],[5080,-0.3723,-0.5366,8.9011,0.00813,-0.00984,-0.0081],[5090,-0.3311,-0.5682,8.862,0.01142,-0.00429,-0.02592],[5100,-0.5387,-0.6942,8.514,-0.01062,-0.00391,-0.03983],[5110,-0.168,-0.729,8.2729,-0.00695,-0.00586,-0.04203],[5120,-0.1672,-0.6292,8.0694,-0.00441,-0.00778,-0.05567],[5130,-0.26,-0.6156,7.7345,-0.00611,-0.00705,-0.05975],[5140,-0.1236,-0.5611,7.7449,-0.00238,0.00631,-0.07632],[5150,-0.4774,-0.547,7.6804,-0.00168,0.00333,-0.08288],[5160,-0.0538,-0.5825,7.5022,0.00843,-0.00282,-0.08857],[5170,-0.1643,-0.3047,7.4413,0.00363,-0.0035,-0.09626],[5180,-0.2248,-0.1519,7.3736,-0.00538,-0.01192,-0.08234],[5190,-0.2746,-0.2934,7.4504,0.02386,-0.00144,-0.10917],[5200,-0.1901,-0.2614,7.3112,-0.00117,0.00649,-0.10291],[5210,-0.1359,-0.1715,7.3532,-0.00461,0.0056,-0.12282],[5220,-0.3428,-0.1964,7.2938,-0.01457,-0.01248,-0.11327],[5230,-0.2147,-0.1255,7.6883,0.0108,-0.00446,-0.12297],[5240,-0.2767,0.0674,7.7237,0.01356,-0.02079,-0.11681],[5250,-0.1575,-0.0154,7.875,-0.01295,-0.00208,-0.13619],[5260,-0.0025,0.1672,7.888,-0.01219,-0.00048,-0.13797],[5270,-0.1769,0.1136,8.2537,0.01272,0.00299,-0.13895],[5280,-0.1437,0.3446,8.2831,0.00372,-0.0064,-0.14072],[5290,-0.039,0.2433,8.7225,0.00194,0.00852,-0.14187],[5300,-0.0371,0.3938,8.8828,-0.00432,-0.01596,-0.13519],[5310,0.1434,0.3471,9.175,-0.00784,-0.00522,-0.13354],[5320,0.0828,0.3469,9.8418,-0.01602,0.00803,-0.1346],[5330,-0.0605,0.544,9.9237,-0.00187,-0.00151,-0.1526],[5340,-0.1068,0.303,10.3705,0.00744,0.00225,-0.15897],[5350,-0.0576,0.5554,10.4472,0.0003,0.00212,-0.15214],[5360,0.0509,0.5885,10.5673,-0.01054,-0.00873,-0.14743],[5370,0.2518,0.5209,10.8451,0.00285,-0.00233,-0.13774],[5380,0.196,0.7528,10.99,0.00884,0.00805,-0.13415],[5390,0.372,0.6619,11.4499,0.00046,0.0141,-0.14998],[5400,0.1089,0.7285,11.4749,-0.00165,0.00209,-0.12374],[5410,0.1522,0.5356,11.6316,0.00438,0.00254,-0.14475],[5420,-0.0428,0.7854,11.7532,-0.00481,0.00642,-0.11257],[5430,0.0642,0.3608,12.1945,-0.00027,0.00383,-0.12921],[5440,0.3315,0.3598,12.2285,0.00775,0.00131,-0.11635],[5450,0.4323,0.5149,12.2165,-0.00354,-0.01015,-0.12219],[5460,0.2428,0.2483,12.1386,-0.00698,0.01398,-0.10964],[5470,0.221,0.156,12.2981,0.00294,0.00291,-0.08353],[5480,0.2812,0.4309,12.4604,0.00302,-0.00154,-0.09753],[5490,0.2622,0.1055,12.0739,-0.00923,-0.01471,-0.10001],[5500,0.1504,0.2287,12.2827,-0.00529,0.0049,-0.07308],[5510,0.4854,0.1606,12.0692,0.00704,-0.00077,-0.07289],[5520,0.1236,-0.0177,11.9757,0.00908,-0.00453,-0.07241],[5530,0.5741,-0.1437,11.8704,0.00034,-0.00532,-0.05441],[5540,0.1603,-0.1681,11.5959,0.00436,-0.00866,-0.04972],[5550,0.3644,-0.0672,11.4208,-0.01201,-0.00021,-0.05599],[5560,0.3242,-0.2241,11.1059,0.00019,0.01053,-0.03728],[5570,0.3189,-0.2752,11.1265,0.00464,-0.00754,-0.02114],[5580,0.4698,-0.2041,10.3303,-0.00873,0.00793,-0.03055],[5590,0.2534,-0.4862,10.3697,0.00611,-0.00486,-0.00765],[5600,0.1542,-0.5171,10.1824,-0.0078,-0.00781,-0.00529],[5610,0.1964,-0.7575,9.7803,-0.02333,-0.00207,0.00739],[5620,0.4467,-0.4469,9.6142,0.01235,-0.00098,0.01007],[5630,0.3863,-0.5778,9.3367,0.00599,0.00748,0.0186],[5640,0.4578,-0.5165,9.2447,0.00974,0.00755,0.03216],[5650,0.4047,-0.7529,8.5724,0.00049,0.00917,0.02881],[5660,0.464,-0.4379,8.4557,-0.00664,-0.00306,0.04122],[5670,0.4928,-0.7334,8.0781,0.00242,0.01148,0.06297],[5680,0.3557,-0.6042,7.8167,-0.01634,0.00353,0.06129],[5690,0.1738,-0.6323,7.6485,0.00317,-0.00094,0.05486],[5700,0.318,-0.5942,7.5699,-0.01519,-0.01084,0.07595],[5710,0.3808,-0.5247,7.5902,-0.00083,-0.00268,0.07786],[5720,0.3963,-0.1747,7.5475,0.01002,0.00618,0.07251],[5730,0.4601,-0.3732,7.5349,-0.01473,0.01413,0.09307],[5740,0.1471,-0.4017,7.4723,-0.00736,-0.00188,0.10557],[5750,0.2656,-0.2815,7.4535,0.01472,0.00057,0.11191],[5760,0.2206,-0.0318,7.4127,0.00274,-0.00384,0.1034],[5770,0.4011,-0.1665,7.6268,0.00306,0.00113,0.12413],[5780,0.1422,-0.1797,7.5361,0.00507,-0.01309,0.12545],[5790,0.0875,-0.064,7.7805,-0.00152,-0.00083,0.13475],[5800,0.156,0.1518,7.5596,-0.005,0.00972,0.12666],[5810,0.3177,-0.0163,7.8811,0.00234,0.0043,0.14014],[5820,0.0598,0.1102,8.1026,-0.01241,-0.01217,0.13978],[5830,0.0711,0.4141,8.3836,0.01693,0.00903,0.1371],[5840,0.1645,0.5622,8.3192,-0.00168,-0.00409,0.14486],[5850,-0.1226,0.2742,9.0915,0.01143,-0.00661,0.13613],[5860,-0.1221,0.5454,9.0985,0.00406,-0.00898,0.1578],[5870,-0.0431,0.4591,9.4013,-0.01244,-0.01259,0.15786],[5880,-0.0044,0.4836,9.3604,-0.0008,-0.00262,0.1501],[5890,-0.0408,0.6172,9.871,-0.00981,-0.0022,0.14561],[5900,-0.0557,0.3991,10.2725,0.00732,0.00104,0.15565],[5910,-0.1635,0.4596,10.4696,0.00567,0.01486,0.15264],[5920,-0.0722,0.696,10.6771,-0.00023,-0.00732,0.13733],[5930,-0.2598,0.7868,11.0574,0.00061,0.00491,0.15668],[5940,0.1221,0.5736,11.1367,0.001,0.00625,0.14209],[5950,-0.0873,0.5375,11.581,0.00182,0.00528,0.14692],[5960,0.0205,0.8048,11.6212,0.00639,-0.0135,0.12941],[5970,-0.1525,0.4457,12.1382,0.00331,-0.01299,0.13638],[5980,-0.1102,0.6056,12.0976,0.00488,0.00438,0.13823],[5990,-0.2721,0.432,12.2246,0.0036,-0.0065,0.13412],[6000,-0.1296,0.4314,12.3749,0.01199,-0.01165,0.11366],[6010,-0.4244,0.1833,12.2999,-0.00413,0.0167,0.11222],[6020,-0.0523,0.2485,12.563,0.00073,0.00005,0.10783],[6030,-0.1212,0.0605,12.43,0.0013,-0.00891,0.08962],[6040,-0.4243,-0.0006,12.3966,0.00656,0.00131,0.08157],[6050,-0.4135,0.0089,12.12,0.01002,0.00322,0.09064],[6060,-0.4352,-0.237,12.1749,-0.00054,-0.00243,0.07545],[6070,-0.3563,0.071,11.9901,-0.00092,0.00141,0.06623],[6080,-0.4125,-0.1656,11.7453,-0.00398,-0.00598,0.07778],[6090,-0.2421,-0.1459,11.591,-0.0159,0.01181,0.06621],[6100,-0.3697,-0.2363,11.5244,-0.00613,0.00068,0.04218],[6110,-0.572,-0.3652,11.2623,-0.00029,-0.00279,0.03806],[6120,-0.6308,-0.2649,10.7178,0.00252,-0.00246,0.03633],[6130,-0.2516,-0.2832,10.7899,-0.00061,-0.00611,0.0297],[6140,-0.4201,-0.2297,10.5692,-0.00196,0.02057,0.00628],[6150,-0.4922,-0.2786,10.2424,0.00663,0.00212,0.00722],[6160,-0.2808,-0.4617,9.9087,-0.02012,-0.00016,0.00416],[6170,-0.3026,-0.6338,9.454,-0.01777,0.00509,-0.00368],[6180,-0.4287,-0.592,9.3598,0.0106,0.00136,-0.01913],[6190,-0.2752,-0.4957,8.921,-0.015,-0.01035,-0.01607],[6200,-0.4183,-0.7231,8.9083,0.00776,-0.01143,-0.02065],[6210,-0.3132,-0.6153,8.4923,-0.00866,0.01005,-0.03267],[6220,-0.1447,-0.7264,8.4406,-0.00816,-0.01023,-0.05585],[6230,-0.0995,-0.4912,8.1801,-0.00301,0.00484,-0.04912],[6240,-0.1163,-0.5183,7.9328,0.01239,0.00562,-0.05283],[6250,-0.0456,-0.4826,7.7496,0.0027,0.00952,-0.0799],[6260,-0.4918,-0.4839,7.486,0.00522,0.00785,-0.06166],[6270,-0.0556,-0.5682,7.4449,0.01691,0.00253,-0.08721],[6280,-0.0893,-0.3063,7.5607,-0.01408,-0.00199,-0.0917],[6290,-0.2491,-0.2353,7.1886,-0.00467,0.00737,-0.11156],[6300,-0.2728,-0.2826,7.3808,0.00141,0.00249,-0.09954],[6310,-0.3432,-0.3289,7.4118,0.00071,0.01011,-0.10361],[6320,-0.1028,-0.2225,7.3454,-0.00378,-0.00563,-0.11466],[6330,-0.2491,0.0004,7.5927,-0.00378,0.00479,-0.12609],[6340,-0.3038,-0.3419,7.5169,-0.00359,0.00173,-0.12039],[6350,-0.1084,0.0365,7.5307,0.00355,-0.0017,-0.11922],[6360,0.0503,0.1535,7.9584,0.00139,-0.01472,-0.13846],[6370,-0.0166,0.1759,8.3278,-0.01213,-0.00222,-0.14217],[6380,-0.0908,0.158,8.1242,-0.00737,0.01374,-0.14452],[6390,-0.183,0.2709,8.5016,-0.01344,0.00721,-0.14868],[6400,-0.04,0.3757,8.8321,-0.00121,-0.00411,-0.13751],[6410,-0.2045,0.351,9.0984,-0.0045,-0.0014,-0.14169],[6420,0.1019,0.4162,9.1431,-0.01214,0.00976,-0.14115],[6430,-0.1275,0.5349,9.4079,-0.01362,-0.01576,-0.15962],[6440,-0.1287,0.3163,9.809,-0.01579,0.02043,-0.14723],[6450,0.1023,0.3582,10.2259,0.00243,-0.00494,-0.15086],[6460,0.4185,0.7024,10.2299,-0.00186,0.00057,-0.14472],[6470,-0.0054,0.7172,10.6705,0.00483,-0.00275,-0.14216],[6480,-0.0449,0.3105,10.9998,-0.00413,-0.01769,-0.14178],[6490,0.016,0.7149,11.1877,-0.00562,-0.00262,-0.13037],[6500,-0.0232,0.6862,11.2943,-0.00597,0.00209,-0.12726],[6510,0.1198,0.2784,11.4178,-0.00748,0.00155,-0.12276],[6520,0.0364,0.5575,11.6188,0.0256,-0.0048,-0.12822],[6530,0.0029,0.5992,11.9995,0.01971,-0.00349,-0.12725],[6540,0.2108,0.6135,12.1252,0.00642,-0.00971,-0.12559],[6550,0.3469,0.4854,11.9852,-0.00116,0.00933,-0.13342],[6560,0.1768,0.5598,12.1288,0.00943,0.0047,-0.10914],[6570,0.3199,0.2552,12.269,0.00644,0.00576,-0.12039],[6580,0.1332,0.3617,12.3439,-0.01054,-0.00423,-0.09996],[6590,0.2005,0.2344,12.2782,0.00719,0.00459,-0.0819],[6600,0.4386,-0.0637,12.3738,-0.00737,-0.00856,-0.08777],[6610,0.3248,-0.0641,12.051,-0.0043,-0.00341,-0.07862],[6620,0.6135,-0.054,12.1939,0.00434,-0.00183,-0.06898],[6630,0.3195,0.0419,11.9162,0.00267,0.00502,-0.07028],[6640,0.207,-0.1032,11.85,0.0202,-0.00607,-0.04562],[6650,0.1532,-0.2812,11.5093,0.00734,-0.00108,-0.05097],[6660,0.3062,-0.134,11.4606,-0.0014,-0.00012,-0.04089],[6670,0.5059,-0.3863,11.1964,-0.00232,0.01308,-0.05848],[6680,0.3327,-0.4636,10.8324,0.01658,0.0064,-0.0314],[6690,0.107,-0.5181,10.6548,-0.00083,0.00753,-0.02098],[6700,0.2494,-0.5097,10.2186,0.00554,0.00576,-0.00986],[6710,0.5271,-0.4369,10.1614,0.00789,0.00385,-0.00799],[6720,0.3628,-0.7548,9.7284,0.00839,0.00399,0.00231],[6730,0.3375,-0.7062,9.6732,-0.01157,0.02789,0.0079],[6740,0.3777,-0.7744,9.1808,0.00211,-0.0001,0.01239],[6750,0.3172,-0.6579,8.9701,-0.00172,0.00799,0.02458],[6760,0.5935,-0.3905,8.7255,-0.00304,-0.00201,0.02739],[6770,0.0102,-0.4837,8.5596,0.011,0.00299,0.04138],[6780,0.4894,-0.841,8.2945,0.0023,0.00926,0.05703],[6790,0.3877,-0.4461,8.0111,-0.00155,-0.00607,0.07194],[6800,0.1207,-0.7166,7.8001,0.00564,-0.00938,0.06581],[6810,0.5508,-0.6248,7.4606,-0.0116,0.00236,0.07942],[6820,0.2017,-0.6686,7.6535,0.00474,0.0006,0.07839],[6830,0.3574,-0.3837,7.4522,-0.01012,0.00453,0.08825],[6840,0.1579,-0.3709,7.0562,-0.00448,-0.00179,0.08261],[6850,0.2328,-0.1964,7.3225,0.01034,0.00255,0.09838],[6860,0.3774,-0.211,7.4083,0.0047,-0.00186,0.12218],[6870,0.3038,-0.2185,7.3171,-0.00808,-0.00072,0.11598],[6880,0.3069,-0.2757,7.3349,-0.00172,0.00151,0.12888],[6890,0.1219,-0.0867,7.432,-0.01869,0.0085,0.11631],[6900,0.1237,-0.1406,7.7296,-0.00405,0.00004,0.12867],[6910,0.1648,0.1247,7.6001,-0.00918,0.0019,0.14441],[6920,0.4193,0.0237,8.148,-0.0094,-0.01585,0.13648],[6930,0.2423,0.2765,8.0982,0.00811,-0.0049,0.15656],[6940,-0.0286,0.3544,8.4801,-0.00678,-0.01451,0.12791],[6950,0.0226,0.0064,8.6266,-0.00197,-0.00418,0.14681],[6960,0.2555,0.2827,8.9461,0.00802,-0.00283,0.14169],[6970,-0.0121,0.4489,9.1134,-0.00185,-0.00353,0.15795],[6980,0.1195,0.3349,9.3889,-0.00271,-0.00994,0.14392],[6990,0.0736,0.6613,9.3528,0.00808,-0.0006,0.15632],[7000,0.0171,0.6917,9.9266,0.00489,-0.00046,0.15242],[7010,0.0086,0.5208,10.4805,-0.00003,0.00797,0.14405],[7020,-0.103,0.6582,10.4419,-0.00292,-0.01234,0.15539],[7030,0.0009,0.6778,10.724,0.00014,0.00098,0.13729],[7040,-0.114,0.5799,11.0068,-0.01028,0.00636,0.13631],[7050,-0.1879,0.6444,11.3072,0.00365,0.00147,0.13852],[7060,-0.0209,0.4674,11.4982,0.00907,0.00034,0.13003],[7070,-0.216,0.6113,11.4491,-0.00737,-0.00491,0.13945],[7080,-0.3007,0.4809,11.7984,0.0104,0.00217,0.14073],[7090,0.0368,0.2133,11.9051,-0.00464,-0.00808,0.13791],[7100,-0.1904,0.6574,12.1653,0.00021,-0.00316,0.13498],[7110,-0.334,0.3201,11.9634,-0.00265,-0.01691,0.12365],[7120,-0.0391,0.4905,12.3763,-0.01695,-0.00601,0.11249],[7130,-0.119,0.4305,12.6076,-0.01185,0.01252,0.10703],[7140,-0.1155,0.3803,12.1248,0.01656,0.00706,0.10782],[7150,-0.2569,0.2873,12.3122,0.00616,0.00641,0.10545],[7160,-0.2658,0.1148,12.2082,-0.0099,0.0198,0.10138],[7170,-0.2151,0.108,11.9885,0.00732,0.01325,0.10159],[7180,-0.2016,0.078,11.9961,0.00283,-0.00921,0.0796],[7190,-0.4408,0.0026,11.6245,-0.01346,-0.0138,0.05243],[7200,-0.3406,-0.2531,11.6143,0.00597,0.01479,0.05305],[7210,-0.383,-0.1227,11.4688,0.00775,0.00203,0.04777],[7220,-0.4755,-0.1537,10.9922,-0.00649,-0.00969,0.05054],[7230,-0.1915,-0.3894,11.0367,0.00394,0.00818,0.04571],[7240,-0.4247,-0.3896,10.6448,0.01321,-0.01687,0.02568],[7250,-0.3263,-0.3328,10.1736,0.00643,0.00422,0.01555],[7260,-0.3357,-0.6475,10.2621,-0.00296,0.00584,0.00819],[7270,-0.2301,-0.409,9.9529,0.0024,0.00472,-0.00155],[7280,-0.2056,-0.6234,9.6235,0.0142,0.00378,-0.00293],[7290,-0.4941,-0.6342,9.4571,-0.01087,-0.01063,-0.00746],[7300,-0.2342,-0.4316,8.9916,0.00903,-0.00158,-0.02694],[7310,-0.321,-0.7071,8.7846,0.00313,0.00376,-0.0303],[7320,-0.119,-0.6867,8.5495,0.0055,-0.0037,-0.03161],[7330,-0.4154,-0.8264,8.2511,-0.00671,0.01261,-0.04442],[7340,-0.3795,-0.6424,8.1804,-0.00857,-0.00476,-0.05943],[7350,-0.3112,-0.6853,7.9341,-0.00667,-0.00885,-0.05807],[7360,-0.3963,-0.7092,7.8268,-0.00177,-0.00286,-0.07172],[7370,-0.276,-0.6191,7.6964,-0.01442,-0.02178,-0.09138],[7380,-0.455,-0.5528,7.2342,0.00257,0.01369,-0.08014],[7390,-0.2107,-0.2416,7.3271,0.001,-0.00153,-0.08698],[7400,-0.1299,-0.3503,7.1374,-0.00508,0.00591,-0.09135],[7410,-0.3995,-0.2786,7.3471,0.00304,0.01099,-0.10002],[7420,-0.2435,-0.3539,7.3597,-0.00519,-0.00632,-0.11591],[7430,0.0036,-0.2525,7.2264,0.00107,-0.01633,-0.10744],[7440,-0.4916,-0.1255,7.5515,-0.00227,0.00953,-0.11753],[7450,-0.2643,0.0275,7.6166,0.00212,-0.00607,-0.12706],[7460,-0.0452,-0.0655,7.7384,0.0002,0.00089,-0.14416],[7470,-0.0288,0.2004,7.8602,0.00008,0.01392,-0.12822],[7480,-0.1304,0.1488,7.9624,-0.0001,-0.01095,-0.1428],[7490,0.0534,0.1779,8.2089,-0.01122,-0.0215,-0.1449],[7500,0.0676,0.1824,8.5124,-0.00912,-0.00458,-0.15072],[7510,-0.246,0.424,8.7822,-0.00249,0.00393,-0.1486],[7520,0.0417,0.2702,8.9573,0.00155,0.0118,-0.13602],[7530,-0.1744,0.3436,9.4015,0.00048,-0.003,-0.13409],[7540,0.159,0.4796,9.7036,-0.00489,0.00758,-0.1503],[7550,-0.0092,0.4558,9.8534,0.00537,-0.00882,-0.1457],[7560,0.0878,0.5952,10.2144,0.00055,-0.00052,-0.14287],[7570,-0.0358,0.4957,10.5466,0.01243,-0.00391,-0.13428],[7580,0.0531,0.5125,10.8944,-0.01604,0.00832,-0.14427],[7590,0.0189,0.7804,10.9649,-0.00463,-0.00592,-0.15263],[7600,0.2081,0.6143,11.3471,0.00734,0.01683,-0.1484],[7610,0.0188,0.6961,11.3485,0.00891,0.00599,-0.14516],[7620,0.0796,0.5405,11.6151,-0.00896,-0.01043,-0.13976],[7630,0.1301,0.5736,11.6167,-0.00408,-0.00161,-0.13257],[7640,-0.0671,0.4565,11.8716,0.00166,0.00336,-0.13319],[7650,0.1015,0.4306,12.1797,-0.01126,-0.00196,-0.12456],[7660,0.27,0.4575,12.3373,-0.00442,0.00037,-0.12002],[7670,0.2273,0.4068,12.1358,0.01281,0.00773,-0.11404],[7680,0.1116,0.4892,12.3602,-0.0069,0.01115,-0.10223],[7690,0.3884,0.3589,12.2762,-0.00425,0.00374,-0.09807],[7700,0.1617,0.0314,12.3597,0.00407,0.00163,-0.10241],[7710,0.2403,0.3273,12.3006,0.00279,-0.00025,-0.08525],[7720,0.2772,-0.0585,12.2713,0.0093,0.00336,-0.07184],[7730,0.2991,0.1213,12.0121,-0.01745,0.00306,-0.08845],[7740,0.268,-0.0897,11.9975,-0.00511,0.00734,-0.05717],[7750,0.3775,-0.3151,11.6269,0.00827,-0.00783,-0.05381],[7760,0.4164,-0.259,11.6482,0.00392,0.00286,-0.06516],[7770,0.2497,-0.2516,11.2077,-0.01339,0.00875,-0.05356],[7780,0.3289,-0.4647,11.0939,-0.00747,0.00561,-0.03545],[7790,0.4626,-0.363,10.9589,0.00049,0.01049,-0.02594],[7800,0.3023,-0.6119,10.8276,0.0068,0.00159,-0.01517],[7810,0.4023,-0.5475,10.3415,0.00939,-0.0167,-0.00425],[7820,0.3159,-0.5652,9.9373,0.002,-0.00395,-0.0194],[7830,0.2611,-0.5311,9.4302,-0.00444,0.00127,0.00967],[7840,0.3748,-0.5633,9.3179,0.01071,-0.00616,0.02105],[7850,0.454,-0.5692,9.0644,-0.00656,0.00854,0.03182],[7860,0.4832,-0.696,8.9158,0.00594,-0.01352,0.02913],[7870,0.3686,-0.7967,8.6978,-0.00769,0.00293,0.03366],[7880,0.287,-0.5869,8.3822,0.00218,-0.00946,0.06384],[7890,0.4464,-0.7276,8.3144,0.00015,0.00276,0.05332],[7900,0.4824,-0.5306,8.0258,-0.00131,-0.01207,0.06155],[7910,0.2676,-0.4523,7.7955,-0.00905,0.00315,0.06783],[7920,0.5054,-0.3667,7.5883,-0.0035,0.01419,0.07773],[7930,0.1592,-0.6203,7.4218,-0.00742,-0.01269,0.07594],[7940,0.0931,-0.6273,7.3995,-0.00327,0.00806,0.08931],[7950,0.2068,-0.2928,7.4189,0.0029,-0.00619,0.10811],[7960,0.2803,-0.3971,7.4527,-0.00464,0.00653,0.09028],[7970,0.4634,-0.2462,7.4072,0.01179,0.00582,0.10504],[7980,0.2444,-0.247,7.5116,-0.00565,-0.00845,0.10624],[7990,0.2768,-0.1881,7.6017,-0.00061,0.01391,0.12048],[8000,0.1533,-0.0263,7.6217,-0.00188,-0.00053,0.12601],[8010,0.2614,-0.1401,7.6364,-0.0003,-0.00148,0.13577],[8020,-0.0103,0.0392,8.0099,0.00139,-0.00328,0.13012],[8030,0.2545,0.2039,7.9772,0.00317,-0.00644,0.13716],[8040,0.1545,-0.018,8.2124,-0.01073,0.01086,0.15816],[8050,0.159,0.2444,8.3173,0.00912,0.00581,0.14258],[8060,0.0596,0.3033,8.6292,-0.0117,0.00107,0.14312],[8070,0.1348,0.4214,8.7127,0.00465,-0.01352,0.14844],[8080,0.0235,0.2106,9.0112,0.00276,0.00508,0.15447],[8090,0.0884,0.5418,9.235,-0.00058,-0.01225,0.15191],[8100,0.017,0.4241,9.675,0.00027,0.00255,0.15626],[8110,-0.2865,0.4564,9.8917,0.00458,0.00274,0.14182],[8120,0.0072,0.4915,10.1276,-0.00177,-0.00292,0.15318],[8130,-0.0541,0.9169,10.3406,-0.00989,-0.02265,0.1458],[8140,0.0248,0.4578,10.7434,-0.00375,0.01248,0.14971],[8150,-0.0886,0.4281,11.0064,-0.00116,0.00552,0.16084],[8160,-0.0309,0.5312,11.3198,0.00453,-0.00142,0.14371],[8170,-0.1122,0.6093,11.4578,0.0036,-0.00145,0.15256],[8180,-0.1198,0.5941,11.6164,-0.00311,0.01216,0.12959],[8190,-0.0067,0.4195,11.6485,-0.00377,-0.00497,0.13914],[8200,-0.1618,0.4949,11.9728,-0.01613,0,0.13133],[8210,-0.3029,0.3287,11.9229,0.00265,-0.01019,0.12531],[8220,-0.0684,0.302,12.1712,0.00855,-0.00437,0.11964],[8230,-0.0198,0.1945,12.1741,0.00366,0.00288,0.12123],[8240,-0.2697,0.3598,12.2381,-0.00948,0.00374,0.10424],[8250,-0.2604,0.2454,12.4154,0.00149,0.00698,0.11757],[8260,-0.255,-0.0148,12.1944,-0.01436,-0.00498,0.09748],[8270,-0.2969,0.0318,12.0929,0.00299,-0.00417,0.086],[8280,-0.3111,0.0907,12.1919,-0.00541,-0.01022,0.07803],[8290,-0.2056,-0.1156,12.1966,0.00122,-0.01695,0.06355],[8300,-0.3002,-0.3251,11.9978,-0.00348,-0.0003,0.07139],[8310,-0.3855,-0.2372,11.7152,0.01531,0.00388,0.05707],[8320,-0.3175,-0.022,11.455,-0.01012,-0.01531,0.045],[8330,-0.3223,-0.2616,11.072,-0.00561,-0.00838,0.033],[8340,-0.3622,-0.3019,10.8027,0.00673,-0.0127,0.03838],[8350,-0.5053,-0.1412,10.5088,-0.00645,-0.00572,0.02625],[8360,-0.4068,-0.3749,10.4342,0.01782,0.0024,0.02115],[8370,-0.3434,-0.5547,10.1439,-0.00337,-0.00108,0.00614],[8380,-0.3868,-0.5347,10.0345,0.00438,0.00569,0.00623],[8390,-0.3241,-0.6348,9.7568,0.00177,-0.00229,0.00476],[8400,-0.4167,-0.5832,9.0233,0.00358,-0.00426,-0.00333],[8410,-0.0384,-0.5386,9.0507,0.00211,-0.00994,-0.02348],[8420,-0.2211,-0.7698,8.7023,0.00588,-0.00211,-0.03694],[8430,-0.4419,-0.5641,8.6324,0.00476,-0.00635,-0.03345],[8440,-0.4465,-0.369,8.3407,0.00381,0.00494,-0.05255],[8450,-0.2752,-0.5679,8.1901,0.01603,0.0107,-0.04231],[8460,-0.2209,-0.9609,8.1376,-0.00776,0.01912,-0.06702],[8470,-0.374,-0.423,7.8225,0.00759,-0.00302,-0.07343],[8480,-0.4752,-0.3682,7.832,-0.00066,-0.00015,-0.07471],[8490,-0.3168,-0.3359,7.4814,-0.00279,-0.00091,-0.06515],[8500,-0.1285,-0.2765,7.4177,0.0004,0.00629,-0.0956],[8510,-0.3139,-0.5319,7.4867,0.00064,0.00826,-0.08778],[8520,-0.3529,-0.1819,7.43,-0.00514,-0.01236,-0.10299],[8530,-0.1247,-0.0744,7.3793,-0.01115,-0.01078,-0.10975],[8540,-0.079,-0.1402,7.5051,0.00248,-0.00017,-0.11719],[8550,-0.4587,-0.0147,7.4467,-0.00267,0.00803,-0.11866],[8560,-0.1338,0.0488,7.584,-0.00722,-0.00182,-0.1286],[8570,-0.2446,-0.0215,7.568,0.00725,0.00236,-0.1239],[8580,-0.0221,0.1052,7.7,-0.00154,0.00289,-0.14766],[8590,-0.2161,0.1606,8.0606,0.0088,0.00395,-0.1385],[8600,-0.0931,0.0574,8.1628,0.0061,0.00052,-0.13685],[8610,-0.0506,0.2778,8.3533,-0.00469,0.00069,-0.1319],[8620,0.067,0.4035,8.5692,-0.00064,-0.0065,-0.14949],[8630,0.0493,0.4182,9.1375,-0.00344,-0.00052,-0.15545],[8640,-0.1029,0.6152,9.3605,0.00256,-0.01119,-0.14362],[8650,0.0715,0.4667,9.5236,-0.00681,-0.01845,-0.1543],[8660,-0.0134,0.5433,9.5881,0.00787,-0.00368,-0.14711],[8670,0.0554,0.7254,10.1146,-0.00112,0.00203,-0.15086],[8680,0.036,0.7816,10.0867,0.0024,-0.01091,-0.15187],[8690,0.2069,0.5574,10.9477,-0.00978,-0.00106,-0.14691],[8700,0.1066,0.5966,11.0191,0.00672,0.00136,-0.14018],[8710,-0.0552,0.4587,11.401,0.00415,0.01118,-0.13992],[8720,0.0016,0.5611,11.3539,-0.01053,-0.0032,-0.1279],[8730,0.1091,0.7512,11.7001,-0.00245,-0.01129,-0.12854],[8740,0.3996,0.3984,11.8258,-0.00044,0.0002,-0.1267],[8750,0.1315,0.517,11.9153,0.00181,-0.00908,-0.13329],[8760,0.2158,0.4146,12.0638,-0.00414,0.00294,-0.12227],[8770,0.3564,0.3197,12.1064,-0.00058,-0.00142,-0.13008],[8780,0.0462,0.5055,12.4618,0.00086,0.0013,-0.11071],[8790,0.0658,0.362,12.0639,-0.00123,-0.0055,-0.11182],[8800,0.3797,0.3642,12.2063,0.00146,-0.00501,-0.10012],[8810,0.3679,-0.0627,12.3199,-0.0089,0.00265,-0.10499],[8820,0.2451,0.1475,12.3284,0.004,-0.01235,-0.08295],[8830,0.3165,0.0829,12.1953,-0.00849,-0.00233,-0.07376],[8840,0.3421,-0.0537,12.0774,-0.00308,-0.00266,-0.06737],[8850,0.2136,-0.1042,12.0174,0.00317,-0.00925,-0.07676],[8860,0.3429,0.0003,11.9146,0.00734,0.00062,-0.06249],[8870,0.4513,-0.0467,11.5799,-0.00555,-0.00779,-0.05899],[8880,0.4606,-0.1535,11.468,0.00748,-0.00181,-0.03351],[8890,0.3582,-0.143,11.1438,0.01026,0.0052,-0.03633],[8900,0.3299,-0.2031,10.9429,-0.01189,-0.00207,-0.02518],[8910,0.2887,-0.3968,10.4864,-0.00637,0.00786,-0.03105],[8920,0.5078,-0.6163,10.5392,-0.00174,-0.00455,-0.02521],[8930,0.3437,-0.4478,10.2751,-0.00199,-0.0106,-0.00084],[8940,0.4418,-0.543,9.7873,0.00269,0.00485,0.00358],[8950,0.2901,-0.3504,9.5188,-0.00293,-0.00786,0.00233],[8960,0.1257,-0.4311,9.2196,0.0073,0.00342,0.02741],[8970,0.4523,-0.6259,8.7482,0.00061,-0.00971,0.01528],[8980,0.2285,-0.7519,8.6387,0.00049,0.00474,0.03648],[8990,0.3958,-0.5753,8.4067,0.00123,-0.01164,0.05007],[9000,0.5778,-0.6066,8.0624,0.01141,-0.00066,0.06941],[9010,0.3168,-0.6221,8.067,0.01078,0.01622,0.06588],[9020,0.3567,-0.7048,7.9176,0.01642,0.00067,0.06297],[9030,0.34,-0.5299,7.684,0.00343,-0.01602,0.09064],[9040,0.3533,-0.4874,7.5134,0.00034,-0.00635,0.08314],[9050,0.3688,-0.6246,7.3405,0.01287,-0.00999,0.06881],[9060,0.2638,-0.1489,7.397,-0.00576,-0.00282,0.10205],[9070,0.5323,-0.1698,7.0651,0.01426,-0.01238,0.11012],[9080,0.2288,-0.2494,7.3755,0.00161,0.00485,0.12172],[9090,0.3979,-0.1557,7.4455,-0.00428,-0.00376,0.11614],[9100,0.2824,-0.3456,7.1752,-0.0178,0.01667,0.11845],[9110,0.0825,0.0707,7.64,0.00288,0.0138,0.12928],[9120,0.2191,0.0307,7.5545,0.01411,-0.01453,0.13776],[9130,0.2755,0.0413,7.6651,-0.00529,-0.01306,0.14049],[9140,0.0538,0.2452,8.0135,-0.00475,-0.0005,0.1509],[9150,-0.0101,0.0672,8.4334,0.00339,-0.00351,0.14682],[9160,0.1514,0.3867,8.3997,0.00335,-0.00236,0.12718],[9170,0.1743,0.1899,8.5527,-0.00679,-0.00287,0.14208],[9180,0.03,0.3177,8.8106,-0.00471,0.00517,0.15973],[9190,-0.098,0.5374,9.1673,0.01056,-0.00896,0.15877],[9200,0.0292,0.5417,9.3763,0.00263,-0.00573,0.14936],[9210,0.0119,0.4755,9.5839,0.00169,-0.00882,0.15652],[9220,-0.1646,0.6243,10.0959,-0.00301,-0.00318,0.14551],[9230,-0.1009,0.2924,10.1991,0.00755,0.00352,0.14404],[9240,-0.2836,0.4422,10.7223,-0.01438,-0.00231,0.15834],[9250,-0.2108,0.4307,10.8381,0.00642,0.00911,0.14998],[9260,0.0582,0.618,11.1111,0.00213,0.00151,0.13251],[9270,-0.2937,0.7441,11.0625,-0.00864,0.0066,0.12884],[9280,-0.1321,0.6785,11.3876,0.0143,0.0025,0.15082],[9290,-0.0503,0.7652,11.7476,-0.01145,0.02018,0.14129],[9300,-0.2855,0.644,11.8658,-0.00634,-0.00442,0.12496],[9310,-0.5116,0.607,11.9582,0.0068,-0.00283,0.12637],[9320,-0.2409,0.3647,12.0907,0.00357,0.00265,0.1276],[9330,-0.2793,0.3044,12.1864,0.00299,0.00829,0.11084],[9340,-0.2794,0.3494,12.1376,-0.00636,-0.01174,0.11023],[9350,-0.2022,0.325,12.2487,-0.0078,-0.00711,0.11223],[9360,-0.3052,0.3367,12.2123,0.01134,-0.01866,0.11302],[9370,-0.2833,0.2047,12.3408,0.00438,-0.00853,0.09758],[9380,-0.3063,0.2861,12.1479,0.00714,0.0043,0.07901],[9390,-0.347,0.0962,11.9979,-0.00194,-0.00828,0.07686],[9400,-0.2952,0.1924,12.0652,0.00566,0.0055,0.06163],[9410,-0.2578,-0.0623,11.7334,-0.00161,0.01296,0.06395],[9420,-0.2548,-0.0272,11.5689,-0.00621,0.00817,0.05379],[9430,-0.2577,-0.1347,11.5136,-0.00231,0.00035,0.05678],[9440,-0.3111,-0.2822,10.9652,0.00823,0.00199,0.04847],[9450,-0.3258,-0.2377,11.1511,-0.01138,-0.00664,0.04214],[9460,-0.36,-0.4583,10.582,-0.00333,0.00003,0.03537],[9470,-0.4305,-0.5087,10.4484,0.0057,0.0031,0.03192],[9480,-0.5159,-0.3551,10.0057,-0.00545,-0.00561,0.00793],[9490,-0.2569,-0.6031,9.8937,0.01768,-0.01035,-0.0025],[9500,-0.3315,-0.4792,9.6315,0.00654,0.00145,-0.00389],[9510,-0.1827,-0.5334,9.1207,-0.00215,0.00269,-0.01081],[9520,-0.2508,-0.4558,8.9393,0.0065,0.00536,-0.03106],[9530,-0.4297,-0.4878,8.717,-0.00432,-0.00349,-0.03397],[9540,-0.2379,-0.739,8.5027,-0.00222,0.00971,-0.0221],[9550,-0.244,-0.6691,8.3242,0.00343,-0.0011,-0.0553],[9560,-0.434,-0.4743,8.0628,-0.01226,-0.01184,-0.04904],[9570,-0.28,-0.6271,7.9094,-0.00499,-0.00009,-0.05031],[9580,-0.4327,-0.4591,7.6839,-0.00106,-0.00236,-0.07688],[9590,-0.4154,-0.4816,7.4439,-0.00368,0.00411,-0.07298],[9600,-0.384,-0.6546,7.2663,0.00752,0.00727,-0.07962],[9610,-0.5072,-0.4244,7.4556,0.01649,-0.0139,-0.08056],[9620,-0.2923,-0.4495,7.3491,0.00811,-0.00373,-0.09199],[9630,-0.081,-0.3313,7.0714,-0.00224,-0.00777,-0.09915],[9640,-0.0647,-0.3156,7.3053,-0.00479,-0.00287,-0.10043],[9650,-0.2189,-0.3078,7.5961,-0.00212,0.01517,-0.11516],[9660,-0.1612,-0.1771,7.3206,-0.0011,-0.00404,-0.1284],[9670,-0.0367,-0.1609,7.6899,0.01606,0.00274,-0.13022],[9680,-0.2761,-0.1413,7.6423,0.00962,-0.01452,-0.13138],[9690,-0.2051,0.1877,7.6745,0.01131,-0.0067,-0.13461],[9700,-0.2317,0.0285,7.9884,-0.00494,0.00107,-0.13971],[9710,-0.1421,0.3418,8.0073,-0.01015,0.00213,-0.13918],[9720,0.1013,0.1698,8.5408,0.00113,-0.00269,-0.13369],[9730,-0.1808,0.4191,8.6928,0.00687,0.00019,-0.13674],[9740,-0.0275,0.3785,9.0319,-0.00176,-0.01408,-0.1604],[9750,-0.032,0.4656,9.139,0.00675,0.00082,-0.12996],[9760,0.0853,0.6041,9.3356,-0.00466,-0.01611,-0.14744],[9770,-0.1673,0.6391,9.8365,0.01055,0.00684,-0.13507],[9780,0.0279,0.5258,9.9539,0.00224,-0.01679,-0.152],[9790,-0.0994,0.5783,10.6056,0.00469,0.00421,-0.13379],[9800,0.1379,0.5974,10.7748,0.00893,-0.00118,-0.15783],[9810,-0.0245,0.7649,11.0124,-0.00652,-0.01062,-0.14654],[9820,0.199,0.3351,11.1686,-0.00453,0.01394,-0.14881],[9830,0.316,0.5416,11.4798,0.00477,-0.00485,-0.13498],[9840,0.166,0.6642,11.4053,-0.00372,0.00069,-0.13117],[9850,0.1887,0.2475,11.7851,-0.00114,-0.00027,-0.14376],[9860,0.0717,0.3552,12.0626,-0.00151,-0.00975,-0.11644],[9870,0.1887,0.6335,12.2418,0.00152,0.0023,-0.13671],[9880,0.1452,0.453,12.2067,-0.00474,0.00104,-0.11463],[9890,0.3342,0.4529,12.4219,-0.01036,-0.01209,-0.12078],[9900,0.0059,0.3537,12.2985,0.01219,-0.00197,-0.11389],[9910,0.1201,0.2084,12.5202,-0.00168,0.00873,-0.10756],[9920,0.3355,0.2367,12.311,0.00507,0.00467,-0.09504],[9930,0.1546,0.1595,12.3629,-0.00291,0.00825,-0.0991],[9940,0.41,0.2779,12.1295,-0.0067,0.00214,-0.07553],[9950,0.2682,0.0624,12.0394,0.00526,0.00378,-0.08176],[9960,0.1862,-0.0057,11.9094,0.00462,-0.00179,-0.05971],[9970,0.1695,-0.051,11.7941,0.01329,0.00376,-0.07044],[9980,0.2207,-0.3347,11.465,0.00003,-0.01693,-0.04681],[9990,0.2585,-0.2564,11.279,0.01359,-0.01325,-0.03774],[10000,0.3147,-0.2145,11.3612,-0.00664,-0.0044,-0.03581],[10010,0.2404,-0.2158,10.9272,0.00364,0.00408,-0.01693],[10020,0.2486,-0.4405,10.6851,0.00084,0.00114,-0.01583],[10030,0.2717,-0.5136,10.4866,-0.0185,0.00115,-0.01663],[10040,0.3472,-0.5488,9.9895,-0.00144,-0.00326,-0.00551],[10050,0.2273,-0.4035,9.8807,0.00828,0.00503,0.01488],[10060,0.2029,-0.3739,9.526,0.01659,0.0034,0.01217],[10070,0.322,-0.6247,9.0344,0.00324,-0.00344,0.02155],[10080,0.2358,-0.5285,8.8473,0.00419,-0.01488,0.02017],[10090,0.12,-0.8386,8.6978,-0.00707,-0.01081,0.03522],[10100,0.5011,-0.5105,8.3906,-0.00665,-0.00375,0.04928],[10110,0.3371,-0.4525,8.301,0.00554,-0.00869,0.066],[10120,0.0682,-0.6636,7.9662,-0.00612,-0.00735,0.05173],[10130,0.4839,-0.5571,7.8609,0.00047,-0.00348,0.06729],[10140,0.3323,-0.6657,7.3061,0.00639,-0.00942,0.07201],[10150,0.2343,-0.513,7.3253,0.00927,-0.00699,0.07768],[10160,0.2503,-0.4087,7.5273,0.01151,0.00161,0.08363],[10170,0.3378,-0.3239,7.4626,0.00985,0.00025,0.09924],[10180,0.1309,-0.3122,7.2954,0.0083,0.00088,0.10345],[10190,0.2046,-0.367,7.3941,-0.00787,-0.00197,0.11003],[10200,0.0384,-0.0961,7.225,0.0124,-0.00202,0.10048],[10210,0.1979,-0.0928,7.2288,-0.00126,-0.00507,0.13022],[10220,-0.0775,-0.216,7.7415,-0.00391,-0.01336,0.12787],[10230,0.2297,0.148,7.8343,0.00808,-0.00795,0.13432],[10240,0.1581,0.2106,7.8092,0.0058,0.00162,0.13867],[10250,0.0277,0.211,8.0545,-0.00352,0.0049,0.13365],[10260,0.0868,0.3242,8.2135,0.00119,-0.01032,0.13533],[10270,0.3557,0.1708,8.5232,0.00536,0.00897,0.14813],[10280,0.327,0.3087,8.5534,-0.01097,-0.00088,0.14824],[10290,0.0893,0.2076,8.9834,-0.01091,-0.00011,0.13333],[10300,0.0708,0.407,9.1254,-0.01666,0.00515,0.14192],[10310,0.0172,0.5958,9.2854,-0.00397,-0.0006,0.13995],[10320,0.0313,0.4897,9.6068,-0.0083,-0.01115,0.16051],[10330,0.2172,0.4607,10.0656,0.01087,-0.00418,0.14695],[10340,-0.2884,0.5891,10.2632,-0.00454,-0.00422,0.14465],[10350,-0.269,0.5414,10.4592,-0.00511,0.00538,0.14702],[10360,-0.1347,0.7233,10.7518,0.00409,-0.00061,0.15073],[10370,-0.3954,0.3724,10.754,-0.00023,0.00771,0.14993],[10380,-0.2955,0.5132,11.2966,0.0023,0.00604,0.13335],[10390,-0.0356,0.4386,11.4347,0.00218,-0.00753,0.13805],[10400,-0.2296,0.6914,11.9793,0.00466,-0.01107,0.12239],[10410,-0.2196,0.2743,11.968,-0.01114,0.014,0.15244],[10420,-0.0156,0.3572,12.0385,-0.00583,-0.00821,0.12862],[10430,0.0813,0.3622,11.9874,-0.00325,0.01148,0.12649],[10440,-0.3428,0.2786,12.1768,0.00607,-0.00259,0.1236],[10450,-0.0551,0.3335,12.1766,-0.00185,0.00514,0.12249],[10460,-0.2901,0.2556,12.1522,0.00026,-0.00476,0.10953],[10470,-0.2056,0.3471,12.3512,-0.00161,-0.00202,0.10989],[10480,-0.1889,0.35,12.1742,-0.00941,0.00265,0.09065],[10490,-0.1085,0.3533,12.4117,0.0062,-0.00926,0.09031],[10500,-0.2467,0.2598,12.0209,-0.00175,0.00353,0.07885],[10510,-0.2609,0.0391,11.9515,0.00818,0.00659,0.07439],[10520,-0.3741,-0.0422,11.7984,0.00973,-0.00721,0.0672],[10530,-0.2586,-0.1794,11.5126,-0.00729,0.0075,0.0624],[10540,-0.162,-0.1021,11.3304,0.00825,0.00647,0.05045],[10550,-0.4426,-0.0328,11.2566,-0.01548,0.0041,0.0541],[10560,-0.4241,-0.3001,11.0822,0.01282,-0.00721,0.03248],[10570,-0.0565,-0.217,10.8236,0.00147,0.00078,0.02657],[10580,-0.5385,-0.3881,10.5572,-0.01524,0.01053,0.01306],[10590,-0.3293,-0.5063,10.2589,-0.00837,0.01692,-0.0045],[10600,-0.2005,-0.3175,9.8885,0.00533,-0.01777,0.01465],[10610,-0.3423,-0.4869,9.3789,-0.00383,-0.0077,-0.01754],[10620,-0.409,-0.546,9.6954,-0.01466,-0.01711,-0.00064],[10630,-0.4398,-0.6059,8.8028,0.0001,0.00916,-0.02521],[10640,-0.3636,-0.6265,8.764,-0.00793,0.0098,-0.01204],[10650,-0.2091,-0.5275,8.3142,0.01123,-0.00601,-0.04983],[10660,-0.2125,-0.3505,8.2818,-0.00305,0.00013,-0.04104],[10670,-0.3094,-0.5554,7.8973,-0.00098,0.0001,-0.05755],[10680,-0.1326,-0.4984,7.7559,0.01363,0.00307,-0.05586],[10690,-0.2573,-0.6933,7.8068,0.00231,0.00406,-0.06056],[10700,-0.1425,-0.4475,7.6526,-0.00117,-0.00462,-0.08426],[10710,-0.2464,-0.5024,7.6179,-0.00596,-0.00466,-0.07678],[10720,-0.4304,-0.5491,7.3375,-0.00098,0.00003,-0.08438],[10730,-0.1595,-0.2781,7.2824,0.00088,-0.00235,-0.10269],[10740,-0.3332,-0.417,7.2509,-0.00805,-0.00393,-0.09771],[10750,-0.1529,-0.2525,7.2936,0.00343,0.00256,-0.10249],[10760,-0.1417,-0.058,7.3847,0.01121,-0.01155,-0.11676],[10770,-0.1675,-0.182,7.4123,0.01964,0.00038,-0.11078],[10780,-0.4707,-0.0341,7.5871,-0.00768,0.01803,-0.12586],[10790,-0.221,0.1086,7.5308,0.00703,-0.00027,-0.12744],[10800,-0.3191,0.0763,7.8202,-0.00591,0.00119,-0.13058],[10810,-0.094,-0.07,8.212,0.00351,0.01792,-0.12537],[10820,-0.1208,0.2824,8.0747,0.01058,0.00035,-0.14348],[10830,0.1373,0.0316,8.3184,-0.00856,0.00148,-0.14298],[10840,0.04,0.2048,8.4429,0.00777,-0.01021,-0.14662],[10850,0.1387,0.4356,8.9021,-0.01017,0.00159,-0.14764],[10860,0.08,0.2061,9.2491,0.00448,-0.00292,-0.13274],[10870,-0.2533,0.2884,9.4376,-0.0033,-0.01197,-0.14883],[10880,-0.0118,0.6966,9.6577,-0.00181,0.00234,-0.14394],[10890,0.1066,0.442,9.998,-0.00568,-0.00475,-0.13164],[10900,0.0187,0.3877,10.2884,-0.00058,0.00759,-0.15974],[10910,-0.0133,0.6128,10.4174,0.00419,0.00721,-0.1445],[10920,0.1736,0.4984,11.0963,0.0171,-0.01417,-0.13322],[10930,0.2596,0.4555,11.2689,-0.00156,0.00385,-0.1438],[10940,0.1098,0.677,11.5195,-0.00864,-0.02132,-0.14014],[10950,0.1589,0.7847,11.5698,-0.00069,-0.02069,-0.14538],[10960,0.3342,0.4955,11.8119,0.00961,0.00239,-0.12637],[10970,0.4219,0.6289,12.1828,0.00979,0.00404,-0.14559],[10980,0.2315,0.6561,12.1013,-0.00569,0.01639,-0.11405],[10990,0.2457,0.3965,12.333,0.01064,-0.00075,-0.11605],[11000,0.1417,0.2753,12.1496,-0.0022,-0.00162,-0.11252],[11010,0.3018,0.501,12.0037,0.01821,-0.00688,-0.11599],[11020,0.2923,0.4219,12.205,0.00871,0.00181,-0.10203],[11030,0.2445,0.2525,12.1107,0.00229,-0.00409,-0.09915],[11040,0.3031,0.2484,12.3919,-0.00045,-0.01396,-0.08938],[11050,0.0801,0.0571,12.1907,-0.00605,0.00917,-0.08935],[11060,0.2056,-0.0554,12.0108,-0.01388,0.00263,-0.08024],[11070,0.4426,-0.0855,12.0352,0.00449,0.00142,-0.06538],[11080,0.423,-0.1824,12.0003,-0.00908,0.01246,-0.06169],[11090,0.4662,-0.1482,11.4407,0.01509,-0.00575,-0.05873],[11100,0.2608,-0.1783,11.5637,-0.00389,0.00561,-0.04425],[11110,-0.035,-0.3107,10.9369,0.00391,-0.00744,-0.03234],[11120,0.3624,-0.3708,10.8259,0.00006,-0.0029,-0.03424],[11130,0.2665,-0.3578,10.4168,-0.00673,-0.00589,-0.02097],[11140,0.4556,-0.2824,10.295,0.00225,-0.00846,0.00087],[11150,0.2739,-0.4049,10.1464,-0.0157,0.00238,-0.01115],[11160,0.2551,-0.3978,9.7893,0.00294,-0.00748,0.01182],[11170,0.3614,-0.4675,9.6315,-0.00493,-0.00592,0.01465],[11180,0.0883,-0.5985,9.0052,-0.00165,-0.00474,0.01966],[11190,0.3429,-0.7154,8.881,-0.00135,-0.0032,0.01754],[11200,0.1465,-0.5788,8.6046,-0.00119,0.00068,0.04704],[11210,0.4723,-0.5397,8.3263,0.00025,-0.00215,0.04128],[11220,0.506,-0.4856,8.0065,-0.00823,-0.00688,0.04735],[11230,0.403,-0.3891,8.0832,0.00962,-0.00063,0.04843],[11240,0.3855,-0.4586,7.7515,0.0035,0.00128,0.06125],[11250,0.2874,-0.3967,7.6495,0.01552,0.00933,0.06902],[11260,0.232,-0.729,7.4802,0.00745,0.01423,0.08094],[11270,0.3838,-0.2928,7.4303,0.00058,-0.00978,0.09673],[11280,0.3816,-0.4232,7.0313,-0.00444,-0.01265,0.08824],[11290,0.3178,-0.4314,7.2962,0.00541,0.01278,0.10673],[11300,0.2482,-0.2902,7.239,0.00628,0.00222,0.11587],[11310,0.2185,-0.177,7.1947,-0.00023,-0.01362,0.11694],[11320,0.1351,-0.3347,7.1978,0.00401,-0.00455,0.13023],[11330,0.1615,-0.1598,7.4722,0.01369,-0.00947,0.11088],[11340,0.2542,0.0773,7.7083,0.01395,-0.00851,0.12078],[11350,0.1296,0.0527,7.6441,-0.00106,0.01443,0.13682],[11360,0.1917,0.1246,7.7043,-0.00569,-0.00398,0.13079],[11370,0.2762,0.2603,8.112,-0.00729,0.00005,0.13185],[11380,0.0675,0.2498,8.2493,-0.00757,0.00172,0.14805],[11390,0.0616,0.2586,8.525,0.00082,0.01279,0.14378],[11400,0.348,0.2311,8.8029,-0.00954,0.00231,0.15645],[11410,-0.0912,0.5057,9.1875,0.00063,0.00887,0.16462],[11420,-0.0799,0.3786,9.3947,0.00711,0.00077,0.14968],[11430,-0.1436,0.4815,9.5907,0.00448,-0.01099,0.13439],[11440,0.0476,0.4467,9.6294,-0.01097,-0.00121,0.1513],[11450,-0.1802,0.5782,10.1889,-0.01816,-0.00138,0.15813],[11460,0.0561,0.6028,10.4926,-0.01034,-0.00453,0.1489],[11470,-0.4507,0.6969,10.7681,-0.00002,-0.00034,0.15097],[11480,-0.0157,0.7151,11.1141,0.00532,0.00607,0.13906],[11490,-0.262,0.668,11.3974,-0.0029,-0.00447,0.13251],[11500,-0.2481,0.517,11.4901,0.00018,0.00177,0.13193],[11510,-0.1909,0.5026,11.8156,-0.00406,0.00243,0.13823],[11520,-0.0864,0.7072,11.9066,0.00098,-0.00456,0.14588],[11530,-0.3772,0.4937,11.9424,-0.00435,-0.01177,0.14407],[11540,-0.1492,0.3891,12.1378,0.01021,0.00346,0.1248],[11550,-0.1917,0.5391,12.1634,-0.00486,-0.00594,0.12866],[11560,-0.0163,0.5424,12.3352,-0.01198,-0.00249,0.11914],[11570,-0.4043,0.3885,12.2444,-0.00303,-0.00273,0.11204],[11580,-0.3445,0.1245,12.4356,0.00583,0.00801,0.10498],[11590,-0.0713,0.2924,12.3363,0.00557,-0.00688,0.09954],[11600,-0.2869,0.1239,12.3676,-0.00051,-0.00246,0.08374],[11610,-0.391,-0.0455,12.0994,0.00489,-0.00719,0.095],[11620,-0.2757,-0.0689,11.7955,-0.00517,0.00463,0.07225],[11630,-0.2327,-0.0783,11.8222,-0.00479,-0.01054,0.07246],[11640,-0.1674,-0.133,11.3707,-0.00435,-0.00229,0.06165],[11650,-0.2423,-0.1866,11.3399,0.00492,-0.01518,0.04717],[11660,-0.2007,-0.284,11.3634,0.00256,0.00578,0.05411],[11670,-0.3592,-0.2645,10.9875,-0.01196,-0.01727,0.02959],[11680,-0.2641,-0.383,10.8892,0.015,0.00422,0.03615],[11690,-0.2994,-0.4457,10.7696,0.00718,-0.00082,0.02091],[11700,-0.2681,-0.392,10.049,-0.0112,-0.00425,0.02496],[11710,-0.1947,-0.4098,9.8706,-0.00738,-0.00411,-0.00397],[11720,-0.4934,-0.6804,9.5652,0.00361,0.00126,-0.00485],[11730,-0.2974,-0.2809,9.4687,0.00143,0.00161,-0.03194],[11740,-0.4219,-0.4497,9.2338,0.01594,0.00406,-0.03353],[11750,-0.461,-0.7375,8.7587,0.01112,-0.0011,-0.03075],[11760,-0.4302,-0.6345,8.5297,0.00531,0.00039,-0.03755],[11770,-0.462,-0.558,8.1584,0.00711,-0.00583,-0.05069],[11780,-0.1751,-0.7025,7.9771,0.00459,-0.0045,-0.05573],[11790,-0.345,-0.5796,8.0679,0.00249,-0.00677,-0.04468],[11800,-0.4384,-0.2608,7.5351,-0.00011,-0.00549,-0.07031],[11810,-0.0643,-0.2563,7.611,0.00006,-0.00056,-0.06158],[11820,-0.3663,-0.7288,7.4145,-0.00758,-0.01589,-0.07459],[11830,0.0191,-0.3856,7.1893,0.0029,-0.01239,-0.09708],[11840,-0.3902,-0.2374,7.2274,-0.00348,0.00733,-0.092],[11850,-0.3967,-0.2996,7.4323,-0.00498,0.01053,-0.10801],[11860,-0.3521,-0.1935,7.4354,0.00298,0.00224,-0.10129],[11870,-0.3217,-0.2201,7.4284,-0.0044,0.00279,-0.10501],[11880,-0.4249,-0.1381,7.4415,-0.00746,-0.00477,-0.1125],[11890,-0.0585,-0.0516,7.4563,0.00698,-0.00167,-0.10009],[11900,-0.1337,0.0754,7.6656,-0.00625,-0.01421,-0.13175],[11910,-0.1491,0.2477,7.9435,0.00621,0.01099,-0.12517],[11920,-0.1898,0.1876,7.9647,0.00708,-0.00034,-0.13557],[11930,-0.1851,0.2187,8.2254,0.00179,-0.01538,-0.14504],[11940,-0.1702,0.2993,8.5564,0.00317,-0.00042,-0.14321],[11950,-0.1468,0.4415,8.638,0.00337,0.01181,-0.13364],[11960,0.2822,0.3744,9.0655,-0.00417,0.007,-0.14634],[11970,-0.1466,0.3657,9.249,-0.00416,-0.00119,-0.13891],[11980,-0.1288,0.6504,9.5805,-0.00981,0.01681,-0.13632],[11990,0.011,0.4731,9.7718,-0.00133,0.00191,-0.15007],[12000,0.2055,0.3863,10.1404,-0.00506,-0.0052,-0.15041],[12010,-0.0838,0.4706,10.43,-0.00165,-0.00784,-0.15552],[12020,0.1805,0.6043,10.6746,0.01171,0.01589,-0.13042],[12030,0.0896,0.7195,10.8207,-0.00223,0.01237,-0.12544],[12040,0.0153,0.5778,11.1108,0.0082,0.0161,-0.15255],[12050,-0.0249,0.606,11.4992,0.00313,0.00678,-0.1452],[12060,0.197,0.6219,11.5073,0.00324,0.00891,-0.13455],[12070,0.1181,0.3703,11.7921,-0.0007,0.00954,-0.13358],[12080,0.2173,0.4123,12.0141,-0.00579,-0.01832,-0.12807],[12090,0.3869,0.3612,11.8703,0.00059,0.00368,-0.10915],[12100,0.079,0.459,12.2332,0.00162,0.00154,-0.12306],[12110,0.1061,0.3619,12.2679,0.00102,0.00879,-0.11454],[12120,0.1999,0.3694,12.3608,0.00961,-0.00855,-0.10566],[12130,0.2665,0.3262,12.059,0.00606,0.00453,-0.10476],[12140,0.298,0.2212,12.3378,-0.01172,-0.0168,-0.10154],[12150,0.2106,0.0923,12.2761,0.00499,0.01621,-0.08204],[12160,0.476,0.1507,11.9572,0.00302,-0.00638,-0.10011],[12170,0.412,-0.0465,12.0424,0.02657,0.0011,-0.0719],[12180,0.3204,-0.154,11.8695,-0.00537,0.01644,-0.06948],[12190,0.6243,-0.0894,11.5931,0.00474,-0.00644,-0.0632],[12200,0.4191,-0.0368,11.5155,0.00667,0.00397,-0.05035],[12210,0.2855,-0.1075,11.6282,-0.00511,-0.00183,-0.05379],[12220,0.6057,-0.257,11.1559,-0.00253,-0.00452,-0.01895],[12230,0.3508,-0.3667,10.6197,-0.00215,0.00611,-0.03435],[12240,0.4136,-0.4123,10.7676,-0.00984,-0.0075,-0.02393],[12250,0.3571,-0.4395,10.3735,0.00394,0.00542,-0.01106],[12260,0.0972,-0.3,10.0523,0.01756,0.00146,-0.0081],[12270,0.4206,-0.4563,9.7897,0.00503,0.01289,0.00724],[12280,0.3966,-0.7409,9.5094,0.02334,0.00226,0.00388],[12290,0.1358,-0.7256,9.3148,-0.00874,0.00285,0.01314],[12300,0.6506,-0.5037,8.7821,-0.00348,-0.00104,0.02052],[12310,0.2448,-0.7588,8.5109,0.01051,0.00351,0.00871],[12320,0.4555,-0.7829,8.4813,0.00156,-0.00178,0.03808],[12330,0.2578,-0.6392,8.1995,0.00127,-0.00107,0.06587],[12340,0.3316,-0.5774,8.1094,0.00559,0.00315,0.05636],[12350,0.4653,-0.6193,7.7812,0.01425,-0.00309,0.06704],[12360,0.3404,-0.3304,7.7964,-0.00055,-0.0034,0.07942],[12370,0.1679,-0.3748,7.319,-0.00688,-0.00102,0.08666],[12380,0.2859,-0.4846,7.3606,-0.00131,0.00279,0.09011],[12390,0.3244,-0.2607,7.1052,0.00226,0.00157,0.09154],[12400,0.1819,-0.4251,7.3177,-0.0051,-0.01422,0.09709],[12410,0.1894,-0.3273,7.3472,0.00226,-0.00528,0.11104],[12420,0.3102,-0.1428,7.3514,0.00724,-0.00809,0.11246],[12430,0.1695,-0.0355,7.2646,0.00123,-0.01084,0.11539],[12440,-0.0281,0.114,7.5217,-0.01374,0.00073,0.13958],[12450,0.1044,-0.0889,7.3879,-0.00076,-0.00257,0.13202],[12460,0.2802,-0.052,7.8312,0.00761,-0.01076,0.13126],[12470,0.2775,-0.014,7.8862,-0.00938,-0.00726,0.13957],[12480,0.2323,0.1318,8.0364,-0.00679,-0.00828,0.13335],[12490,-0.0457,0.1044,8.1823,-0.00784,0.00077,0.13697],[12500,0.2552,0.2611,8.5567,0.00549,0.00722,0.15208],[12510,0.2055,0.2506,9.0326,-0.01175,0.00096,0.14618],[12520,-0.0178,0.4119,8.9612,0.0048,0.00061,0.15316],[12530,0.1601,0.237,9.1974,-0.00388,0.00786,0.15069],[12540,-0.0014,0.6092,9.5899,-0.00385,0.00263,0.1613],[12550,-0.2779,0.5029,10.0476,-0.00751,-0.01686,0.13836],[12560,-0.1067,0.466,10.1777,-0.00343,-0.01619,0.154],[12570,0.0352,0.7004,10.7558,0.01535,-0.00043,0.13893],[12580,-0.1455,0.7148,10.9426,0.00287,-0.00501,0.14496],[12590,-0.0261,0.6794,11.0819,-0.00008,-0.00649,0.14618],[12600,-0.211,0.4708,11.1089,0.00271,0.00499,0.14202],[12610,-0.1174,0.8399,11.471,-0.00778,-0.0096,0.14111],[12620,-0.1345,0.5174,11.6001,0.01448,-0.01451,0.14133],[12630,-0.1598,0.5957,11.6991,0.00473,0.00939,0.13533],[12640,-0.0452,0.2556,11.9092,-0.00608,-0.00443,0.10034],[12650,-0.2069,0.3781,12.3568,0.00318,-0.00287,0.10811],[12660,-0.1076,0.5244,12.2033,0.00789,-0.00841,0.11145],[12670,-0.3984,0.2967,12.2056,-0.00995,-0.00453,0.11297],[12680,0.0386,0.2093,12.2697,-0.00925,0.0122,0.1085],[12690,-0.3059,0.1915,12.2894,-0.00024,0.00351,0.09399],[12700,-0.2283,0.0861,12.2062,0.01134,-0.0029,0.08857],[12710,-0.2613,0.1062,12.3104,-0.00819,-0.00306,0.08144],[12720,-0.5587,0.2677,12.1095,-0.01899,0.00436,0.07644],[12730,-0.1351,0.0757,11.9827,-0.00626,-0.00519,0.073],[12740,-0.3579,-0.0197,11.697,-0.01375,-0.0102,0.07153],[12750,-0.4235,-0.1293,11.5843,0.00462,-0.00068,0.06061],[12760,-0.5255,-0.2299,11.3154,0.00397,-0.0049,0.04811],[12770,-0.494,-0.3482,11.236,0.00616,0.00376,0.05356],[12780,-0.3629,-0.3892,10.8153,-0.01017,-0.01876,0.04249],[12790,-0.5067,-0.2976,10.6228,0.0177,-0.00138,0.02639],[12800,-0.233,-0.5024,10.3881,-0.00546,-0.01122,0.02223],[12810,-0.2222,-0.2214,10.0831,-0.01096,0.00564,0.0185],[12820,-0.3165,-0.4547,9.8702,-0.00919,-0.00287,0.01023],[12830,-0.3587,-0.4715,9.5781,-0.00506,0.00089,-0.00297],[12840,-0.3269,-0.4483,9.2328,0.01174,0.01041,-0.01615],[12850,-0.0178,-0.4353,8.8111,0.00231,-0.0119,-0.03194],[12860,-0.441,-0.762,8.6505,-0.0057,-0.00306,-0.03635],[12870,-0.3926,-0.7941,8.5291,-0.00399,-0.02005,-0.03154],[12880,-0.2672,-0.3783,8.2673,0.00013,-0.00153,-0.02695],[12890,-0.1086,-0.4406,8.2018,0.00674,-0.01284,-0.05563],[12900,-0.308,-0.6138,7.7283,-0.00424,0.00534,-0.07344],[12910,-0.3778,-0.5329,7.7123,0.00939,0.011,-0.05283],[12920,-0.356,-0.4636,7.5836,0.01838,-0.00726,-0.07217],[12930,-0.2845,-0.2211,7.538,0.00349,0.00632,-0.08002],[12940,-0.4537,-0.3309,7.4374,-0.00917,0.00216,-0.07266],[12950,-0.2561,-0.2008,7.1379,0.01268,-0.00924,-0.09119],[12960,-0.2213,-0.247,7.4223,0.00217,-0.01132,-0.11559],[12970,-0.1336,-0.2855,7.1778,0.00811,0.00835,-0.11828],[12980,-0.3568,-0.3222,7.1315,0.00649,-0.01939,-0.11806],[12990,-0.2892,-0.0446,7.3991,0.00946,-0.00444,-0.11567],[13000,-0.3687,0.0409,7.4244,-0.00692,0.00164,-0.11996],[13010,-0.0447,-0.1031,7.517,-0.01025,0.0028,-0.13685],[13020,-0.0933,0.0629,7.8552,0.01155,-0.00223,-0.11493],[13030,-0.1918,0.0829,8.1731,-0.002,0.00126,-0.13522],[13040,-0.306,0.3183,8.177,-0.01024,0.01779,-0.13144],[13050,-0.0145,0.2545,8.4006,-0.00091,-0.00086,-0.12629],[13060,0.1247,0.1248,8.6454,0.01944,-0.00615,-0.16086],[13070,-0.3378,0.3034,8.9046,0.00038,-0.00897,-0.14526],[13080,-0.1447,0.3294,9.2,-0.01282,-0.01336,-0.13828],[13090,0.0456,0.5365,9.6216,0.00323,0.00152,-0.14777],[13100,-0.1064,0.1014,9.7576,-0.01433,0.00402,0.00163],[13110,-0.1052,0.0626,9.7596,-0.00715,-0.00743,0.00649],[13120,0.0961,0.2737,9.7553,0.00919,-0.00581,0.00257],[13130,0.1085,0.049,9.8535,0.02134,-0.00866,0.00373],[13140,0.0961,0.0689,9.7609,-0.00482,-0.00742,0.00103],[13150,-0.1297,-0.0695,9.7402,-0.00086,0.00124,-0.02007],[13160,-0.0225,-0.0423,9.7512,-0.00658,0.00243,-0.04308],[13170,0.0512,-0.0484,9.9485,-0.00836,-0.00894,-0.02131],[13180,0.0611,0.0333,9.7945,0.00153,-0.01571,-0.04042],[13190,0.1304,-0.0937,9.8314,0.00625,0.00009,-0.06207],[13200,0.0347,0.0126,9.8036,-0.01186,-0.01264,-0.06198],[13210,-0.103,-0.0106,9.8829,0.00493,-0.00653,-0.08464],[13220,-0.0208,0.0072,9.7018,0.01,0.00743,-0.11901],[13230,0.0317,-0.135,9.9207,-0.01093,-0.00446,-0.12721],[13240,-0.1762,-0.171,9.7892,0.00497,0.01562,-0.14017],[13250,0.1288,-0.0129,9.689,-0.00345,-0.01205,-0.17623],[13260,0.0188,0.0931,9.8573,0.0144,0.00916,-0.1941],[13270,0.0924,-0.0186,9.7454,0.01291,-0.00507,-0.21296],[13280,0.1191,-0.071,9.8333,-0.00001,-0.00367,-0.24498],[13290,0.0705,0.0667,9.9862,-0.00156,0.00127,-0.27486],[13300,0.075,0.0278,9.6976,-0.00022,0.01294,-0.30769],[13310,0.1391,-0.1125,9.9288,0.00037,0.00526,-0.33946],[13320,0.1155,0.0692,9.4932,0.00227,-0.00977,-0.35571],[13330,-0.021,-0.063,9.7928,0.01122,-0.00828,-0.3915],[13340,-0.3111,0.0868,9.9003,-0.00243,0.01034,-0.41364],[13350,0.1381,0.1148,9.7259,0.00154,0.00506,-0.45974],[13360,0.2132,0.0814,9.8136,-0.001,0.00706,-0.49367],[13370,-0.0747,0.1733,9.8791,0.00229,-0.00501,-0.52736],[13380,0.0791,-0.1165,9.8914,-0.00176,0.01251,-0.56672],[13390,-0.1067,-0.0059,9.6922,0.00827,0.00976,-0.59139],[13400,-0.0458,-0.0647,9.973,0.00387,0.00789,-0.64469],[13410,-0.0113,0.2181,9.9103,0.01268,0.01075,-0.68129],[13420,-0.0043,-0.1191,9.7019,0.00407,0.00558,-0.72243],[13430,-0.0491,0.0149,9.9122,-0.00823,-0.00476,-0.77974],[13440,0.1832,-0.2164,9.8149,-0.00629,0.00763,-0.80394],[13450,-0.0175,-0.0446,10.0282,-0.01345,-0.00182,-0.84416],[13460,0.0698,0.1881,9.8534,-0.01024,0.0094,-0.88298],[13470,0.1939,-0.0923,9.7552,0.00042,-0.01004,-0.92791],[13480,0.1699,0.1884,9.6112,0.00291,-0.00183,-0.9978],[13490,0.0084,0.0162,10.1323,-0.00129,0.00002,-1.05023],[13500,0.0005,0.0336,9.7729,-0.01123,0.01304,-1.07038],[13510,0.0969,0.1187,9.5874,0.00383,-0.00655,-1.14368],[13520,-0.0267,-0.2083,9.7958,-0.00595,-0.00734,-1.17485],[13530,-0.086,-0.0607,9.7951,-0.00994,-0.00125,-1.22893],[13540,-0.0921,-0.0138,9.8204,-0.00519,0.01058,-1.27987],[13550,0.2191,0.1755,9.7066,0.00635,0.00602,-1.32584],[13560,-0.1835,-0.0439,9.6849,0.00605,0.00788,-1.37023],[13570,0.0005,-0.0595,9.7932,0.00256,-0.00682,-1.42037],[13580,-0.027,-0.1902,10.0079,-0.00569,-0.01024,-1.47113],[13590,-0.1594,-0.0449,9.5703,-0.00278,-0.00335,-1.53008],[13600,-0.1277,0.0313,9.7412,0.00935,-0.00172,-1.5684],[13610,-0.1032,0.0105,9.8295,-0.00399,-0.00988,-1.61585],[13620,-0.0292,-0.1596,9.8982,0.00692,-0.00522,-1.66506],[13630,0.068,-0.0766,9.8861,-0.00301,-0.00886,-1.72509],[13640,-0.0989,0.2475,9.8924,-0.00719,0.00684,-1.76959],[13650,-0.095,0.1082,9.5999,-0.00067,0.00414,-1.8194],[13660,0.0071,0.0728,9.8308,0.00569,-0.01499,-1.87327],[13670,-0.0746,-0.0145,9.8096,0.00371,0.00749,-1.90362],[13680,0.0679,-0.2488,9.975,-0.01125,0.0094,-1.94979],[13690,-0.1029,0.0559,9.8153,0.00085,-0.00494,-2.0042],[13700,0.1121,-0.0293,9.8432,-0.00582,-0.0034,-2.05257],[13710,-0.1497,0.0319,9.7635,-0.00228,0.00604,-2.10617],[13720,0.0617,-0.0354,9.8638,0.00248,-0.01366,-2.1419],[13730,0.0028,-0.0074,9.7297,0.00443,-0.01303,-2.19259],[13740,0.0465,0.1748,9.6866,-0.00542,0.00472,-2.23951],[13750,-0.0335,-0.2628,9.8291,0.00186,-0.00453,-2.28343],[13760,0.1038,-0.1359,10.1943,0.00521,0.00314,-2.31409],[13770,-0.0533,0.009,9.6448,0.00778,0.0031,-2.37916],[13780,0.1257,0.1309,9.7074,0.00422,-0.0007,-2.39773],[13790,-0.213,0.0351,9.7145,0.00194,0.00394,-2.45676],[13800,-0.0532,0.0112,9.5999,0.00216,0.00818,-2.50395],[13810,0.0232,0.0667,9.5573,0.00148,-0.01123,-2.52603],[13820,0.1713,0.2146,9.799,-0.01146,0.00399,-2.56563],[13830,-0.0339,0.084,9.9299,0.01089,-0.0078,-2.60231],[13840,-0.0556,-0.08,9.6524,0.00266,0.00569,-2.66022],[13850,0.0175,0.0364,9.7146,0.00149,-0.00968,-2.68213],[13860,-0.006,0.1036,10.0404,0.00185,-0.00438,-2.72011],[13870,-0.0614,0.0034,9.731,-0.01007,-0.0022,-2.76036],[13880,0.0945,0.0723,9.9386,0.00597,0.00006,-2.78009],[13890,0.036,0.1635,9.951,0.00944,-0.00659,-2.80391],[13900,-0.0383,0.1121,9.5674,0.00334,0.00926,-2.85019],[13910,0.0803,0.0657,9.5272,0.00123,-0.00788,-2.86031],[13920,0.1735,-0.0008,9.8522,0.00158,-0.01623,-2.89012],[13930,-0.0712,0.0735,9.8364,-0.01338,-0.00389,-2.92231],[13940,-0.1452,-0.1988,9.8993,0.00344,0.00994,-2.95111],[13950,0.1961,0.0252,9.8234,-0.0008,-0.01233,-2.98133],[13960,0.0831,-0.049,9.7661,-0.00904,-0.00753,-2.99196],[13970,0.1114,-0.0572,9.8383,-0.01209,-0.0111,-3.00323],[13980,0.0297,0.0498,9.5628,0.00208,-0.01149,-3.03224],[13990,-0.0897,0.0981,9.7883,0.00354,0.01105,-3.03239],[14000,-0.2195,-0.1997,9.842,0.01427,-0.00579,-3.05492],[14010,-0.0467,0.0737,9.7406,0.00556,0.00207,-3.06736],[14020,0.1335,-0.0387,9.7821,-0.00764,-0.01431,-3.08735],[14030,0.1161,-0.0013,9.6286,-0.00462,0.02474,-3.0945],[14040,0.0012,-0.0791,9.883,0.00004,-0.01338,-3.12087],[14050,-0.0869,0.0219,9.843,-0.00405,-0.01129,-3.12036],[14060,-0.1495,0.1621,9.8216,-0.00808,-0.01226,-3.11542],[14070,0.1039,-0.0746,9.8195,-0.00827,0.00262,-3.12843],[14080,-0.035,0.2374,9.94,0.00689,0.00392,-3.13299],[14090,0.0077,0.0677,9.738,0.0018,-0.00317,-3.12576],[14100,-0.0456,-0.1488,9.6403,0.00537,-0.00047,-3.14814],[14110,-0.0947,-0.1069,9.8476,0.01109,-0.00378,-3.13731],[14120,0.117,0.0494,9.709,-0.00746,0.00247,-3.13266],[14130,-0.1506,-0.1177,9.6312,-0.0056,0.00865,-3.14322],[14140,0.0135,-0.065,9.6606,-0.00378,0.00633,-3.12037],[14150,0.0632,0.0283,9.8542,0.00252,0.00314,-3.12791],[14160,-0.1971,0.0932,9.8488,-0.01512,0.00578,-3.11796],[14170,0.2,-0.0133,9.8002,0.00725,-0.00424,-3.10661],[14180,0.1678,-0.0983,9.9091,0.00577,0.01475,-3.09803],[14190,0.1145,-0.0316,9.7324,0.00384,0.01266,-3.07336],[14200,0.134,0.06,9.7897,0.00643,-0.01196,-3.0647],[14210,0.3064,0.0131,9.824,-0.02123,0.00641,-3.0428],[14220,-0.073,0.0412,9.7372,0.0011,-0.00646,-3.00969],[14230,0.0861,-0.1789,9.7879,0.00775,-0.00448,-3.01804],[14240,-0.125,0.0562,9.8983,-0.00246,-0.00584,-2.99385],[14250,-0.1205,-0.0231,9.7616,0.00634,-0.00227,-2.97506],[14260,-0.094,-0.1219,10.0135,-0.00105,-0.0007,-2.93183],[14270,0.0143,-0.0909,9.7743,0.00227,-0.02305,-2.9199],[14280,-0.0153,-0.0266,9.8899,-0.00124,0.007,-2.89243],[14290,0.1222,-0.0823,9.7258,0.00617,0.00077,-2.88163],[14300,0.1956,0.3113,9.9727,-0.00215,-0.00477,-2.82911],[14310,-0.0969,0.1107,9.8211,0.0003,-0.0075,-2.79906],[14320,0.0254,0.183,10.1823,0.00809,-0.00661,-2.77823],[14330,-0.0416,-0.0029,9.7991,-0.00645,0.00706,-2.74313],[14340,0.0296,0.0885,9.8666,0.02328,0.00113,-2.71114],[14350,0.1193,0.1751,9.9004,0.00047,0.00247,-2.6831],[14360,0.0594,0.038,9.8946,0.00774,0.01041,-2.63657],[14370,-0.3402,0.0271,9.6726,0.00133,-0.02554,-2.61097],[14380,0.1691,-0.0997,9.806,0.00404,0.00856,-2.56859],[14390,-0.0803,-0.0923,9.6376,-0.01663,0.01391,-2.52451],[14400,0.0651,-0.2301,9.7919,0.00466,-0.00448,-2.50284],[14410,0.1995,0.1116,9.9132,0.00426,-0.00623,-2.46225],[14420,-0.0506,0.2505,9.8321,-0.00336,-0.00747,-2.40403],[14430,-0.0852,-0.1032,9.8775,0.0056,-0.00448,-2.37016],[14440,0.0261,0.0489,9.8756,-0.00216,0.00452,-2.32462],[14450,0.0202,0.0282,9.8721,-0.00658,0.01084,-2.27307],[14460,-0.2801,-0.1261,9.8247,-0.0014,0.00995,-2.24802],[14470,-0.034,0.222,9.5935,0.00006,-0.00215,-2.18311],[14480,-0.1145,0.0325,9.901,-0.01061,0.00165,-2.15485],[14490,0.0521,0.0933,9.9441,-0.00459,0.00117,-2.10593],[14500,-0.1647,0.0481,9.8677,0.00287,-0.00373,-2.05622],[14510,0.1508,-0.1662,9.9014,-0.0103,0.00674,-2.00061],[14520,-0.0152,0.1498,9.9822,-0.00008,-0.00541,-1.94027],[14530,-0.0443,0.1154,9.8355,0.01355,0.01755,-1.91911],[14540,-0.0236,0.0723,9.9271,0.00179,0.00255,-1.85585],[14550,0.0169,0.0047,9.712,-0.0034,-0.00045,-1.81919],[14560,0.0556,0.3038,9.7474,0.00676,0.0099,-1.77336],[14570,0.2368,-0.174,9.6007,0.00064,-0.00692,-1.70632],[14580,0.0258,-0.0923,9.7429,0.01292,-0.01728,-1.67565],[14590,-0.0639,0.0103,9.7589,0.00669,-0.00461,-1.61908],[14600,0.0668,-0.0586,9.4275,0.00662,-0.01292,-1.58142],[14610,-0.0824,-0.0622,9.6384,-0.00564,0.0085,-1.51722],[14620,-0.0609,-0.0756,9.9123,0.00835,-0.00002,-1.46327],[14630,0.0848,-0.1515,9.6951,0.00052,0.00413,-1.40854],[14640,0.0337,0.0067,9.9441,-0.00198,0.00837,-1.3757],[14650,-0.0732,0.1752,9.795,-0.01096,0.00044,-1.31885],[14660,0.0863,0.1221,9.8758,-0.01029,-0.01726,-1.27199],[14670,-0.0557,-0.1626,9.9309,-0.00083,-0.00825,-1.22856],[14680,0.0222,0.0172,9.6963,0.01662,-0.00458,-1.17554],[14690,0.1758,-0.2071,9.7808,0.0029,0.00758,-1.12854],[14700,0.1584,0.0744,9.8434,-0.01776,-0.00739,-1.08218],[14710,0.2088,-0.1438,9.9072,0.00353,-0.01671,-1.04417],[14720,0.2616,-0.2024,9.8962,0.01195,0.00454,-0.99092],[14730,-0.162,0.179,10.1946,-0.00626,-0.00266,-0.94175],[14740,0.0422,0.1832,9.7578,-0.00383,0.00129,-0.89909],[14750,-0.0684,-0.2123,9.6712,0.01113,0.0056,-0.87065],[14760,-0.0014,0.1393,9.9362,-0.0095,-0.01114,-0.82306],[14770,0.0994,-0.1906,9.9001,-0.00178,-0.00134,-0.77722],[14780,-0.0389,0.1869,9.863,-0.01337,0.0021,-0.73437],[14790,-0.0187,-0.0584,9.5929,-0.00395,0.00528,-0.68616],[14800,-0.1037,-0.0296,9.7611,-0.00239,-0.01569,-0.63885],[14810,-0.0724,0.1158,9.7755,0.00029,0.01176,-0.59354],[14820,0.245,-0.0545,9.6203,-0.00407,-0.00016,-0.56655],[14830,-0.1854,0.1148,9.9857,0.009,0.00124,-0.52303],[14840,0.1093,-0.0287,10.0046,-0.00403,0.0043,-0.49506],[14850,-0.0057,-0.3073,9.7232,-0.00148,0.01268,-0.46034],[14860,0.1162,-0.0252,9.6594,-0.00991,-0.00294,-0.42976],[14870,-0.1143,-0.0386,9.7616,-0.00783,-0.00449,-0.38597],[14880,0.0464,-0.0889,9.7275,-0.00381,0.0034,-0.35678],[14890,-0.0714,0.1355,9.5795,-0.00329,0.00644,-0.31781],[14900,0.0426,0.1511,9.9475,-0.00945,-0.00676,-0.31602],[14910,0.014,-0.2439,9.915,0.01595,-0.00238,-0.28011],[14920,-0.0465,-0.0545,9.7532,0.00879,-0.00116,-0.24353],[14930,-0.2845,0.0089,9.8708,-0.01501,0.00334,-0.20934],[14940,-0.0295,-0.0909,9.8248,0.00842,0.01,-0.19414],[14950,-0.3551,0.1683,9.8712,-0.00042,-0.01932,-0.16849],[14960,0.042,-0.1285,9.9982,-0.00124,0.00129,-0.14299],[14970,0.209,-0.0891,9.8899,-0.00461,0.00456,-0.12132],[14980,-0.1346,-0.0611,9.9852,0.00325,-0.00092,-0.10761],[14990,0.0534,0.0919,9.6387,0.00565,-0.00897,-0.08513],[15000,0.1,0.0665,9.9797,-0.00595,0.01198,-0.07278],[15010,0.1563,-0.0616,9.9557,-0.01151,-0.01041,-0.05825],[15020,-0.1824,0.0531,9.7742,0.00343,0.004,-0.04605],[15030,0.2136,-0.2281,9.7045,-0.00244,-0.00082,-0.02358],[15040,-0.0846,-0.0006,9.8334,0.00099,-0.00856,-0.01315],[15050,0.0922,-0.077,9.9389,0.00478,-0.00437,-0.0206],[15060,0.1718,0.0917,9.9709,0.00558,-0.00768,-0.01516],[15070,-0.0021,-0.121,9.7039,0.00021,0.00524,-0.00074],[15080,0.0178,-0.0315,9.7479,-0.00705,-0.00257,0.00385],[15090,0.1417,0.121,9.882,-0.00078,-0.0015,0.0021],[15100,-0.11,0.0806,9.6772,0.00585,0.00562,-0.00146],[15110,0.0045,-0.0057,9.7833,-0.01002,-0.00174,-0.00037],[15120,0.1054,0.043,9.9473,-0.00251,-0.00365,0.00198],[15130,-0.0198,0.0128,9.7613,-0.00604,0.00392,0.00539],[15140,-0.0381,-0.0592,9.8551,0.00369,0.00441,0.002],[15150,-0.0026,-0.0584,9.551,-0.00799,-0.0055,-0.00651],[15160,0.1064,-0.0881,9.7371,0.00206,0.00875,-0.00339],[15170,-0.0028,0.1375,9.8143,0.00461,0.01545,0.00688],[15180,-0.0652,-0.01,9.7531,0.00039,-0.00052,0.00626],[15190,-0.0606,-0.0724,9.775,0.00063,-0.00589,-0.00424],[15200,-0.2576,-0.2651,9.6944,-0.00275,-0.00432,-0.00332],[15210,0.1801,-0.0289,9.8037,0.00425,0.01284,0.00779],[15220,-0.1291,0.115,9.9386,-0.01099,0.00265,-0.00342],[15230,-0.2191,-0.2698,9.8261,0.00856,-0.00354,0.01309],[15240,-0.1373,-0.022,9.8494,-0.00427,-0.00593,-0.00338],[15250,0.0012,-0.0918,9.953,-0.00147,0.01128,0.00319],[15260,-0.0194,0.0102,9.8062,0.01334,0.00599,0.00429],[15270,0.0759,0.1292,9.7063,0.01096,-0.00357,-0.00279],[15280,0.0351,-0.1958,9.7706,0.01783,0.00223,0.00291],[15290,-0.0957,0.1578,9.8313,-0.00359,-0.01744,-0.00615],[15300,-0.1138,-0.0222,9.7812,-0.00279,0.00047,0.00041],[15310,-0.0739,0.045,9.7274,0.00091,-0.00029,0.00214],[15320,0.005,-0.0089,9.8195,0.00949,0.00016,0.00052],[15330,-0.0149,-0.0078,9.8579,0.01116,-0.00646,0.01143],[15340,0.1734,0.063,9.9732,0.00599,-0.01328,0.0023],[15350,-0.2641,0.0355,9.6689,-0.00072,0.0048,-0.00414],[15360,-0.0553,-0.0301,9.6806,0.00039,0.01611,0.00431],[15370,-0.3513,0.0049,9.8121,0.00301,-0.01351,-0.00315],[15380,-0.2853,-0.0824,9.6282,-0.00772,-0.00575,-0.00206],[15390,0.1658,-0.079,9.717,0.00099,0.00107,0.01695],[15400,0.076,-0.0155,9.9706,0.00953,0.00481,-0.01155],[15410,0.059,-0.0559,10.1155,-0.00308,-0.00116,0.01512],[15420,0.074,-0.0315,9.7285,-0.01008,-0.00205,0.00061],[15430,-0.0189,-0.2703,10.0257,0.00799,0.00653,-0.00401],[15440,-0.0389,0.2783,9.806,0.0056,-0.00014,-0.01042],[15450,0.1007,0.0557,9.8069,0.00784,0.00007,0.00773],[15460,0.1583,-0.0109,10.056,-0.00255,-0.02371,0.01849],[15470,-0.1548,-0.0492,9.9757,-0.00131,0.01995,0.0049],[15480,0.136,-0.1206,9.8313,-0.00058,-0.00386,0.01471],[15490,0.1803,0.1206,9.9289,-0.00569,-0.01026,0.01023],[15500,-0.1054,-0.0699,9.9747,-0.00479,0.00239,0.00641],[15510,0.0392,-0.0464,9.9754,0.00316,0.00853,0.00023],[15520,0.1926,-0.0252,9.7948,-0.0037,-0.0039,0.0003],[15530,0.1639,0.0031,9.7532,0.00215,0.00217,-0.01041],[15540,-0.045,0.1868,9.804,0.01108,0.00056,0.00222],[15550,-0.1437,-0.0867,9.9246,0.00783,0.0047,0.01165],[15560,-0.0363,-0.1557,9.519,-0.00069,-0.00506,0.00406],[15570,-0.2373,0.1211,9.9984,-0.0038,-0.00377,0.00217],[15580,-0.0244,0.0382,9.8023,0.00458,0.00415,0.0017],[15590,0.1685,0.175,9.7673,-0.00277,-0.01713,-0.00803],[15600,0.0559,0.4414,9.9034,0.00236,0.00234,-0.14053],[15610,0.2916,0.6448,10.1022,-0.00218,0.00708,-0.16385],[15620,-0.2267,0.5194,10.2706,0.0057,-0.01279,-0.13976],[15630,-0.0526,0.4023,10.8245,-0.0035,-0.00853,-0.13993],[15640,0.0734,0.5633,10.9968,-0.00292,-0.00986,-0.15406],[15650,0.0646,0.5051,11.086,-0.01219,-0.00774,-0.14626],[15660,0.1328,0.3765,11.5064,-0.00052,-0.00291,-0.13613],[15670,-0.0395,0.5403,11.4018,-0.00658,0.00013,-0.13773],[15680,0.3162,0.6753,11.7003,0.00266,0.0067,-0.12678],[15690,0.4129,0.5092,11.8608,0.00627,0.0079,-0.11468],[15700,0.4088,0.2776,12.0031,-0.00352,0.00339,-0.12563],[15710,0.2578,0.5889,11.951,-0.0043,0.00674,-0.11593],[15720,0.2589,0.5544,12.6746,0.00267,0.00502,-0.11157],[15730,0.2056,0.4688,12.3423,0.0071,-0.01673,-0.10443],[15740,0.0789,0.141,12.102,-0.00124,0.00396,-0.10875],[15750,0.2375,0.1917,12.4216,0.00052,0.00484,-0.10151],[15760,0.1586,0.1428,12.1501,0.00699,-0.00425,-0.0964],[15770,0.2107,0.2041,12.2876,0.00163,-0.00731,-0.09434],[15780,0.1324,0.0891,12.1674,0.00438,0.0046,-0.07263],[15790,0.287,-0.0429,11.9321,0.00652,0.00246,-0.0673],[15800,0.3225,-0.2726,11.425,-0.00458,-0.00855,-0.0549],[15810,0.2707,-0.2393,11.3241,-0.00728,0.00733,-0.04531],[15820,0.243,-0.4554,11.3734,-0.00087,0.00579,-0.02953],[15830,0.4697,-0.3924,11.0746,-0.00404,-0.01442,-0.03402],[15840,0.2469,-0.2367,10.8597,-0.00341,-0.00586,-0.03652],[15850,0.2279,-0.3147,10.423,0.00067,0.01437,-0.04125],[15860,0.3543,-0.4119,10.3989,0.00564,0.01032,-0.02013],[15870,0.3012,-0.7122,10.1428,-0.00304,-0.00292,-0.0028],[15880,0.2518,-0.3793,9.6917,-0.01064,-0.00843,0.00188],[15890,0.3613,-0.5325,9.5017,0.0145,0.00346,0.00915],[15900,0.2081,-0.6337,9.2436,-0.0111,-0.00441,0.01705],[15910,0.2996,-0.6215,9.0173,0.00757,-0.00166,0.01835],[15920,0.1745,-0.6894,8.8742,-0.00274,0.00626,0.05237],[15930,0.4181,-0.5223,8.4221,0.00588,0.00684,0.05051],[15940,0.5236,-0.862,8.3,-0.00947,-0.00422,0.05205],[15950,0.5284,-0.5138,8.1202,-0.00699,0.00991,0.07049],[15960,0.4323,-0.735,7.8778,0.00346,-0.0031,0.07523],[15970,0.4351,-0.5952,7.6176,0.01187,-0.00563,0.07601],[15980,-0.0177,-0.3217,7.535,0.00852,0.002,0.08315],[15990,0.2962,-0.5985,7.6232,0.00403,-0.00261,0.10135],[16000,0.4205,-0.4406,7.2869,-0.00127,-0.00499,0.09118],[16010,0.2287,-0.2596,7.1401,0.00399,-0.00101,0.11051],[16020,0.2952,-0.1292,7.5597,0.00822,0.00742,0.11238],[16030,0.2347,-0.3427,7.4541,-0.01066,0.0121,0.11574],[16040,0.0075,-0.0506,7.5024,-0.00294,-0.01807,0.12795],[16050,0.0792,0.0562,7.4288,0.0111,-0.00599,0.12257],[16060,0.1949,-0.0942,7.6449,-0.0052,0.00581,0.13067],[16070,0.209,0.187,7.7796,-0.01311,-0.00049,0.13286],[16080,0.1482,0.1722,8.0112,0.01019,-0.01099,0.12589],[16090,0.1579,0.0888,7.8832,0.00643,-0.00689,0.13867],[16100,0.0562,0.296,8.4355,0.00598,-0.00344,0.14445],[16110,0.1318,0.3843,8.696,-0.00273,-0.001,0.15807],[16120,0.0321,0.5927,8.8755,0.00288,0.00226,0.15114],[16130,0.1388,0.2915,9.0832,0.00354,0.01331,0.15571],[16140,0.1554,0.4881,9.3127,-0.00049,-0.0023,0.15597],[16150,-0.1862,0.6291,9.6439,-0.00423,-0.0013,0.15282],[16160,0.1257,0.5396,9.951,-0.0008,0.0015,0.15312],[16170,-0.1984,0.724,10.2448,0.01546,0.00324,0.15157],[16180,-0.1301,0.4178,10.3173,0.00246,-0.00935,0.1399],[16190,-0.0223,0.6554,10.6732,0.00256,-0.00215,0.14407],[16200,-0.1392,0.5118,11.2087,-0.00422,-0.00252,0.14568],[16210,-0.1884,0.6644,11.3494,-0.00531,0.00374,0.13608],[16220,-0.2083,0.5264,11.5685,0.00191,0.0119,0.13458],[16230,-0.2692,0.6624,11.7989,-0.00194,-0.01223,0.13447],[16240,-0.3644,0.4666,11.768,-0.00981,-0.00746,0.14304],[16250,-0.2265,0.6629,12.0112,0.00685,-0.00459,0.12404],[16260,-0.2844,0.4146,12.0549,0.01194,0.01297,0.13539],[16270,-0.5522,0.4269,12.1204,0.0023,0.00266,0.12598],[16280,-0.0175,0.4075,12.2172,-0.00663,0.01716,0.10252],[16290,-0.2462,0.2619,12.2973,0.00673,-0.01072,0.12005],[16300,-0.3557,0.179,12.3929,0.00907,0.00263,0.11022],[16310,-0.4671,0.2746,12.0441,0.00414,0.00346,0.09285],[16320,-0.155,0.0435,12.2198,-0.00729,-0.00362,0.09282],[16330,-0.23,0.0666,12.0523,0.0002,0.00639,0.07453],[16340,-0.2563,0.1617,11.9531,0.00585,0.00365,0.06833],[16350,-0.5704,-0.2627,11.8087,0.0009,0.0015,0.06518],[16360,-0.2986,-0.0456,11.5383,-0.00144,0.00718,0.04319],[16370,-0.1486,-0.3466,11.5143,-0.01615,0.007,0.05722],[16380,-0.3983,-0.4315,11.3824,0.00165,0.0156,0.0505],[16390,-0.3834,-0.5006,10.889,-0.00278,0.00075,0.03552],[16400,-0.4355,-0.4742,10.7914,-0.01183,-0.00417,0.01844],[16410,-0.5141,-0.3087,10.5014,-0.00905,-0.00263,0.03019],[16420,-0.5375,-0.5962,10.1367,-0.02436,0.00516,0.00238],[16430,-0.2999,-0.3285,9.9275,0.00374,0.00957,0.00635],[16440,-0.4631,-0.5424,9.7165,-0.00459,-0.00912,0.00253],[16450,-0.5234,-0.6099,9.2616,0.00572,0.0078,0.00391],[16460,-0.5095,-0.6229,8.8804,0.00174,-0.00995,-0.01394],[16470,-0.2718,-0.3725,8.8418,0.00497,-0.004,-0.02805],[16480,-0.3677,-0.6052,8.5174,0.0134,-0.00337,-0.0347],[16490,-0.138,-0.6183,8.1883,0.00855,-0.00086,-0.04024],[16500,-0.3808,-0.5006,8.0174,0.01083,0.00252,-0.03766],[16510,-0.2676,-0.6412,7.7656,0.01331,-0.00332,-0.06626],[16520,-0.2648,-0.537,7.7542,0.00216,-0.00003,-0.06721],[16530,-0.1682,-0.3645,7.4689,0.0068,-0.0023,-0.08101],[16540,-0.1561,-0.5442,7.5214,0.01012,0.00336,-0.09165],[16550,-0.288,-0.5302,7.3199,0.00878,0.00016,-0.09727],[16560,0.011,-0.3896,7.1132,-0.00174,0.00665,-0.0863],[16570,-0.3613,-0.3525,7.3132,0.00815,-0.00699,-0.09289],[16580,-0.2395,-0.1807,7.2876,0.00005,-0.00785,-0.12035],[16590,-0.1108,-0.1378,7.6057,0.01413,-0.00894,-0.12506],[16600,-0.199,-0.178,7.6348,-0.00546,0.00436,-0.1255],[16610,-0.2059,-0.0142,7.4836,0.01051,0.00146,-0.12994],[16620,-0.224,0.0532,7.7238,0.00658,0.00828,-0.11682],[16630,-0.204,0.2325,7.9469,0.00919,0.01225,-0.12764],[16640,-0.1867,0.1857,8.042,0.01128,-0.00324,-0.13144],[16650,-0.1595,0.1486,8.2813,0.0053,0.01503,-0.12309],[16660,-0.001,0.368,8.3805,0.01866,0.00127,-0.14239],[16670,-0.1041,0.3982,8.8693,-0.00376,0.00915,-0.1511],[16680,0.1055,0.4743,8.7777,0.00098,0.00381,-0.14463],[16690,0.0211,0.3238,9.3148,0.0077,0.00841,-0.14654],[16700,-0.0393,0.6982,9.2672,0.00022,0.00272,-0.15179],[16710,-0.0015,0.5403,9.947,-0.00984,0.00564,-0.15275],[16720,-0.1078,0.6559,9.9019,0.00862,0.01238,-0.14549],[16730,0.0811,0.5903,10.2578,-0.0032,0.0116,-0.13656],[16740,-0.129,0.5424,10.6633,-0.00052,-0.01931,-0.13858],[16750,0.2317,0.6235,10.8539,0.00482,-0.02774,-0.13924],[16760,0.1501,0.386,11.1676,-0.01486,-0.00614,-0.12556],[16770,0.1502,0.6496,11.3898,-0.00669,0.02124,-0.14533],[16780,0.0678,0.6247,11.7591,-0.00526,0.00787,-0.12744],[16790,0.0883,0.7538,11.592,-0.00967,0.01297,-0.13405],[16800,0.1613,0.4174,11.9056,0.01562,-0.00197,-0.13375],[16810,0.1499,0.4182,11.8983,0.0041,-0.0003,-0.13074],[16820,0.1498,0.7101,12.0294,-0.00735,0.02512,-0.11103],[16830,0.2578,0.3119,12.2688,-0.00354,-0.00357,-0.10788],[16840,0.3724,0.3272,12.2545,0.00505,0.01854,-0.11972],[16850,0.1828,0.2237,12.2575,0.01439,-0.00889,-0.09978],[16860,0.0182,0.2195,12.3313,-0.00677,-0.0018,-0.08411],[16870,0.1683,0.0747,12.3247,0.00629,0.00834,-0.09857],[16880,0.2579,0.1619,12.1732,0.00085,0.00924,-0.07933],[16890,0.1839,0.1353,11.9878,0.00572,0.00813,-0.0692],[16900,0.1282,-0.1174,11.9253,0.00039,-0.00533,-0.06526],[16910,0.3374,-0.1688,11.5505,0.00374,0.00551,-0.06754],[16920,0.4848,-0.0718,11.6034,-0.00509,-0.00046,-0.043],[16930,0.2296,-0.3248,11.2045,-0.00087,-0.01835,-0.05966],[16940,0.0438,-0.4099,11.074,0.00414,-0.00018,-0.04886],[16950,0.4704,-0.4033,10.5862,0.00932,-0.0053,-0.02335],[16960,0.5215,-0.4752,10.4263,0.00863,0.00859,-0.01592],[16970,0.4263,-0.3871,10.2175,0.00428,0.00703,-0.00243],[16980,0.4153,-0.5696,9.943,0.01345,0.00645,-0.00921],[16990,0.358,-0.5218,9.6235,0.00903,-0.00204,0.00656],[17000,0.5136,-0.5537,9.5667,-0.00492,-0.00441,0.00918],[17010,0.299,-0.608,9.4107,-0.00528,-0.00106,0.01819],[17020,0.5819,-0.5163,8.7824,0.00536,-0.01726,0.01891],[17030,0.2428,-0.58,8.536,0.00802,-0.0045,0.04107],[17040,0.102,-0.437,8.3837,0.00147,-0.01025,0.03314],[17050,0.3789,-0.6297,8.1557,0.00497,-0.00653,0.04242],[17060,0.223,-0.6765,7.9704,-0.00174,0.00536,0.04902],[17070,0.4313,-0.6789,7.935,0.01178,-0.0084,0.04764],[17080,0.7416,-0.6803,7.6771,-0.00094,-0.00632,0.07794],[17090,0.2358,-0.3489,7.6402,0.00285,0.00726,0.08916],[17100,0.2147,-0.5103,7.4388,0.00056,-0.00084,0.08117],[17110,0.1636,-0.4657,7.3701,-0.01476,-0.00695,0.10058],[17120,0.3453,-0.4007,7.2601,0.00099,0.00701,0.10318],[17130,0.199,-0.1563,7.3491,-0.00814,0.00148,0.10395],[17140,0.2002,-0.1744,7.5123,0.01062,0.00163,0.11704],[17150,-0.0634,-0.2619,7.3226,0.0098,0.00545,0.12569],[17160,0.2212,-0.1852,7.5201,-0.00725,-0.01325,0.1281],[17170,0.3047,-0.1038,7.5817,0.00935,-0.00561,0.11981],[17180,0.2011,-0.0586,7.7419,-0.01217,0.00282,0.13904],[17190,0.1888,0.152,7.949,0.01551,0.01036,0.14804],[17200,0.0979,0.3102,8.1439,-0.00803,0.00385,0.14838],[17210,0.1,0.4859,8.3246,0.00203,0.0023,0.14003],[17220,-0.035,0.2838,8.5033,-0.00986,-0.00327,0.1366],[17230,-0.0514,0.3933,8.6329,-0.00042,-0.00918,0.1426],[17240,-0.0167,0.3816,9.154,0.00242,-0.00253,0.13273],[17250,0.1901,0.6697,9.5413,0.01698,-0.00513,0.14688],[17260,0.1706,0.6736,9.5492,-0.00004,-0.00083,0.16129],[17270,-0.1091,0.4216,9.865,0.00413,0.0089,0.14932],[17280,-0.0169,0.5067,10.2086,0.01269,-0.00066,0.1521],[17290,0.0214,0.404,10.4699,0.00153,0.00685,0.14069],[17300,0.1884,0.5538,10.6953,-0.01043,0.00361,0.1489],[17310,-0.0429,0.6043,11.0208,0.00931,0.01346,0.1401],[17320,-0.0802,0.6539,11.2436,-0.0008,-0.00107,0.13532],[17330,-0.0958,0.4519,11.3398,0.00622,-0.01648,0.13334],[17340,-0.1468,0.5153,11.7649,0.00969,0.00175,0.14012],[17350,-0.4055,0.3542,11.9154,-0.00522,0.01452,0.12908],[17360,-0.3577,0.601,11.8357,-0.00376,-0.00037,0.11546],[17370,-0.0462,0.5976,12.1505,0.01404,-0.00105,0.12156],[17380,-0.3309,0.3359,12.0355,-0.0021,0.00658,0.11911],[17390,-0.1747,0.2059,12.159,0.00419,-0.00101,0.12129],[17400,-0.2976,0.2386,12.2373,0.00558,0.00646,0.12589],[17410,-0.2652,0.1785,12.3532,-0.01162,-0.00188,0.09986],[17420,-0.5126,0.4744,12.3426,-0.00153,0.00499,0.09129],[17430,-0.2149,0.1229,12.0452,-0.00563,-0.00339,0.07802],[17440,-0.1545,0.1287,11.9433,0.00665,-0.0062,0.06929],[17450,-0.3183,0.1147,11.8452,-0.00814,-0.00753,0.07702],[17460,-0.1987,-0.1532,11.9161,0.00097,0.00029,0.06199],[17470,-0.3868,-0.0978,11.7233,-0.00167,-0.01915,0.05353],[17480,-0.2422,-0.2635,11.6103,0.01337,-0.0041,0.05229],[17490,-0.3168,-0.1787,11.0668,0.00802,0.00354,0.05513],[17500,-0.3924,-0.3248,10.8608,0.00778,0.00441,0.03018],[17510,-0.2998,-0.4838,10.5185,0.00892,0.01034,0.03383],[17520,-0.4896,-0.4425,10.5521,0.01163,-0.00568,0.02355],[17530,-0.3976,-0.4592,10.1375,-0.0109,0.00186,0.01377],[17540,-0.4377,-0.4589,9.7388,0.01282,0.00161,-0.00807],[17550,-0.3834,-0.4537,9.7682,-0.00045,0.01354,-0.00807],[17560,-0.4093,-0.7722,9.2467,0.00138,0.004,-0.00698],[17570,-0.3014,-0.4085,9.1443,-0.00354,-0.00354,-0.02858],[17580,-0.6743,-0.601,8.8829,0.00613,-0.00245,-0.02279],[17590,-0.1729,-0.5262,8.6261,-0.01262,0.01352,-0.03657],[17600,-0.1719,-0.3306,8.3711,-0.00064,0.00923,-0.06384],[17610,-0.4034,-0.6104,8.063,0.00105,0.00844,-0.05898],[17620,-0.2129,-0.3454,7.8343,0.00555,-0.00359,-0.06241],[17630,-0.3026,-0.6374,7.6371,0.00191,0.00021,-0.06427],[17640,-0.0987,-0.4607,7.4701,0.00648,-0.00975,-0.07197],[17650,-0.2723,-0.7236,7.4295,-0.00412,0.00498,-0.08341],[17660,-0.2109,-0.5291,7.3602,0.00322,0.00041,-0.07747],[17670,-0.2208,-0.3313,7.3982,0.00019,0.0011,-0.08779],[17680,-0.4198,-0.367,7.3886,-0.0058,0.00719,-0.09427],[17690,-0.3202,-0.1513,7.3225,-0.00398,-0.0056,-0.09829],[17700,-0.3405,-0.0551,7.392,-0.00365,0.01083,-0.11351],[17710,-0.1241,-0.1463,7.6408,-0.0018,0.00674,-0.10936],[17720,-0.5025,0.197,7.4919,0.01415,-0.00108,-0.10839],[17730,-0.3384,0.0952,7.9585,-0.01023,-0.00423,-0.12817],[17740,0.0528,-0.0689,7.831,0.01072,0.00012,-0.11946],[17750,-0.0321,-0.0388,7.9761,-0.01649,-0.00305,-0.13977],[17760,-0.1287,0.1053,8.506,0.01473,0.00453,-0.14001],[17770,-0.2096,0.4001,8.4822,0.00592,0.00896,-0.14581],[17780,-0.084,0.2428,8.6784,0.00168,-0.0151,-0.14659],[17790,-0.0912,0.6005,8.8575,-0.00668,-0.00472,-0.13544],[17800,-0.0196,0.4134,9.2659,-0.003,-0.00382,-0.13228],[17810,0.0828,0.621,9.5956,0.01372,0.00478,-0.14421],[17820,-0.012,0.3027,9.7832,-0.00105,-0.01512,-0.12988],[17830,0.1131,0.5404,10.1853,-0.00692,-0.01018,-0.14361],[17840,-0.0143,0.546,10.4077,-0.0052,-0.01229,-0.14866],[17850,-0.0958,0.6775,10.5842,-0.00505,0.00267,-0.13596],[17860,0.0304,0.4461,10.8055,0.00065,-0.00138,-0.14027],[17870,-0.0592,0.5714,11.1193,-0.00863,-0.00886,-0.14432],[17880,0.0492,0.4995,11.4555,-0.02391,0.00554,-0.14146],[17890,0.325,0.415,11.6203,-0.0007,0.00023,-0.13164],[17900,0.2749,0.7046,11.8596,0.00514,-0.01213,-0.13085],[17910,0.2742,0.5246,11.8153,0.00853,0.0098,-0.13511],[17920,0.2483,0.389,11.9667,0.00538,-0.00416,-0.11553],[17930,0.1681,0.4026,12.2758,-0.00411,0.01248,-0.12312],[17940,0.1846,0.4068,12.0222,0.00094,-0.0113,-0.11033],[17950,0.3265,0.3788,12.2865,-0.00262,0.00571,-0.11635],[17960,0.028,0.3235,12.3731,0.00962,-0.0052,-0.10216],[17970,0.2568,0.3737,12.4576,-0.00207,-0.00457,-0.09353],[17980,0.2307,-0.0273,12.1834,0.00264,-0.00678,-0.08872],[17990,0.4065,0.3141,12.3198,0.01081,0.00599,-0.08253],[18000,0.3625,0.1775,12.0363,-0.00326,-0.01026,-0.07532],[18010,0.098,-0.1148,11.973,-0.00246,-0.00402,-0.06485],[18020,0.2729,-0.2652,11.7426,-0.00994,0.00309,-0.07206],[18030,0.2566,-0.3294,11.4383,0.00907,0.00074,-0.06498],[18040,0.4755,-0.4044,11.2638,0.00682,-0.00324,-0.04431],[18050,0.2508,-0.2681,10.8394,0.00576,-0.01469,-0.0491],[18060,0.4636,-0.2803,10.6974,0.0074,0.00177,-0.04041],[18070,0.1875,-0.3888,10.5725,0.00751,-0.01636,-0.01603],[18080,0.4142,-0.3937,10.3899,-0.01006,0.00159,-0.01692],[18090,0.1429,-0.6008,9.862,0.0057,-0.00569,0.004],[18100,0.2474,-0.3547,9.804,0.01671,-0.0137,-0.00452],[18110,0.2335,-0.4989,9.4362,0.00689,-0.00735,0.00837],[18120,0.3404,-0.5378,9.3269,0.00151,-0.00045,0.02585],[18130,0.5037,-0.6484,8.8655,0.00515,0.00416,0.0314],[18140,0.4041,-0.6124,8.5517,0.01588,-0.00142,0.02982],[18150,0.449,-0.6517,8.3412,-0.00817,-0.00029,0.04751],[18160,0.179,-0.584,8.0195,0.00278,-0.00294,0.05132],[18170,0.3432,-0.4338,7.9321,-0.01413,0.00969,0.07893],[18180,0.4728,-0.6191,7.9448,-0.00066,-0.00903,0.05927],[18190,0.3124,-0.4142,7.7046,-0.00611,0.00103,0.08631],[18200,0.1547,-0.479,7.5344,0.01562,0.00412,0.09216],[18210,0.2987,-0.4753,7.5358,0.0018,0.00114,0.09009],[18220,0.0813,-0.398,7.4457,0.00321,-0.00122,0.09393],[18230,0.3931,-0.4058,7.2963,0.0093,-0.01095,0.10736],[18240,0.3259,-0.3204,7.4617,-0.02148,0.00145,0.10337],[18250,0.5865,-0.4037,7.3974,-0.00283,-0.00334,0.11746],[18260,0.5232,-0.115,7.5312,-0.0106,0.00528,0.12136],[18270,0.011,-0.0625,7.746,0.0028,0.00325,0.13586],[18280,0.1857,-0.0305,7.5748,0.00646,-0.00801,0.10914],[18290,0.1873,0.1921,7.7148,0.00466,0.0092,0.12942],[18300,0.162,0.182,8.1125,0.00062,0.00058,0.13512],[18310,0.2859,0.4463,8.0188,0.0017,0.00693,0.1481],[18320,-0.0981,0.2144,8.2008,-0.00242,0.0028,0.14062],[18330,-0.0392,0.1517,8.5972,-0.00898,0.01144,0.13396],[18340,-0.0053,0.2694,8.793,0.00135,0.00829,0.13559],[18350,0.1705,0.5801,8.8695,0.0117,0.00431,0.15525],[18360,0.0921,0.5567,9.4222,0.00594,0.0032,0.15626],[18370,-0.0272,0.4882,9.7873,0.01065,-0.00542,0.15597],[18380,-0.064,0.2616,9.9073,0.00043,0.01105,0.13719],[18390,-0.178,0.394,10.0683,0.00962,-0.00451,0.14097],[18400,0.0258,0.4171,10.4653,-0.0047,0.01181,0.16351],[18410,0.0349,0.4857,10.7442,0.0064,-0.00988,0.13832],[18420,0.0044,0.6753,11.0277,-0.00646,-0.0084,0.14301],[18430,-0.1772,0.5825,11.3257,0.01926,-0.00445,0.14084],[18440,-0.1098,0.929,11.5444,-0.00132,0.00331,0.13588],[18450,-0.3076,0.5401,11.6875,0.00009,-0.00293,0.1405],[18460,-0.0204,0.5357,11.7638,-0.00512,0.01203,0.12986],[18470,-0.2885,0.7114,12.1493,0.00032,0.01656,0.13263],[18480,-0.2081,0.332,12.1261,-0.00185,-0.00375,0.13111],[18490,-0.3183,0.1866,12.2403,-0.00015,0.00412,0.12269],[18500,0.0509,0.3681,12.2171,0.0004,0.00121,0.1134],[18510,-0.2007,0.2205,12.4723,0.01839,0.00931,0.11624],[18520,-0.1324,0.4852,12.2924,0.01023,-0.00514,0.09412],[18530,-0.2672,0.164,12.0925,-0.00846,0.00318,0.08889],[18540,-0.2776,0.1567,12.0925,-0.00589,0.01139,0.09237],[18550,-0.2921,0.2298,12.1045,-0.0023,-0.02173,0.08149],[18560,-0.2139,-0.3034,12.1543,-0.00831,-0.00431,0.08167],[18570,-0.4012,0.0211,11.7405,0.00091,0.00343,0.07209],[18580,-0.3092,-0.0465,11.4187,-0.00696,-0.00193,0.06497],[18590,-0.4665,-0.4399,11.4699,-0.00133,0.00756,0.0438],[18600,-0.5394,-0.3326,11.0711,0.00945,0.00284,0.03057],[18610,-0.3311,-0.4105,11.2084,-0.00484,-0.00469,0.03028],[18620,-0.2815,-0.3764,10.7395,-0.00149,-0.0188,0.02873],[18630,-0.3863,-0.4691,10.3405,-0.00087,-0.01778,0.02418],[18640,-0.2743,-0.3856,10.0484,0.00101,-0.00566,0.01526],[18650,-0.3824,-0.4502,9.834,-0.01224,0.00739,0.01396],[18660,-0.2753,-0.603,9.4455,0.00699,-0.00869,-0.01219],[18670,-0.261,-0.7415,9.3243,0.01079,0.00106,-0.02345],[18680,-0.4591,-0.7257,9.0087,0.00726,-0.0029,-0.01796],[18690,-0.2541,-0.7368,8.6422,0.00239,-0.00238,-0.03483],[18700,-0.1405,-0.4832,8.4436,0.00724,-0.00077,-0.02659],[18710,-0.21,-0.609,8.3152,-0.00833,-0.00672,-0.03723],[18720,-0.3364,-0.8215,8.0012,-0.00419,-0.00227,-0.0681],[18730,-0.3389,-0.6071,7.921,0.00932,-0.00202,-0.07576],[18740,-0.1704,-0.366,7.9747,-0.00891,-0.00627,-0.0618],[18750,-0.2366,-0.2793,7.7465,0.00534,-0.02392,-0.06615],[18760,-0.2263,-0.3182,7.6919,-0.00533,-0.00782,-0.08611],[18770,-0.3473,-0.4791,7.5244,0.00304,-0.00299,-0.10091],[18780,-0.4596,-0.4287,7.345,-0.00496,-0.00445,-0.10479],[18790,-0.3457,-0.1212,7.2692,-0.00436,0.00646,-0.11814],[18800,-0.3321,-0.1093,7.3154,0.00145,0.01099,-0.09678],[18810,-0.3499,-0.1818,7.5826,-0.0002,-0.00965,-0.11573],[18820,-0.1198,-0.0354,7.3519,0.00878,0.01956,-0.11361],[18830,-0.1504,-0.0446,7.6,0.00104,-0.006,-0.12023],[18840,-0.0254,0.0754,7.533,-0.00286,-0.00207,-0.11912],[18850,-0.1323,-0.038,7.7816,0.00486,-0.00305,-0.14043],[18860,-0.0744,0.255,8.0903,0.00185,-0.00704,-0.14191],[18870,-0.5078,0.2787,8.3371,0.01364,-0.00113,-0.14025],[18880,-0.21,0.3268,8.2535,-0.02807,-0.00135,-0.14508],[18890,-0.0978,0.5318,8.9423,0.00212,-0.00123,-0.14302],[18900,-0.0809,0.4134,8.7808,-0.0033,0.00433,-0.14854],[18910,0.0382,0.4217,9.3557,0.00584,-0.00157,-0.13803],[18920,-0.3001,0.2078,9.3503,-0.00082,0.00884,-0.14076],[18930,0.0183,0.4287,9.766,0.00442,-0.00795,-0.15159],[18940,0.1072,0.492,10.1431,0.00484,-0.0029,-0.13622],[18950,-0.043,0.4403,10.3348,0.00592,-0.00964,-0.15025],[18960,0.0512,0.4611,10.442,-0.00428,0.01033,-0.16098],[18970,-0.0446,0.6315,10.9664,-0.00717,-0.01335,-0.1409],[18980,-0.1565,0.874,11.4742,-0.00002,0.00542,-0.14063],[18990,0.125,0.6148,11.4335,0.00608,-0.00335,-0.14142],[19000,0.0903,0.446,11.6089,0.00041,0.00333,-0.14253],[19010,0.1403,0.5896,11.6333,-0.00911,0.00675,-0.13693],[19020,0.2065,0.4992,12.0417,0.00272,-0.00396,-0.13294],[19030,0.2279,0.5334,12.1082,0.00567,0.0014,-0.10325],[19040,0.3531,0.5645,12.1887,0.00201,0.01044,-0.12226],[19050,0.2945,0.4749,12.4557,0.01118,0.00168,-0.11805],[19060,0.2303,0.3023,12.0793,0.0109,0.00139,-0.11859],[19070,0.1003,0.3099,12.3275,-0.00494,0.00332,-0.10097],[19080,0.235,0.3373,12.2629,0.00636,0.00167,-0.09413],[19090,0.2649,0.089,12.1546,0.00043,0.00043,-0.09153],[19100,0.1972,0.2128,12.2234,-0.00451,-0.00057,-0.07868],[19110,0.3058,0.1376,11.8509,0.00405,0.01309,-0.07937],[19120,0.307,0.0347,11.7463,-0.00318,-0.00891,-0.073],[19130,0.3797,-0.0853,11.8554,-0.01488,-0.00771,-0.06235],[19140,0.0592,-0.1097,11.5191,0.00391,-0.00398,-0.06047],[19150,0.483,-0.3277,11.4211,0.00229,0.00611,-0.05831],[19160,0.4295,-0.3849,11.1868,0.00555,-0.00833,-0.04001],[19170,0.3495,-0.4006,10.7078,0.0112,-0.00606,-0.02689],[19180,0.4875,-0.579,10.3473,-0.00282,0.01351,-0.00875],[19190,0.4898,-0.5425,10.3359,-0.00708,0.0116,-0.02748],[19200,0.1496,-0.4998,9.9408,-0.0117,-0.00626,-0.00762],[19210,0.3785,-0.6006,9.8312,0.00071,0.00792,0.0034],[19220,0.3397,-0.6533,9.5776,-0.00988,-0.00318,0.01023],[19230,0.2723,-0.597,9.2447,0.00796,0.00732,0.01596],[19240,0.3909,-0.6797,8.8129,0.01022,0.00363,0.03329],[19250,0.3563,-0.6738,8.6297,-0.01261,-0.01179,0.04589],[19260,0.4013,-0.3715,8.3489,0.00528,0.00745,0.05012],[19270,0.105,-0.6119,8.3473,0.01035,-0.00507,0.04559],[19280,0.3009,-0.4785,8.0936,0.00292,-0.00663,0.05508],[19290,0.3145,-0.7658,7.8648,-0.00449,0.00133,0.05988],[19300,0.3003,-0.5877,7.61,-0.00865,-0.00425,0.08577],[19310,0.3944,-0.634,7.5209,-0.0017,0.00671,0.08699],[19320,0.2786,-0.4398,7.2662,0.00059,0.00297,0.0922],[19330,0.1871,-0.4711,7.3829,-0.01725,-0.00115,0.10361],[19340,0.297,-0.5614,7.273,0.00374,-0.00819,0.10277],[19350,0.2663,-0.3267,7.2594,0.00621,-0.01139,0.10439],[19360,0.0742,-0.1116,7.4086,-0.01728,0.0048,0.10394],[19370,0.1408,-0.0391,7.3007,0.00731,-0.00598,0.12453],[19380,0.244,0.0517,7.4655,-0.00566,0.00307,0.12314],[19390,0.2238,-0.008,7.7581,0.01016,0.01145,0.14145],[19400,0.4986,0.0664,7.7351,-0.00051,0.00263,0.12924],[19410,0.1383,0.0976,7.8954,-0.00064,0.02709,0.13998],[19420,0.3818,0.3791,8.1742,-0.00243,0.01471,0.14395],[19430,-0.0166,0.0861,8.253,-0.00168,-0.01039,0.13497],[19440,0.0708,0.3827,8.7249,-0.00327,0.00697,0.15896],[19450,0.0459,0.4679,8.7947,-0.01002,-0.00674,0.14251],[19460,0.1753,0.4385,9.0945,0.00022,-0.00207,0.15056],[19470,-0.2589,0.4379,9.4152,0.01111,0.00075,0.14701],[19480,-0.1049,0.3166,9.5843,-0.00632,0.01004,0.15295],[19490,-0.032,0.5426,9.9117,-0.00447,-0.00345,0.15648],[19500,-0.1014,0.5901,10.1956,-0.00085,-0.00682,0.14638],[19510,-0.0804,0.6057,10.4851,-0.00094,-0.00576,0.14813],[19520,-0.1753,0.711,10.8223,-0.00512,-0.00459,0.14113],[19530,-0.1278,0.7085,10.9837,0.00594,-0.00477,0.14008],[19540,-0.0269,0.525,11.2029,0.00877,-0.00668,0.14821],[19550,-0.2491,0.8066,11.5393,-0.00926,-0.00333,0.12499],[19560,-0.0394,0.4961,11.986,-0.00012,0.01408,0.1466],[19570,-0.0192,0.6018,11.7296,-0.00982,-0.01696,0.1309],[19580,-0.1702,0.6141,11.9491,0.01365,0.0088,0.12237],[19590,-0.159,0.4969,12.3322,-0.00534,0.00426,0.1222],[19600,-0.097,0.5045,12.2096,0.00905,-0.00563,0.11375],[19610,-0.3267,0.5785,12.2836,0.01673,0.00992,0.12214],[19620,-0.1959,0.4959,12.4712,0.00248,-0.00018,0.10853],[19630,-0.2656,0.4695,12.0873,-0.00679,0.00538,0.10898],[19640,-0.4473,0.0966,12.2527,-0.00348,-0.00618,0.09298],[19650,-0.309,0.2128,12.3432,0.01022,-0.00591,0.10401],[19660,-0.2005,0.194,12.26,-0.00017,0.01357,0.08241],[19670,-0.3856,-0.0393,11.819,0.00724,0.00139,0.08358],[19680,-0.2177,-0.0679,12.0128,-0.00465,-0.00967,0.06884],[19690,-0.3464,-0.2705,11.6613,-0.00694,-0.00129,0.06807],[19700,-0.2149,-0.1901,11.6434,0.00036,-0.00462,0.05767],[19710,-0.2582,-0.3615,11.301,0.01505,0.00056,0.0427],[19720,-0.5094,-0.4656,10.9038,-0.00866,-0.00046,0.02796],[19730,-0.2463,-0.2145,10.7672,-0.01041,-0.01325,0.03409],[19740,-0.4706,-0.3499,10.5451,0.00864,0.00181,0.02286],[19750,-0.3613,-0.4123,10.0324,0.00212,-0.00802,0.01617],[19760,-0.3206,-0.5431,9.7381,0.00736,0.00316,0.00664],[19770,-0.332,-0.7417,9.7028,0.00667,-0.00401,-0.002],[19780,-0.4507,-0.4404,9.4911,-0.00086,0.00984,-0.01763],[19790,-0.3592,-0.5872,9.1969,-0.00458,0.0069,-0.01672],[19800,-0.3336,-0.6902,8.8222,0.00136,-0.01287,-0.03075],[19810,-0.3796,-0.521,8.4818,-0.00109,-0.00914,-0.03211],[19820,-0.3908,-0.5128,8.431,0.00027,-0.00342,-0.05743],[19830,-0.0605,-0.666,8.1535,0.01568,-0.0025,-0.06119],[19840,-0.39,-0.4811,7.7986,-0.01336,-0.01099,-0.06397],[19850,-0.3996,-0.6342,7.6719,-0.00114,0.00403,-0.06549],[19860,-0.4644,-0.6269,7.5693,-0.0009,-0.00925,-0.0836],[19870,-0.3447,-0.5269,7.2523,-0.01148,-0.01094,-0.0801],[19880,-0.1383,-0.6668,7.5845,-0.01114,-0.00925,-0.08704],[19890,-0.2445,-0.2746,7.4043,0.00241,0.01028,-0.09332],[19900,-0.1758,-0.4002,7.4475,-0.02574,-0.0044,-0.09622],[19910,-0.1843,-0.3775,7.429,-0.00141,0.00671,-0.1206],[19920,-0.3705,0.061,7.5355,-0.00489,-0.00524,-0.10789],[19930,-0.4076,-0.11,7.4117,0.0101,0.00572,-0.11156],[19940,-0.3174,0.1511,7.5091,0.00439,0.00278,-0.13233],[19950,-0.2798,-0.0587,7.4202,0.00129,-0.00933,-0.12045],[19960,-0.2019,0.1322,7.8571,0.00365,0.01278,-0.12492],[19970,-0.0533,0.1682,7.993,-0.01553,-0.00541,-0.14779],[19980,-0.1305,0.1156,8.2224,-0.0024,-0.00858,-0.14089],[19990,-0.0969,0.2107,8.612,0.00195,0.01123,-0.13464],[20000,-0.1148,0.1739,8.8124,-0.00662,0.00055,-0.13725],[20010,-0.076,0.4156,8.9644,0.00667,0.0026,-0.15317],[20020,-0.0816,0.6946,9.3058,0.00156,-0.00217,-0.15283],[20030,-0.0877,0.4093,9.5707,-0.01623,-0.01049,-0.15083],[20040,0.0241,0.2614,9.5763,-0.00211,-0.00007,-0.13905],[20050,0.058,0.7595,10.2613,-0.01731,0.01278,-0.15043],[20060,0.088,0.6521,10.2865,0.00334,0.00024,-0.13032],[20070,0.1607,0.4424,10.7526,-0.00034,-0.00284,-0.15843],[20080,0.3473,0.59,10.9002,0.0012,0.00814,-0.14576],[20090,0.1708,0.7689,11.3097,0.0109,0.01367,-0.14604],[20100,0.2067,0.5366,11.2639,0.00749,-0.00692,-0.14283],[20110,0.0287,0.6528,11.3746,-0.01244,-0.00131,-0.13598],[20120,0.2273,0.5479,11.8913,0.00725,0.01541,-0.13291],[20130,0.2563,0.6069,11.8407,0.01479,0.00762,-0.12548],[20140,0.0897,0.5485,12.1039,-0.00333,-0.00577,-0.12799],[20150,0.3348,0.3929,12.2292,0.00398,-0.00051,-0.11931],[20160,0.2132,0.5788,12.0509,0.00761,0.00607,-0.12109],[20170,0.397,0.0895,12.3221,0.01443,0.00083,-0.11713],[20180,0.2116,0.2545,12.3766,-0.00534,0.00288,-0.10514],[20190,0.3049,0.4314,12.1486,-0.00541,-0.00353,-0.09313],[20200,0.3519,0.1631,12.2132,-0.00908,-0.0121,-0.09044],[20210,0.1582,0.0075,12.0007,-0.00127,-0.00063,-0.0855],[20220,0.513,0.0787,12.0005,0.0169,-0.00122,-0.08004],[20230,0.4983,-0.0988,11.895,-0.00262,0.00164,-0.08254],[20240,0.2794,-0.0581,11.7455,0.00153,0.00784,-0.06981],[20250,0.3534,-0.1266,11.5096,0.00177,0.00228,-0.05326],[20260,0.2591,-0.2417,11.2987,-0.00245,-0.00599,-0.04002],[20270,0.0598,-0.2622,11.0833,0.00401,-0.0028,-0.04173],[20280,0.3558,-0.2511,11.0735,-0.00217,0.00332,-0.01415],[20290,0.2783,-0.6093,10.486,0.00642,0.02761,-0.0169],[20300,0.0838,-0.3455,10.1948,0.00176,0.00036,-0.02097],[20310,0.4822,-0.2129,9.9205,0.00608,-0.00573,-0.01627],[20320,0.3774,-0.5222,9.7446,0.00199,0.00671,-0.00946],[20330,0.311,-0.524,9.5353,-0.00011,0.00552,0.01335],[20340,0.2007,-0.5239,9.3361,0.00201,0.00982,0.02159],[20350,0.3899,-0.6152,9.079,-0.01298,-0.00535,0.02308],[20360,0.4964,-0.4663,8.645,0.00188,0.00595,0.03216],[20370,0.4361,-1.0131,8.4059,0.00676,-0.00865,0.0539],[20380,0.3836,-0.5711,8.0748,0.01791,-0.00793,0.05125],[20390,0.167,-0.5786,7.9839,-0.0027,-0.00296,0.05927],[20400,0.3057,-0.4835,7.6717,-0.00832,0.00551,0.07377],[20410,0.1903,-0.3159,7.6842,0.0126,-0.00069,0.07376],[20420,0.1462,-0.426,7.3982,-0.00226,-0.0178,0.08261],[20430,0.0225,-0.2875,7.379,0.0083,-0.00482,0.09668],[20440,0.2701,-0.4268,7.2531,0.00685,-0.00552,0.09622],[20450,0.4747,-0.4624,7.4767,-0.00145,-0.00079,0.11607],[20460,0.2513,-0.4076,7.3854,0.00709,-0.00733,0.10663],[20470,0.3297,-0.0375,7.3073,-0.00465,0.0036,0.11597],[20480,0.2215,-0.251,7.4129,0.00223,-0.0046,0.12191],[20490,0.188,0.0672,7.4203,0.00014,-0.00489,0.11377],[20500,0.0491,-0.0508,7.5253,0.00092,0.00524,0.13013],[20510,0.1694,0.0919,7.8209,-0.00416,0.01501,0.13096],[20520,0.0055,0.137,8.1007,-0.00732,0.0095,0.14833],[20530,0.2914,0.2712,8.2131,-0.00422,0.00511,0.13257],[20540,0.0635,0.2205,8.1976,0.01194,-0.00905,0.13626],[20550,0.1935,0.3016,8.6311,-0.00117,-0.01551,0.15245],[20560,0.036,0.5401,8.999,0.01128,0.00055,0.1507],[20570,0.0148,0.3656,9.0814,-0.01204,-0.00066,0.16273],[20580,0.0491,0.4766,9.4237,0.00081,-0.00984,0.14755],[20590,0.089,0.3359,9.8679,-0.00785,-0.00906,0.14818],[20600,0.0254,0.453,9.8891,-0.0114,0.00897,0.13795],[20610,-0.0555,0.5915,10.2053,0.00703,-0.01239,0.14064],[20620,-0.098,0.7524,10.5078,-0.00115,0.0026,0.15045],[20630,-0.0934,0.5377,10.83,-0.0061,-0.00625,0.15205],[20640,-0.0472,0.473,11.3089,-0.0055,-0.00126,0.14459],[20650,-0.1097,0.4466,11.2199,-0.00284,0.00604,0.13621],[20660,-0.0908,0.4656,11.4157,-0.0062,-0.00786,0.13546],[20670,-0.1986,0.3711,11.5177,0.00066,0.00347,0.13317],[20680,-0.0441,0.3792,11.8635,0.00641,0.01299,0.14244],[20690,-0.1072,0.6264,12.1203,0.00474,0.00002,0.12946],[20700,-0.3231,0.5594,12.2247,0.01444,-0.0048,0.11752],[20710,-0.2019,0.3489,12.245,0.00146,0.00712,0.1166],[20720,-0.0263,0.2113,12.2355,-0.00365,-0.00937,0.13005],[20730,-0.37,0.2143,12.2011,0.00838,0.0026,0.09145],[20740,-0.0961,0.1983,12.5176,0.00897,-0.01718,0.09508],[20750,-0.414,0.3042,12.2383,-0.00238,0.0023,0.08119],[20760,-0.3894,0.1826,12.341,0.01233,-0.00008,0.09779],[20770,-0.3432,0.2656,11.8607,-0.0037,0.00318,0.08267],[20780,-0.3764,0.2407,11.917,0.00663,-0.00412,0.08149],[20790,-0.253,-0.1484,11.7623,0.00222,0.00682,0.07381],[20800,-0.4457,-0.1119,11.436,-0.00581,-0.00097,0.06523],[20810,-0.5716,-0.1479,11.445,0.00246,-0.00608,0.04881],[20820,-0.3427,-0.2761,11.3351,0.00031,-0.01528,0.03483],[20830,-0.3348,-0.2324,11.0073,0.0107,-0.00134,0.03948],[20840,-0.252,-0.284,10.6468,0.00086,-0.0094,0.01873],[20850,-0.4511,-0.4637,10.2631,-0.00624,0.0035,0.02411],[20860,-0.4444,-0.4011,10.0219,-0.00913,0.00766,0.0089],[20870,-0.2629,-0.7025,10.1261,0.00149,0.00041,0.01918],[20880,-0.5018,-0.4908,9.5084,0.00842,0.00568,0.00001],[20890,-0.4273,-0.5122,9.4746,0.00173,-0.00625,-0.00878],[20900,-0.5228,-0.6091,9.192,0.01202,0.00339,-0.01725],[20910,-0.4964,-0.7792,8.7685,-0.01265,0.01097,-0.03119],[20920,-0.4812,-0.5209,8.8755,-0.01093,-0.00488,-0.03233],[20930,-0.3449,-0.6151,8.1605,0.00492,-0.00106,-0.03794],[20940,-0.4383,-0.7571,8.1484,0.01074,-0.00801,-0.05576],[20950,-0.3094,-0.5639,7.8814,-0.00962,0.01399,-0.06511],[20960,-0.1832,-0.4318,7.9181,-0.01833,0.00081,-0.0662],[20970,-0.442,-0.5105,7.5769,-0.01439,-0.00188,-0.08373],[20980,-0.4112,-0.4154,7.4891,-0.00846,0.00853,-0.08795],[20990,-0.3499,-0.2944,7.3869,0.00744,0.00363,-0.10477],[21000,-0.4209,-0.3944,7.3662,-0.00099,-0.01491,-0.10073],[21010,-0.1494,-0.2825,7.3844,-0.00072,0.01565,-0.11017],[21020,-0.166,-0.3473,7.1691,-0.00632,0.0097,-0.11202],[21030,-0.3644,-0.2654,7.3987,0.00718,-0.00059,-0.10939],[21040,-0.1043,-0.1167,7.6452,0.00266,0.00793,-0.12839],[21050,-0.3115,-0.1287,7.5395,0.00916,0.00458,-0.13448],[21060,-0.1654,-0.0566,7.8194,0.00314,-0.00153,-0.13187],[21070,-0.0339,0.0667,7.8424,-0.00271,0.0033,-0.12827],[21080,0.0963,-0.1001,8.2153,0.00555,-0.00289,-0.13819],[21090,0.0132,0.1358,8.1845,-0.00082,0.01018,-0.13246],[21100,-0.1427,0.4194,8.3537,-0.00692,-0.00366,-0.15326],[21110,-0.2094,0.4152,8.6042,0.01062,-0.00866,-0.14528],[21120,-0.2766,0.1947,9.1051,0.00472,0.02154,-0.14641],[21130,-0.1389,0.3869,9.2929,-0.0095,-0.00178,-0.14493],[21140,0.0039,0.2219,9.6307,-0.00396,0.00293,-0.15425],[21150,0.0542,0.5461,9.6863,0.01062,0.00184,-0.13669],[21160,0.1077,0.622,10.1657,0.00982,0.00752,-0.14633],[21170,0.0516,0.6141,10.4232,0.01315,0.00059,-0.12442],[21180,0.154,0.5161,10.8881,-0.00852,-0.00305,-0.1442],[21190,-0.2773,0.5573,11.2164,-0.01047,0.00812,-0.15312],[21200,0.0479,0.6521,10.9411,-0.00025,0.0022,-0.14104],[21210,0.1546,0.8187,11.4381,-0.00209,0.00881,-0.14041],[21220,0.2452,0.5522,11.6712,-0.00326,0.01175,-0.13234],[21230,0.2083,0.7294,11.7068,0.0014,0.01481,-0.13477],[21240,0.1934,0.4796,12.0457,0.00355,-0.00034,-0.12743],[21250,0.2534,0.3244,12.0046,0.00811,-0.00767,-0.13068],[21260,0.1369,0.4224,11.9854,-0.00487,-0.01627,-0.12337],[21270,-0.0169,0.4427,12.1147,-0.00171,-0.00109,-0.11622],[21280,0.1589,0.405,12.1697,0.00813,0.00201,-0.09723],[21290,0.2055,0.3067,12.375,-0.00455,0.00236,-0.10807],[21300,0.2257,0.1429,12.2647,-0.00052,0.00984,-0.08745],[21310,0.2948,0.1815,12.3113,-0.00252,-0.00213,-0.08704],[21320,0.3106,0.0211,12.3394,0.00171,0.00031,-0.06373],[21330,0.4508,0.1321,12.0998,0.00622,-0.00132,-0.08676],[21340,0.3892,0.1648,11.98,0.00209,0.0056,-0.06631],[21350,0.1883,-0.35,11.7152,0.00256,-0.00518,-0.0751],[21360,0.3405,-0.1271,11.555,-0.01379,0.00546,-0.06522],[21370,0.3101,-0.1675,11.6239,-0.00672,0.00259,-0.04602],[21380,0.2991,-0.2719,11.1617,-0.00952,0.00773,-0.03264],[21390,0.4541,-0.3556,11.0499,-0.00465,0.00447,-0.02276],[21400,0.4364,-0.4944,10.5987,0.00501,0.003,-0.01532],[21410,0.5287,-0.3635,10.234,-0.01041,-0.00016,-0.01023],[21420,0.0001,-0.3072,10.0829,-0.01864,0.00233,-0.00659],[21430,0.2468,-0.4069,9.719,-0.0009,0.01589,0.00968],[21440,0.3395,-0.5882,9.4774,0.0038,0.00178,0.00946],[21450,0.3278,-0.5665,9.0357,-0.01896,0.00046,0.03538],[21460,0.2426,-0.2285,8.9393,-0.00061,0.0086,0.03109],[21470,0.3008,-0.5911,8.7417,0.00943,-0.00682,0.04495],[21480,0.2667,-0.4148,8.5356,0.00215,0.0046,0.03513],[21490,0.3539,-0.7776,7.8739,-0.00729,0.00393,0.05393],[21500,0.1247,-0.4572,8.0142,-0.00255,0.0072,0.05836],[21510,0.316,-0.528,7.8023,-0.00431,-0.00378,0.07453],[21520,0.1594,-0.4552,7.7099,-0.00356,0.00349,0.06211],[21530,0.5264,-0.4136,7.6933,-0.00722,0.00821,0.09005],[21540,0.4122,-0.4673,7.4921,0.00772,-0.00676,0.09231],[21550,0.3667,-0.6256,7.2673,-0.00382,-0.00163,0.09055],[21560,-0.0284,-0.2555,7.389,-0.00044,-0.01307,0.08222],[21570,0.2855,-0.0519,7.3318,-0.00711,-0.00805,0.11703],[21580,0.2485,0.0043,7.2506,-0.01116,0.02035,0.1127],[21590,0.0785,-0.1953,7.3247,0.00674,-0.00689,0.1195],[21600,0.444,0.1567,7.5521,0.00548,0.00628,0.12039],[21610,0.255,0.023,7.4404,-0.00191,0.01227,0.12054],[21620,0.1698,0.1231,7.7176,-0.00271,-0.00417,0.15438],[21630,-0.0192,-0.067,8.0986,0.01313,-0.00311,0.13122],[21640,0.1768,0.0249,7.9756,0.00084,0.00103,0.14144],[21650,0.0958,0.2284,8.3484,-0.00031,0.01824,0.12909],[21660,-0.0933,0.2553,8.5728,0.00139,0.00525,0.15891],[21670,-0.1284,0.4078,8.8353,0.01015,0.00221,0.1438],[21680,-0.1275,0.5889,9.0505,-0.00865,-0.00653,0.14204],[21690,0.1024,0.6156,9.395,-0.01419,-0.00525,0.16247],[21700,-0.0147,0.5462,9.7256,0.00771,0.00103,0.15451],[21710,-0.0712,0.5891,9.8752,0.00575,0.01245,0.13155],[21720,0.0593,0.8074,10.1671,-0.00033,0.00196,0.16262],[21730,-0.1132,0.7971,10.5337,0.01286,0.01267,0.15142],[21740,0.0648,0.3913,10.9118,0.00028,-0.00182,0.14857],[21750,-0.0998,0.5164,11.0178,-0.00228,-0.00239,0.14946],[21760,-0.2785,0.5829,11.3464,-0.00339,0.0008,0.14425],[21770,-0.2273,0.4565,11.3855,-0.00362,-0.01212,0.12455],[21780,-0.3367,0.6841,11.6063,0.01509,0.00287,0.14577],[21790,-0.162,0.4462,11.9338,-0.00078,-0.00356,0.14268],[21800,-0.1693,0.4753,12.0201,-0.01463,0.00146,0.1307],[21810,-0.3025,0.5482,12.0036,-0.00561,0.01118,0.10963],[21820,-0.1852,0.4431,12.2372,0.0023,0.00449,0.1347],[21830,-0.1949,-0.0057,12.1425,0.00655,-0.00039,0.11839],[21840,-0.1864,0.1686,12.0765,0.00547,-0.00865,0.10846],[21850,-0.4936,0.3173,12.4167,-0.00279,0.00942,0.10283],[21860,-0.2373,0.2012,12.3188,0.00712,-0.00677,0.09438],[21870,-0.2576,-0.0098,12.1241,-0.0025,0.00896,0.08093],[21880,-0.4056,0.0852,12.2252,-0.00749,-0.01625,0.07989],[21890,-0.2527,-0.0594,11.8363,0.00589,-0.01008,0.07686],[21900,-0.4475,0.2029,11.9764,0.00266,0.01033,0.08347],[21910,-0.5223,-0.1392,11.9452,-0.01345,0.01412,0.05512],[21920,-0.2964,-0.4025,11.5141,-0.00212,0.01115,0.05737],[21930,-0.3661,-0.0685,11.201,-0.00205,-0.0073,0.05186],[21940,-0.4068,-0.1475,10.7942,0.00132,-0.01189,0.03613],[21950,-0.4367,-0.2978,10.6283,0.00539,0.02468,0.03744],[21960,-0.2944,-0.4095,10.67,-0.00701,-0.01186,0.02023],[21970,-0.3738,-0.5596,10.2953,0.0199,0.00092,0.00324],[21980,-0.305,-0.5088,10.0261,-0.00895,0.00673,0.0017],[21990,-0.3618,-0.716,9.7238,-0.00612,0.01304,-0.01197],[22000,-0.2139,-0.592,9.3453,0.00498,0.00063,-0.02163],[22010,-0.3848,-0.4268,8.8429,-0.00256,0.00195,-0.02974],[22020,-0.2295,-0.5771,8.6049,0.00579,-0.00492,-0.02551],[22030,-0.2367,-0.5818,8.7123,0.01177,0.0049,-0.04326],[22040,-0.6118,-0.3949,8.3348,-0.01312,0.00386,-0.03601],[22050,-0.4661,-0.7814,7.902,-0.00187,0.01385,-0.04743],[22060,-0.354,-0.7176,8.1058,0.00012,0.02341,-0.06447],[22070,-0.2519,-0.5884,7.7765,-0.00093,0.00042,-0.0574],[22080,-0.0383,-0.3145,7.5421,-0.01619,-0.01427,-0.07677],[22090,-0.3268,-0.555,7.5527,-0.00522,-0.00394,-0.09488],[22100,-0.4795,-0.0652,7.38,-0.00328,-0.01736,-0.08312],[22110,-0.2724,-0.2897,7.1821,0.00346,-0.00863,-0.09288],[22120,-0.4421,-0.3986,7.2439,-0.00173,0.00382,-0.10464],[22130,-0.3067,-0.2368,7.3042,0.00085,0.00438,-0.11796],[22140,-0.2921,-0.2534,7.3194,0.00043,0.0235,-0.11925],[22150,-0.3214,0.2313,7.7132,-0.00463,-0.00192,-0.11466],[22160,-0.2646,0.0869,7.6727,0.00501,0.00158,-0.11001],[22170,-0.1193,-0.015,7.7906,-0.00944,-0.01731,-0.14624],[22180,-0.184,0.1156,7.9652,0.00553,-0.00488,-0.13579],[22190,-0.317,-0.0072,7.9072,0.0017,-0.00139,-0.13626],[22200,-0.3442,0.1257,8.0827,-0.00563,0.00474,-0.13672],[22210,-0.0163,0.2143,8.4847,0.00157,-0.00586,-0.1449],[22220,0.0121,0.4594,8.976,0.00395,0.00588,-0.15244],[22230,-0.0846,0.2168,8.9747,0.00325,-0.00573,-0.14003],[22240,0.1329,0.3121,9.1303,0.01141,0.01462,-0.15017],[22250,-0.0361,0.7086,9.5169,0.01385,-0.00917,-0.1502],[22260,-0.0473,0.3349,9.9235,0.00309,-0.0119,-0.13833],[22270,-0.0296,0.7485,10.1376,-0.00014,0.01788,-0.15141],[22280,0.1599,0.6286,10.4621,0.00318,0.00221,-0.15414],[22290,0.1539,0.6746,10.4668,-0.00426,0.01111,-0.14087],[22300,0.2506,0.4441,10.9602,0.00537,0.00322,-0.14566],[22310,0.2654,0.6759,11.1889,0.006,0.00344,-0.14109],[22320,0.3263,0.5363,11.3918,-0.00311,-0.00844,-0.14302],[22330,0.1305,0.8414,11.5684,0.00638,-0.00106,-0.13299],[22340,0.3611,0.5494,11.7979,-0.00023,0.00318,-0.12754],[22350,0.0932,0.54,11.8635,0.01409,-0.00302,-0.14746],[22360,0.4415,0.3031,12.2623,-0.00384,-0.01127,-0.1323],[22370,0.27,0.2361,12.0614,0.01116,0.01039,-0.11702],[22380,0.2432,0.3427,12.201,0.00024,0.00552,-0.11922],[22390,0.2291,0.2282,12.3276,0.01021,0.00998,-0.10439],[22400,0.2972,0.3502,12.1015,-0.0111,-0.01018,-0.10692],[22410,0.102,0.2127,12.2007,0.007,-0.00642,-0.10259],[22420,0.3039,0.3864,12.1606,-0.00658,-0.00012,-0.0782],[22430,0.2094,0.0659,12.302,-0.0001,-0.01333,-0.07548],[22440,0.3081,0.1174,11.917,-0.00873,-0.00121,-0.08394],[22450,0.3416,0.0108,11.9114,-0.00223,-0.00035,-0.06435],[22460,0.5313,-0.274,11.6851,-0.01821,-0.0051,-0.0638],[22470,0.1763,-0.0258,11.5178,0.0141,0.00115,-0.04578],[22480,0.3525,-0.4307,11.5387,-0.0086,0.01206,-0.04778],[22490,0.3528,-0.2234,11.0836,0.0157,-0.00606,-0.03367],[22500,0.178,-0.5662,10.7656,0.0059,-0.00264,-0.02147],[22510,0.5214,-0.4577,10.5348,-0.00064,-0.00195,-0.00955],[22520,0.2313,-0.3233,10.1916,-0.00073,-0.00789,-0.00906],[22530,0.6403,-0.4239,10.0716,0.0005,0.00429,-0.01353],[22540,0.279,-0.6646,9.6175,0.00093,0.00493,0.00327],[22550,0.3231,-0.4795,9.3826,0.01178,-0.00546,0.00476],[22560,0.4024,-0.6559,9.1909,0.01329,0.00403,0.01651],[22570,0.2079,-0.6324,9.0301,-0.00575,0.01182,0.02982],[22580,0.1449,-0.7416,8.4916,-0.00993,0.00177,0.03932],[22590,0.2476,-0.7691,8.6667,0.0013,-0.00692,0.04326],[22600,0.1968,-0.4906,8.1989,-0.00447,-0.00192,0.05769],[22610,0.4943,-0.5499,7.8828,0.00846,-0.01839,0.0643],[22620,0.4304,-0.406,7.6509,0.00097,-0.00191,0.08149],[22630,0.3502,-0.5879,7.472,0.00724,-0.01342,0.09005],[22640,0.1987,-0.3644,7.4736,-0.00208,-0.01155,0.08872],[22650,0.1727,-0.3411,7.3735,0.00028,-0.00409,0.08866],[22660,0.3567,-0.466,7.2917,-0.00139,0.00968,0.08572],[22670,0.2049,-0.3176,7.1338,-0.01889,-0.0091,0.11551],[22680,0.1484,-0.4855,7.4032,-0.00512,-0.0091,0.10812],[22690,0.1645,-0.2434,7.2653,-0.00762,0.01329,0.11826],[22700,0.3642,-0.1101,7.3631,-0.0043,0.00123,0.11174],[22710,0.2933,0.0355,7.4965,0.00029,-0.00878,0.11739],[22720,0.2279,0.1073,7.7153,-0.00366,-0.00023,0.12548],[22730,0.1358,-0.0278,7.532,-0.00412,0.00367,0.13119],[22740,0.0949,0.2066,7.8296,-0.00487,0.00518,0.12873],[22750,0.1038,0.1243,8.3162,0.00847,0.00351,0.13896],[22760,0.0701,0.0376,8.4386,0.01811,0.00441,0.14899],[22770,-0.0585,0.0619,8.4306,0.00108,0.00277,0.14578],[22780,0.0301,0.2838,8.7507,0.01747,0.01889,0.15473],[22790,0.2803,0.4667,9.0872,-0.00359,-0.00976,0.15005],[22800,-0.0039,0.5932,9.2734,-0.00476,0.00441,0.14901],[22810,-0.1398,0.4242,9.6447,0.00193,0.00462,0.15869],[22820,-0.0073,0.591,9.8353,0.0091,0.00347,0.14371],[22830,0.0496,0.6118,10.3101,-0.00485,0.00989,0.148],[22840,-0.0797,0.4721,10.69,0.00022,0.00199,0.15686],[22850,0.0109,0.7638,10.8124,-0.01387,0.01062,0.15585],[22860,0.1556,0.6106,11.0282,-0.00576,-0.00865,0.15722],[22870,-0.1479,0.6098,11.019,0.00834,0.00623,0.13401],[22880,-0.3427,0.7316,11.363,-0.00456,0.00007,0.13746],[22890,-0.2306,0.7509,11.6715,0.00431,-0.00789,0.14626],[22900,-0.2687,0.547,11.9483,0.00709,0.00986,0.13224],[22910,-0.0352,0.6364,11.9099,-0.01217,-0.00931,0.14207],[22920,-0.2252,0.2477,12.0829,0.00661,-0.01016,0.12546],[22930,-0.1244,0.4797,12.1568,-0.00763,-0.01176,0.12011],[22940,-0.4691,0.3119,12.1821,0.00394,-0.01513,0.12926],[22950,-0.1417,0.4049,12.1156,-0.00025,-0.00723,0.09277],[22960,-0.2372,0.3994,12.2492,0.01069,-0.00005,0.1022],[22970,-0.2877,0.1021,12.1786,0.00489,-0.00304,0.10426],[22980,-0.0802,-0.02,12.3299,-0.0155,0.00855,0.10358],[22990,-0.4278,-0.0371,12.0877,0.00644,-0.007,0.07975],[23000,-0.4972,0.0404,11.846,0.0072,-0.00378,0.08689],[23010,-0.5228,-0.1161,11.855,-0.00649,-0.00725,0.0529],[23020,-0.3254,0.066,11.8274,-0.01307,-0.02332,0.06474],[23030,-0.2393,-0.1506,11.3274,-0.00766,-0.00627,0.05024],[23040,-0.3956,-0.1148,11.2946,0.00374,0.00191,0.05267],[23050,-0.6122,-0.3035,10.9124,0.00276,0.00111,0.03676],[23060,-0.5032,-0.4724,10.6931,0.00883,0.01131,0.02351],[23070,-0.3264,-0.5943,10.488,0.005,-0.00868,0.02206],[23080,-0.3066,-0.4944,10.0733,-0.00626,-0.00638,0.00843],[23090,-0.2459,-0.5403,9.8799,-0.00279,-0.00617,0.00988],[23100,-0.3185,-0.6429,9.6452,0.00165,-0.00083,-0.006],[23110,-0.3984,-0.6,9.2574,0.00064,-0.00099,0.0017],[23120,-0.2663,-0.5561,9.0894,0.00911,0.01339,-0.02893],[23130,-0.2898,-0.5302,8.753,0.00624,0.00328,-0.02501],[23140,-0.4857,-0.5996,8.635,0.00143,0.00273,-0.02815],[23150,-0.0953,-0.7066,8.212,-0.00047,0.00874,-0.0518],[23160,-0.1814,-0.5698,7.995,0.00307,0.00097,-0.0489],[23170,-0.389,-0.5129,7.818,-0.00046,-0.00553,-0.07041],[23180,-0.0777,-0.6186,7.7438,-0.0062,0.00092,-0.07287],[23190,-0.3189,-0.5672,7.6562,-0.01018,-0.00118,-0.0686],[23200,-0.2233,-0.4103,7.3507,0.0092,0.01271,-0.08171],[23210,-0.2457,-0.443,7.4692,-0.0046,0.00474,-0.08867],[23220,-0.6364,-0.3125,7.3851,-0.00102,0.00176,-0.08834],[23230,-0.1912,-0.4753,7.3922,-0.00068,-0.00384,-0.10171],[23240,-0.1715,-0.0289,7.2463,-0.01569,0.00441,-0.10494],[23250,-0.3309,-0.2542,7.4491,0.00642,-0.01967,-0.1224],[23260,-0.2395,-0.0647,7.5037,0.0115,0.00828,-0.11523],[23270,-0.1553,-0.2031,7.4876,0.00063,0.01591,-0.14159],[23280,-0.1335,-0.0004,7.6132,-0.01691,-0.01646,-0.13167],[23290,-0.0648,-0.0065,7.5843,-0.00003,-0.00224,-0.12663],[23300,-0.1952,0.0133,7.9489,0.00341,-0.00843,-0.13946],[23310,-0.01,0.2653,8.4442,0.0017,-0.01217,-0.13175],[23320,-0.1014,0.213,8.5681,-0.0047,-0.0072,-0.14748],[23330,-0.1553,0.3802,8.6652,-0.00377,0.00141,-0.14432],[23340,0.103,0.2442,9.1992,-0.00712,0.0008,-0.13531],[23350,-0.1102,0.6548,9.223,0.01151,-0.01948,-0.1429],[23360,0.1299,0.2415,9.5335,0.01275,-0.01379,-0.13775],[23370,-0.0405,0.5681,9.6108,-0.00231,-0.00421,-0.13296],[23380,0.1016,0.5091,10.2261,0.00495,-0.00115,-0.1392],[23390,0.2349,0.5046,10.2919,0.00417,-0.01485,-0.12739],[23400,0.1655,0.4458,10.633,-0.01021,-0.00187,-0.15014],[23410,-0.0715,0.5888,10.7588,-0.00988,0.00745,-0.1498],[23420,0.1451,0.7643,11.1142,0.00472,-0.00475,-0.13331],[23430,0.1533,0.7042,11.1962,0.00602,0.00141,-0.13589],[23440,0.0446,0.4085,11.5263,-0.0087,0.00047,-0.1185],[23450,0.1538,0.5757,11.8665,-0.00339,0.00609,-0.12744],[23460,0.1103,0.8117,11.865,0.01607,-0.01891,-0.12294],[23470,0.0093,0.3395,12.0177,-0.00175,0.00282,-0.12009],[23480,0.324,0.4704,12.0802,-0.00946,-0.0104,-0.12182],[23490,0.257,0.5938,12.2882,0.01028,0.01077,-0.11086],[23500,0.2306,0.3377,12.1794,-0.02641,-0.00553,-0.10308],[23510,0.3455,0.4936,12.5769,-0.00073,-0.01218,-0.10692],[23520,0.1522,0.3243,12.2622,-0.001,-0.00433,-0.08742],[23530,0.5297,0.2294,12.2495,0.00231,0.00058,-0.10317],[23540,0.3915,0.2073,11.9577,-0.00056,-0.00372,-0.08654],[23550,0.2932,0.1896,12.1705,-0.00101,-0.00598,-0.0707],[23560,0.2456,-0.0906,12.1592,-0.01407,0.00111,-0.05633],[23570,0.4849,-0.2906,11.5411,-0.00919,-0.00369,-0.06047],[23580,0.1989,-0.0897,11.6477,0.00472,-0.00482,-0.05334],[23590,0.3044,-0.409,11.3894,0.00014,-0.01791,-0.04828],[23600,0.302,-0.4049,11.0244,0.013,0.00364,-0.02916],[23610,0.1555,-0.2489,11.0071,-0.00608,0.00966,-0.01753],[23620,0.3617,-0.3443,10.5632,0.00241,-0.0009,-0.02368],[23630,0.4021,-0.6931,10.11,0.01045,-0.01009,-0.01186],[23640,0.4311,-0.2857,10.0705,-0.0065,-0.00425,0.01062],[23650,0.2903,-0.5503,9.6612,0.00374,-0.0037,-0.00391],[23660,0.0714,-0.564,9.5644,0.01583,-0.0026,0.01864],[23670,0.423,-0.4827,9.3508,0.00942,0.01435,0.03402],[23680,0.3324,-0.5305,8.907,0.00632,-0.00137,0.03007],[23690,0.3838,-0.6724,8.6398,-0.01079,-0.00184,0.04553],[23700,0.4828,-0.5454,8.3585,-0.00239,-0.00657,0.03726],[23710,0.3014,-0.6798,8.2804,0.01408,0.00903,0.05265],[23720,0.2131,-0.521,7.9933,-0.00541,-0.00723,0.05521],[23730,0.3213,-0.5563,7.7106,0.00426,-0.00245,0.07413],[23740,0.3711,-0.4734,7.5397,0.00675,0.00689,0.09354],[23750,0.1409,-0.4527,7.4932,-0.00466,-0.00419,0.09878],[23760,0.3344,-0.366,7.3248,-0.01759,0.00957,0.08666],[23770,0.5227,-0.3263,7.3392,0.00134,-0.01099,0.09857],[23780,0.0761,-0.3288,7.3079,0.00023,-0.0012,0.09626],[23790,0.2612,-0.0587,7.2833,0.00012,0.00574,0.10974],[23800,0.0739,-0.3058,7.3297,0.00812,-0.00322,0.10167],[23810,0.2158,0.0166,7.3238,-0.00033,0.00712,0.11899],[23820,0.0031,-0.0605,7.3841,-0.00323,-0.02455,0.1111],[23830,0.1625,0.1287,7.6634,0.00574,0.00205,0.1262],[23840,0.1719,0.1926,7.6959,0.00075,-0.00995,0.12188],[23850,0.1893,0.1745,7.9018,0.0069,0.00213,0.13115],[23860,0.1126,0.2917,8.0835,0.00167,0.00548,0.12832],[23870,0.008,0.2168,8.2933,-0.00083,0.01386,0.13669],[23880,0.1594,0.4528,8.6309,0.00849,-0.0006,0.1517],[23890,0.0625,0.4818,8.7721,-0.00248,-0.00883,0.13848],[23900,0.1044,0.3895,9.0207,-0.00202,-0.00554,0.13043],[23910,0.1159,0.3182,9.3606,-0.00488,0.00341,0.14633],[23920,-0.1185,0.4059,9.571,-0.0087,-0.00573,0.1501],[23930,0.1177,0.6254,9.7988,0.00073,0.00549,0.16542],[23940,-0.0615,0.6716,10.4915,-0.00811,0.00054,0.161],[23950,-0.008,0.4918,10.445,0.00504,-0.00837,0.14377],[23960,0.0567,0.6635,10.7703,-0.00221,0.01141,0.14632],[23970,0.0132,0.5727,11.0889,0.00433,0.00652,0.13648],[23980,-0.0412,0.4204,11.1647,0.00304,0.00554,0.14078],[23990,-0.0664,0.6422,11.6004,-0.0087,0.00463,0.13995],[24000,-0.203,0.5748,11.8072,0.01461,-0.00024,0.14095],[24010,-0.3191,0.3494,11.9926,-0.01601,-0.00062,0.13211],[24020,-0.286,0.5987,11.9931,-0.00161,0.0045,0.12415],[24030,-0.1029,0.3084,12.0934,-0.00442,0.00895,0.12439],[24040,-0.267,0.5038,12.2123,0.00093,0.00059,0.11622],[24050,-0.0166,0.2489,12.2788,0.00176,0.002,0.12178],[24060,-0.2729,0.4246,12.2662,-0.01418,0.00362,0.11448],[24070,-0.2323,0.1239,12.3914,-0.00801,0.00778,0.11426],[24080,-0.2849,0.2479,12.2485,0.00645,-0.0046,0.09289],[24090,-0.2286,0.1397,12.0293,0.00233,0.01418,0.09456],[24100,-0.4525,-0.1127,12.071,0.00016,-0.00059,0.09496],[24110,-0.2812,0.0457,11.9868,0.01241,-0.00033,0.06698],[24120,-0.293,0.0943,11.6359,-0.00347,-0.00756,0.05242],[24130,-0.4185,-0.0467,11.4978,0.00065,-0.00412,0.06467],[24140,-0.0925,-0.2087,11.4176,0.002,-0.00593,0.04912],[24150,-0.3115,-0.3336,11.3616,0.01623,0.00422,0.0409],[24160,-0.5198,-0.1713,11.138,-0.01148,-0.00893,0.04178],[24170,-0.3137,-0.4018,10.8556,-0.00062,-0.01126,0.02412],[24180,-0.4449,-0.3261,10.3963,0.00653,0.0035,0.02462],[24190,-0.2744,-0.4858,10.0815,-0.01512,-0.00394,0.00615],[24200,-0.3707,-0.4219,9.8189,0.00751,-0.00185,0.02225],[24210,-0.4416,-0.3133,9.3985,-0.00561,-0.01033,-0.02116],[24220,-0.1774,-0.6037,9.2903,-0.00806,-0.00142,-0.00989],[24230,-0.3921,-0.6288,9.1321,0.00239,-0.00501,-0.01632],[24240,-0.2703,-0.515,8.7659,-0.00293,0.00755,-0.01663],[24250,-0.3587,-0.4947,8.4328,-0.0044,0.00276,-0.03249],[24260,-0.3729,-0.5546,8.3646,-0.00282,-0.00433,-0.0489],[24270,-0.4685,-0.4523,8.0468,0.00898,-0.00852,-0.06414],[24280,-0.2793,-0.5594,7.9909,-0.01684,-0.0035,-0.07088],[24290,-0.2207,-0.2845,7.775,-0.00753,0.00894,-0.07108],[24300,-0.5151,-0.4639,7.6319,0.00958,0.00224,-0.07188],[24310,-0.3404,-0.4195,7.4905,0.01206,-0.00567,-0.07844],[24320,-0.1805,-0.3899,7.2361,-0.00583,0.00235,-0.08784],[24330,-0.274,-0.4837,7.3996,-0.00281,0.00199,-0.09624],[24340,-0.0916,-0.3367,7.4418,-0.00326,0.00249,-0.11303],[24350,-0.1515,-0.3247,7.4398,-0.00526,-0.01104,-0.10454],[24360,-0.2366,-0.1406,7.312,0.00694,0.00032,-0.11383],[24370,-0.2708,-0.1508,7.4207,-0.00466,-0.00765,-0.10723],[24380,-0.0599,-0.152,7.6103,-0.00129,0.00064,-0.11394],[24390,-0.0059,0.0851,7.5017,0.00575,0.01457,-0.14458],[24400,-0.1374,0.2261,7.7498,-0.00819,0.00039,-0.13391],[24410,-0.1807,0.0848,8.167,0.00166,0.00298,-0.13077],[24420,-0.1282,0.4218,8.2682,-0.00573,0.01187,-0.13066],[24430,-0.1828,0.2991,8.6163,-0.00672,0.00756,-0.1456],[24440,-0.3288,0.3537,8.6916,0.00214,0.00929,-0.1572],[24450,0.0353,0.5274,8.9707,0.00354,-0.00945,-0.13426],[24460,-0.0544,0.4647,9.184,-0.00183,-0.00617,-0.14098],[24470,0.1212,0.6053,9.5784,0.00928,0.00413,-0.1468],[24480,0.0477,0.5132,9.8951,0.00011,0.00473,-0.14449],[24490,0.1609,0.3757,10.2848,0.00345,0.00226,-0.15697],[24500,0.2469,0.6441,10.4723,0.00658,-0.00841,-0.14909],[24510,0.0406,0.5618,10.6072,0.00424,0.01309,-0.15192],[24520,0.0982,0.6728,10.7892,0.00543,-0.00687,-0.12724],[24530,0.1348,0.4643,10.9317,-0.01343,-0.0147,-0.13804],[24540,0.0623,0.4583,11.3965,-0.00036,0.0073,-0.14095],[24550,0.0846,0.7507,11.7756,0.00649,0.00566,-0.12644],[24560,0.1199,0.378,11.5787,-0.00529,-0.00443,-0.13459],[24570,0.1582,0.3679,11.8669,-0.02379,0.00631,-0.1344],[24580,0.258,0.6275,12.1204,-0.00971,-0.01327,-0.11498],[24590,0.2457,0.3869,12.1655,0.00292,0.00757,-0.10826],[24600,0.3153,0.4112,12.2507,0.00263,0.00305,-0.11184],[24610,0.3227,0.2488,12.2876,0.00132,-0.01268,-0.11655],[24620,0.2372,0.4631,12.246,-0.00973,-0.00767,-0.11025],[24630,0.2674,0.2184,12.2359,-0.00357,0.00625,-0.09215],[24640,0.051,0.2436,12.3501,0.0047,-0.00273,-0.0915],[24650,0.3263,0.1154,12.0535,0.00652,-0.00619,-0.07426],[24660,0.2143,-0.0465,11.9235,0.01068,-0.00791,-0.05953],[24670,0.4766,-0.0626,12.0826,-0.00181,-0.01225,-0.07135],[24680,0.3481,-0.1619,11.7923,0.00103,-0.00669,-0.06591],[24690,0.392,-0.1613,11.5554,-0.0027,-0.00688,-0.03844],[24700,0.5075,-0.2285,11.3686,0.00816,-0.00424,-0.04572],[24710,0.271,-0.5007,11.2054,-0.01258,-0.00298,-0.04888],[24720,0.3071,-0.3202,10.8399,0.00473,-0.01132,-0.01193],[24730,0.4764,-0.4619,10.6662,-0.01194,-0.00353,-0.03444],[24740,0.3108,-0.5782,10.32,-0.00271,0.00298,-0.0119],[24750,0.2713,-0.3982,10.0389,0.00164,-0.00111,-0.00802],[24760,0.193,-0.5371,9.6728,0.00087,-0.0051,0.00012],[24770,0.4161,-0.463,9.527,0.01738,0.01367,0.01076],[24780,0.3603,-0.6553,9.3334,-0.00607,-0.00464,0.01487],[24790,0.3168,-0.697,9.1865,-0.01016,0.00009,0.02968],[24800,0.3666,-0.5579,8.5341,-0.00668,-0.00953,0.03431],[24810,0.3639,-0.7427,8.4516,-0.00015,-0.00304,0.04412],[24820,0.6655,-0.6982,8.3317,-0.01428,-0.02768,0.0453],[24830,0.2379,-0.4542,7.9595,0.00377,0.00157,0.07018],[24840,0.2669,-0.582,7.7628,0.0022,0.00658,0.07179],[24850,0.3278,-0.3613,7.6893,-0.00168,-0.01493,0.0823],[24860,0.232,-0.498,7.4225,-0.00448,0.00241,0.07704],[24870,0.302,-0.4329,7.2995,0.00323,0.00957,0.08875],[24880,0.3743,-0.5741,7.443,-0.00248,-0.00919,0.0953],[24890,0.2214,-0.5506,7.2608,0.00865,0.01657,0.09876],[24900,0.2132,-0.3263,7.2188,-0.01094,0.00286,0.09564],[24910,0.2712,0.0108,7.4719,0.0106,-0.0023,0.12234],[24920,0.1106,-0.2689,7.5603,0.01376,-0.01773,0.12204],[24930,0.0012,-0.1591,7.515,-0.00179,0.00108,0.11331],[24940,0.373,-0.0084,7.4195,0.00819,-0.00943,0.12457],[24950,0.0719,0.1566,7.6088,-0.00677,-0.00021,0.13182],[24960,0.0571,0.178,8.0195,-0.0077,-0.00992,0.13566],[24970,0.0447,0.1551,8.017,0.0119,0.01969,0.16065],[24980,0.1421,0.1997,8.536,0.01299,-0.00621,0.14745],[24990,0.0406,0.3497,8.2464,-0.00545,-0.00452,0.14227],[25000,0.1794,0.0813,8.9222,-0.00522,-0.00269,0.14651],[25010,0.1356,0.4165,8.988,0.00306,0.00885,0.15925],[25020,0.0227,0.4659,9.3745,0.00595,0.00354,0.1403],[25030,-0.146,0.5862,9.6655,0.00781,0.00293,0.1462],[25040,-0.1853,0.3265,10.0128,-0.00107,0.0043,0.14525],[25050,-0.0398,0.4565,10.1142,-0.00047,-0.01212,0.13922],[25060,-0.0861,0.4866,10.6462,0.00772,-0.00321,0.13849],[25070,-0.0461,0.3745,10.8365,-0.00586,-0.00375,0.1538],[25080,0.0133,0.7169,10.9068,0.00408,0.00146,0.14616],[25090,-0.1389,0.5761,11.3298,-0.01687,0.00113,0.13393],[25100,-0.02,0.7143,11.6965,-0.0046,-0.00514,0.14449],[25110,-0.2292,0.5429,11.6112,-0.00113,-0.00407,0.1386],[25120,-0.3398,0.4927,11.9093,0.00122,0.02089,0.13083],[25130,-0.1607,0.3162,11.9964,0.00109,0.00544,0.12983],[25140,-0.2008,0.485,12.1958,-0.00479,0.01157,0.13415],[25150,-0.2229,0.6256,12.0792,-0.00047,-0.00485,0.12327],[25160,-0.177,0.1274,12.2116,-0.00315,-0.00961,0.10536],[25170,-0.0906,0.3563,12.3186,0.00153,0.01096,0.10986],[25180,-0.2323,0.3894,12.3038,0.01047,0.00182,0.10521],[25190,-0.1648,0.1014,12.2061,0.003,-0.00079,0.11426],[25200,-0.3526,0.1065,12.3017,0.00788,-0.00229,0.08781],[25210,-0.2435,0.0672,12.0094,-0.00672,-0.00216,0.07631],[25220,-0.3621,-0.3067,12.1957,0.00714,-0.00327,0.06886],[25230,-0.4207,-0.2521,11.8794,0.00242,0.00264,0.06652],[25240,-0.3702,0.0044,11.3999,-0.0154,0.00049,0.05899],[25250,-0.2157,-0.0884,11.4252,-0.00681,-0.00651,0.05861],[25260,-0.4501,-0.3066,11.363,0.00156,-0.00945,0.04576],[25270,-0.3443,-0.4284,11.1712,0.00615,-0.00629,0.04051],[25280,-0.3652,-0.4089,10.8203,-0.00388,0.00539,0.02668],[25290,-0.4458,-0.4959,10.4418,-0.00602,0.00967,0.01791],[25300,-0.1967,-0.3364,10.1395,0.00895,-0.0009,0.02024],[25310,-0.4502,-0.4413,9.9957,0.00654,-0.01119,0.0058],[25320,-0.2832,-0.4984,9.5776,0.00987,-0.01232,-0.00744],[25330,-0.3622,-0.5128,9.3099,0.00957,-0.00884,-0.01621],[25340,-0.0155,-0.5321,8.8707,0.01521,-0.00246,-0.0286],[25350,-0.3363,-0.7423,8.6645,-0.00147,0.00898,-0.03285],[25360,-0.2813,-0.5619,8.6857,-0.0002,-0.00386,-0.02021],[25370,-0.3003,-0.5373,8.3816,-0.00468,0.00178,-0.03756],[25380,-0.4106,-0.5654,8.1483,0.0021,0.01173,-0.0515],[25390,-0.2647,-0.5208,7.8183,0.01233,0.00959,-0.06897],[25400,-0.4392,-0.5233,7.6388,-0.00545,-0.01016,-0.06675],[25410,-0.3547,-0.2893,7.5189,0.00101,0.00357,-0.07362],[25420,-0.2391,-0.4478,7.2227,-0.00337,-0.00402,-0.07965],[25430,-0.1268,-0.3303,7.2562,0.01309,0.01134,-0.08475],[25440,-0.1393,-0.3189,7.3398,0.00281,-0.00017,-0.08619],[25450,-0.3539,-0.2999,7.2629,0.01098,-0.00183,-0.09386],[25460,-0.325,-0.5265,7.2608,0.00185,0.00805,-0.09765],[25470,-0.1495,-0.3114,7.1701,0.00721,-0.01395,-0.12458],[25480,-0.2535,0.0408,7.3902,-0.00625,0.00194,-0.1226],[25490,-0.2492,-0.2211,7.5275,-0.00378,0.00453,-0.12738],[25500,-0.0726,0.1563,7.6011,0.00022,0.01022,-0.12552],[25510,-0.2852,-0.088,7.8246,0.00009,-0.00067,-0.13139],[25520,-0.1099,0.2065,8.0174,0.00895,-0.00087,-0.13013],[25530,-0.119,0.015,8.2916,0.00796,-0.00263,-0.15181],[25540,-0.1432,0.1237,8.4717,0.00465,0.01255,-0.13899],[25550,0.0394,0.3317,8.4732,0.00248,-0.00103,-0.14906],[25560,0.098,0.2765,8.9815,-0.00566,-0.00455,-0.13922],[25570,-0.0744,0.3798,9.0707,0.01261,0.00191,-0.12743],[25580,0.093,0.4384,9.382,0.00476,-0.0124,-0.12746],[25590,-0.0577,0.5559,9.9968,0.01347,0.00501,-0.14236],[25600,0.2138,0.72,9.8445,-0.00654,-0.00242,-0.14637],[25610,-0.1356,0.3684,10.4209,-0.0152,0.00271,-0.14406],[25620,0.0816,0.5489,10.7375,0.00137,-0.01448,-0.13922],[25630,0.2077,0.518,10.8039,0.0019,0.0178,-0.13355],[25640,0.1153,0.5625,11.0189,0.00559,0.00956,-0.15146],[25650,-0.0812,0.4854,11.3261,0.01755,-0.00239,-0.12941],[25660,0.1451,0.8921,11.4481,0.00719,0.00403,-0.1434],[25670,0.2123,0.3029,11.6956,0.00433,0.00239,-0.12022],[25680,0.4138,0.5965,12.0456,0.00146,0.00592,-0.13344],[25690,0.3204,0.5038,12.0159,0.00931,0.00253,-0.12739],[25700,0.2211,0.4354,12.3074,-0.01814,0.00954,-0.11848],[25710,0.138,0.55,12.5151,-0.00157,0.00101,-0.09992],[25720,0.2614,0.3631,12.2234,0.00285,0.00068,-0.11417],[25730,0.1885,0.2088,12.472,0.01348,0.00981,-0.09982],[25740,0.3228,0.1941,12.5081,-0.00304,0.00196,-0.10055],[25750,0.2675,-0.0738,12.1821,0.00191,0.0099,-0.08943],[25760,0.2678,0.2033,12.1525,-0.00595,0.00572,-0.08422],[25770,0.3761,0.0116,12.1985,0.00852,0.00065,-0.0759],[25780,0.1906,-0.0841,11.9835,0.02197,0.00485,-0.07062],[25790,0.2238,0.1001,11.8295,-0.01775,0.01653,-0.05863],[25800,0.4339,-0.0874,11.4872,-0.00195,-0.00195,-0.06336],[25810,0.3327,-0.3445,11.3461,0.00181,0.00491,-0.03421],[25820,0.1343,-0.466,11.103,0.0046,-0.00137,-0.02811],[25830,0.4035,-0.3501,11.0226,-0.00151,-0.01168,-0.02692],[25840,0.3363,-0.444,10.4922,0.0085,0.00179,-0.01707],[25850,0.319,-0.426,10.1028,-0.00442,-0.00241,-0.0037],[25860,0.3302,-0.6548,10.1603,-0.01492,0.00192,-0.00627],[25870,0.3628,-0.2938,9.9938,0.01037,-0.00773,-0.00138],[25880,0.4385,-0.5944,9.1777,0.01097,0.00256,-0.00669],[25890,0.4421,-0.3758,9.084,0.00429,-0.00589,0.01738],[25900,0.2206,-0.5659,8.7094,-0.00466,0.01899,0.03682],[25910,0.41,-0.8119,8.7957,0.01509,0.00602,0.0294],[25920,0.1877,-0.3314,8.4106,-0.00929,0.00636,0.05777],[25930,0.3617,-0.4612,8.0264,-0.01671,0.01473,0.04034],[25940,0.2572,-0.5455,7.9576,0.00843,0.00991,0.07052],[25950,0.585,-0.6675,7.8288,0.00844,0.00649,0.08322],[25960,0.3926,-0.7934,7.6833,0.01967,0.00659,0.0783],[25970,0.2523,-0.4131,7.6529,-0.00041,-0.00027,0.08737],[25980,0.3698,-0.5676,7.3852,0.00332,-0.0057,0.08958],[25990,0.3559,-0.2072,7.5409,0.01242,0.01785,0.11557],[26000,0.1683,-0.5901,7.3214,-0.00502,0.00455,0.11091],[26010,0.3312,-0.2372,7.1446,-0.0184,0.00583,0.11123],[26020,0.2915,-0.3708,7.3618,0.00096,0.0045,0.12992],[26030,0.3396,-0.1699,7.1902,-0.00732,0.00529,0.11713],[26040,0.14,-0.097,7.3692,-0.00244,0.0093,0.11586],[26050,0.1717,-0.1311,7.5311,0.0088,-0.00059,0.14036],[26060,0.308,-0.1762,7.6541,0.00538,0.00392,0.13532],[26070,0.1404,0.1408,7.7912,-0.00036,-0.00086,0.13709],[26080,0.0219,0.2643,8.1482,0.0128,-0.01009,0.12738],[26090,-0.1653,0.3091,8.5202,0.01028,0.00876,0.15013],[26100,0.2377,0.4062,8.6575,0.00445,0.0104,0.15076],[26110,0.2357,0.3233,8.8632,0.00804,0.00309,0.14495],[26120,0.1615,0.4138,9.1287,-0.00847,0.01115,0.16041],[26130,0.0418,0.2728,9.1542,-0.00892,0.00937,0.1488],[26140,0.0962,0.4114,9.7447,0.00884,-0.00681,0.14667],[26150,0.0618,0.6541,9.9661,-0.0016,-0.00318,0.15635],[26160,0.099,0.5209,10.1956,-0.00386,0.00797,0.15433],[26170,-0.0607,0.6259,10.6911,0.00323,-0.00366,0.15597],[26180,-0.0522,0.5665,10.9957,-0.00506,-0.0026,0.14849],[26190,-0.1175,0.6802,11.0554,-0.02094,-0.00107,0.15289],[26200,-0.0477,0.5407,11.2314,-0.00616,0.00682,0.14755],[26210,-0.2336,0.6314,11.4209,0.00255,-0.0065,0.14866],[26220,-0.0791,0.3312,11.7341,0.01164,-0.01002,0.13535],[26230,-0.2327,0.7546,12.0438,0.00647,0.00558,0.12673],[26240,-0.2441,0.506,11.9522,0.00096,0.00615,0.12322],[26250,-0.3519,0.4316,12.0893,-0.01638,-0.01121,0.13245],[26260,-0.0929,0.5635,12.0918,-0.00511,-0.00069,0.13246],[26270,-0.1112,0.2943,12.3263,-0.00859,-0.00784,0.11239],[26280,-0.2425,0.2996,12.3638,0.00024,0.00191,0.10486],[26290,-0.226,0.3317,12.0956,-0.00065,-0.00499,0.1003],[26300,-0.3522,0.204,12.1061,-0.01818,0.00592,0.08906],[26310,-0.1829,0.0415,12.209,0.00392,-0.0087,0.09211],[26320,-0.2982,0.1222,12.0822,-0.00499,-0.00344,0.07761],[26330,-0.1229,-0.0932,12.0307,0.0105,0.00067,0.09705],[26340,-0.4986,0.0366,11.7508,0.00462,-0.01268,0.07066],[26350,-0.403,-0.2011,11.4022,0.0032,0.00834,0.05271],[26360,-0.4735,-0.3982,11.5387,0.00882,0.00639,0.04827],[26370,-0.3192,-0.3017,11.3222,-0.00268,0.00934,0.0525],[26380,-0.4108,-0.4725,10.9397,-0.01252,0.00133,0.03475],[26390,-0.2662,-0.5563,10.6691,0.00298,-0.00283,0.01697],[26400,-0.3239,-0.2868,10.5792,0.01195,0.00714,0.00167],[26410,-0.0544,-0.3493,10.3032,0.00152,-0.01362,0.00691],[26420,-0.2892,-0.4618,9.7797,-0.00075,-0.00069,0.00831],[26430,-0.5424,-0.4507,9.522,-0.0048,-0.0122,-0.00683],[26440,-0.4186,-0.5053,9.6,0.0019,-0.00641,-0.00548],[26450,-0.1361,-0.5143,9.2045,-0.00387,-0.01496,-0.01975],[26460,-0.2521,-0.7076,8.7244,0.00205,0.01275,-0.03894],[26470,-0.1997,-0.6139,8.4078,0.00198,0.00341,-0.04071],[26480,-0.3406,-0.5744,8.2842,0.00175,-0.01378,-0.03307],[26490,-0.2312,-0.6831,8.0545,-0.001,0.00418,-0.0633],[26500,-0.2882,-0.4389,7.9966,0.00567,0.00429,-0.05405],[26510,-0.5776,-0.4911,7.6905,0.00887,-0.00714,-0.07857],[26520,-0.3745,-0.6366,7.451,-0.01711,0.01449,-0.07728],[26530,-0.3812,-0.3148,7.554,0.01248,-0.00131,-0.07957],[26540,-0.3473,-0.2858,7.2357,0.00685,-0.00923,-0.08493],[26550,-0.1811,-0.3686,7.1323,-0.00047,-0.0068,-0.09843],[26560,-0.2315,-0.1079,7.4728,0.01591,0.0031,-0.10848],[26570,-0.2748,-0.3793,7.4795,-0.01073,0.01746,-0.11183],[26580,-0.2079,-0.0854,7.481,0.01004,0.00846,-0.11399],[26590,-0.1354,-0.1235,7.3647,0.00995,-0.01519,-0.11715],[26600,-0.1259,0.1522,7.5414,0.00723,-0.01798,-0.12296],[26610,-0.1824,0.1786,7.6241,0.00083,-0.00668,-0.10481],[26620,-0.0808,-0.0514,7.7983,0.00571,-0.00943,-0.14521],[26630,-0.0481,0.1776,7.898,-0.0059,-0.00841,-0.1318],[26640,-0.1331,0.2225,8.2915,0.00642,-0.00594,-0.14569],[26650,-0.0676,0.0482,8.3549,-0.00273,-0.00018,-0.13838],[26660,-0.0997,0.3211,8.6255,0.00286,-0.00406,-0.15082],[26670,-0.1254,0.3272,8.9003,-0.00479,-0.01264,-0.13697],[26680,0.0188,0.4261,9.1896,0.01477,0.00594,-0.1402],[26690,0.1896,0.62,9.4324,0.00859,-0.01768,-0.14344],[26700,0.0743,-0.1665,9.8384,-0.01358,-0.008,0.0027],[26710,-0.1063,-0.0984,9.7644,0.01068,0.00603,0.0144],[26720,0.0801,0.2398,9.787,0.00495,0.00159,0.01681],[26730,-0.1118,0.0188,9.7147,0.00106,-0.00048,0.00101],[26740,0.0122,-0.0826,9.7919,0.00826,0.00088,0.00799],[26750,0.0356,-0.0873,9.8415,0.00061,0.00021,-0.00876],[26760,-0.0125,-0.0191,9.8757,0.00427,-0.00489,-0.00248],[26770,-0.0056,0.1253,9.7874,0.00539,-0.00573,0.00664],[26780,-0.0216,0.0517,9.9146,0.00016,-0.00553,0.00764],[26790,0.1676,-0.0686,9.8077,-0.00538,0.01027,0.00208],[26800,-0.0534,0.1485,9.9359,-0.00325,0.0024,0.00365],[26810,0.0207,-0.1414,9.7875,-0.00331,-0.01375,-0.00461],[26820,0.0064,-0.0803,9.7514,0.002,-0.01678,0.00528],[26830,0.029,-0.2159,9.6864,-0.00105,-0.00204,0.00675],[26840,-0.0275,-0.018,9.7613,-0.00764,0.00183,-0.00403],[26850,0.142,-0.0903,9.9674,0.00309,0.00313,-0.00165],[26860,-0.0125,-0.125,9.6744,-0.00048,-0.00187,-0.00442],[26870,0.0123,0.2085,9.9336,-0.00345,0.00367,-0.00004],[26880,-0.0045,0.021,9.8254,-0.00353,-0.00326,-0.00725],[26890,-0.0342,-0.011,9.5946,-0.00104,0.00351,-0.00881],[26900,-0.1042,-0.0878,9.8582,-0.00204,0.00016,-0.00068],[26910,0.0391,-0.0057,9.8078,0.01551,0.00095,0.00959],[26920,-0.0812,-0.0337,9.8016,-0.00106,0.0021,0.00817],[26930,0.0945,0.2223,9.6799,-0.00375,-0.003,0.00151],[26940,0.1063,0.0155,9.7543,0.01444,-0.00296,-0.00547],[26950,-0.0406,-0.1971,9.6186,0.01289,-0.00095,-0.02438],[26960,0.0493,-0.0804,9.701,-0.00945,-0.00095,-0.01874],[26970,-0.0368,-0.1215,9.8959,-0.00164,-0.00241,0.00227],[26980,0.0132,-0.0243,9.8774,0.0164,-0.01225,0.00313],[26990,0.1031,0.0082,9.8219,-0.00782,0.00631,-0.0036],[27000,-0.0449,-0.0688,9.847,0.00286,-0.0061,0.00754],[27010,0.0965,-0.0572,9.9217,-0.00013,0.01492,0.0223],[27020,-0.1053,-0.0744,9.9057,-0.01071,0.00336,-0.0127],[27030,0.0889,0.1114,9.8092,0.00146,-0.00157,0.00458],[27040,0.0938,-0.0099,9.812,0.00381,-0.0094,0.0054],[27050,-0.0857,0.1033,9.664,-0.00099,-0.00207,0.0018],[27060,-0.1242,0.1627,9.6879,0.01683,0.0055,0.00516],[27070,0.1717,-0.088,9.8211,-0.00749,-0.01707,0.00804],[27080,-0.0664,0.0366,9.8507,0.00195,-0.00049,-0.00291],[27090,0.1929,-0.0577,9.8339,-0.01093,0.00219,0.00833],[27100,0.1413,0.1095,9.6344,0.0031,0.00268,0.0211],[27110,0.0443,-0.0462,9.781,0.00128,-0.01127,0.00312],[27120,0.1492,0.0721,10.0497,-0.00083,-0.00826,-0.00117],[27130,0.0045,0.0807,9.7493,-0.00802,0.01107,0.00077],[27140,0.0856,-0.0227,9.7196,-0.00144,-0.02199,-0.01011],[27150,0.0503,0.0473,9.7398,-0.00617,0.00124,0.00195],[27160,0.0841,-0.0705,9.6259,0.00471,-0.00091,-0.00994],[27170,0.082,-0.2152,9.9057,0.00464,-0.00911,-0.00379],[27180,0.2891,0.1338,9.9018,-0.00182,0.00202,0.00016],[27190,-0.2702,-0.0097,9.8594,0.00639,-0.00011,0.00478],[27200,-0.1528,-0.1619,9.8965,0.00223,-0.00754,0.01133],[27210,0.2749,-0.0164,9.7037,0.00225,0.01004,-0.00957],[27220,0.0015,-0.1429,9.9201,0.00791,-0.0038,0.00984],[27230,-0.279,-0.1074,9.6692,-0.00133,-0.00936,-0.00548],[27240,-0.3208,0.0598,10.0708,-0.00244,-0.00586,0.0076],[27250,0.0613,-0.1257,9.8884,-0.00781,-0.00331,0.0083],[27260,-0.0991,-0.1055,9.9226,0.01359,-0.00168,0.00692],[27270,0.0186,-0.2057,10.0463,-0.01111,-0.0082,0.0064],[27280,0.0462,-0.0785,9.8967,0.00752,-0.00165,0.01195],[27290,0.055,-0.269,9.8464,-0.00643,-0.00566,-0.0048],[27300,0.1529,0.1816,10.0704,0.00439,-0.00167,0.00199],[27310,-0.0931,0.0026,9.775,-0.00341,0.00018,0.0086],[27320,0.139,-0.0885,9.6935,0.00971,-0.00095,0.00738],[27330,-0.14,0.093,9.8143,0.00348,0.00981,0.013],[27340,-0.0977,0.0945,9.8078,-0.0131,-0.0169,-0.00083],[27350,0.0912,-0.0685,9.8747,0.00051,0.00844,-0.00223],[27360,-0.17,-0.3049,9.6684,-0.00035,-0.00043,0.00244],[27370,-0.096,0.0104,9.6256,0.00048,0.00264,-0.00782],[27380,-0.2544,-0.0068,9.8564,-0.00278,0.0107,0.00383],[27390,0.1273,-0.0976,9.7553,-0.01399,0.00657,0.01802],[27400,0.2362,-0.0469,9.9228,-0.00661,-0.00541,-0.00249],[27410,-0.015,-0.128,9.6525,0.00445,0.00881,0.00727],[27420,-0.0041,-0.1293,9.8337,0.00147,-0.00231,0.00296],[27430,0.066,0.151,9.9428,0.01536,0.00824,-0.00335],[27440,0.1968,0.0888,9.6775,-0.00315,0.00741,-0.00214],[27450,-0.09,-0.1167,9.6353,0.00805,0.01437,-0.00558],[27460,0.1667,-0.039,9.7085,-0.0048,-0.0031,-0.01036],[27470,-0.1001,-0.1829,9.7825,0.00694,-0.00754,-0.01856],[27480,0.0178,-0.0652,9.8727,-0.00369,-0.001,-0.00402],[27490,0.2192,-0.0386,9.6263,0.01197,0.00264,0.0029],[27500,-0.0347,0.0532,9.7025,-0.0134,0.00811,0.00346],[27510,-0.1854,0.0671,9.7735,0.00499,0.00234,0.00101],[27520,0.0793,0.23,9.9912,-0.0051,-0.00531,0.00021],[27530,-0.003,0.1254,9.7806,-0.0095,0.00953,0.01245],[27540,0.0785,-0.0476,9.903,-0.00316,-0.00421,0.01072],[27550,-0.101,-0.0379,9.8595,0.00619,0.00301,0.01151],[27560,0.0744,-0.0131,9.8946,0.00606,-0.00238,0.00187],[27570,0.3408,-0.0573,9.719,0.00526,0.01089,0.01492],[27580,0.1774,0.0023,9.9863,0.01056,0.00551,-0.00266],[27590,-0.1081,-0.1888,10.0272,-0.00877,0.01212,0.00173],[27600,-0.0981,-0.0737,9.789,0.00619,-0.00359,0.00358],[27610,0.1385,-0.0796,9.9166,-0.00292,-0.00427,-0.00394],[27620,0.034,-0.1594,9.6707,0.01086,0.00528,-0.01189],[27630,-0.0725,0.1412,9.6993,0.01452,0.01141,-0.0043],[27640,0.0002,0.0911,9.7709,-0.00607,-0.00692,0.01695],[27650,0.028,0.059,9.7339,0.00145,-0.01039,-0.0025],[27660,-0.0154,-0.0386,9.7906,0.01224,-0.00212,0.00931],[27670,-0.0781,-0.0701,9.7136,-0.0081,0.00205,0.00206],[27680,-0.0878,0.1822,9.6212,0.00647,-0.0157,-0.0068],[27690,-0.0333,-0.1331,9.9971,0.01236,-0.00204,0.01127],[27700,-0.0424,0.0093,9.6713,0.00405,0.0062,0.01029]],"game":[[0,0,0,-0.316329,0.94865],[20,0,0,-0.31755,0.948241],[40,0,0,-0.316637,0.948547],[60,0,0,-0.316806,0.94849],[80,0,0,-0.31733,0.948315],[100,0,0,-0.317409,0.948289],[120,0,0,-0.317779,0.948165],[140,0,0,-0.317381,0.948298],[160,0,0,-0.316885,0.948464],[180,0,0,-0.316887,0.948463],[200,0,0,-0.31727,0.948335],[220,0,0,-0.316696,0.948527],[240,0,0,-0.317453,0.948274],[260,0,0,-0.31727,0.948335],[280,0,0,-0.31808,0.948064],[300,0,0,-0.316689,0.94853],[320,0,0,-0.317305,0.948323],[340,0,0,-0.316765,0.948504],[360,0,0,-0.316992,0.948428],[380,0,0,-0.316841,0.948479],[400,0,0,-0.317414,0.948287],[420,0,0,-0.316887,0.948463],[440,0,0,-0.317902,0.948124],[460,0,0,-0.317842,0.948144],[480,0,0,-0.318001,0.94809],[500,0,0,-0.317306,0.948323],[520,0,0,-0.316892,0.948461],[540,0,0,-0.316595,0.948561],[560,0,0,-0.317914,0.94812],[580,0,0,-0.316842,0.948478],[600,0,0,-0.317102,0.948391],[620,0,0,-0.317139,0.948379],[640,0,0,-0.317003,0.948425],[660,0,0,-0.317472,0.948267],[680,0,0,-0.317363,0.948304],[700,0,0,-0.31678,0.948499],[720,0,0,-0.317375,0.9483],[740,0,0,-0.318179,0.948031],[760,0,0,-0.317831,0.948148],[780,0,0,-0.317718,0.948185],[800,0,0,-0.318199,0.948024],[820,0,0,-0.316447,0.94861],[840,0,0,-0.318016,0.948085],[860,0,0,-0.31741,0.948288],[880,0,0,-0.317306,0.948323],[900,0,0,-0.317833,0.948147],[920,0,0,-0.317506,0.948256],[940,0,0,-0.318449,0.94794],[960,0,0,-0.317743,0.948177],[980,0,0,-0.318181,0.94803],[1000,0,0,-0.316186,0.948697],[1020,0,0,-0.31667,0.948536],[1040,0,0,-0.317512,0.948254],[1060,0,0,-0.318097,0.948058],[1080,0,0,-0.316943,0.948444],[1100,0,0,-0.317309,0.948322],[1120,0,0,-0.317671,0.948201],[1140,0,0,-0.316824,0.948484],[1160,0,0,-0.317358,0.948306],[1180,0,0,-0.317359,0.948306],[1200,0,0,-0.317435,0.94828],[1220,0,0,-0.318111,0.948053],[1240,0,0,-0.317718,0.948185],[1260,0,0,-0.31763,0.948215],[1280,0,0,-0.317661,0.948204],[1300,0,0,-0.318435,0.947945],[1320,0,0,-0.317757,0.948172],[1340,0,0,-0.316736,0.948514],[1360,0,0,-0.317268,0.948336],[1380,0,0,-0.317808,0.948155],[1400,0,0,-0.318123,0.948049],[1420,0,0,-0.318042,0.948076],[1440,0,0,-0.317359,0.948305],[1460,0,0,-0.31766,0.948205],[1480,0,0,-0.31781,0.948154],[1500,0,0,-0.318026,0.948082],[1520,0,0,-0.317594,0.948227],[1540,0,0,-0.317528,0.948249],[1560,0,0,-0.318214,0.948019],[1580,0,0,-0.318001,0.948091],[1600,0,0,-0.318337,0.947978],[1620,0,0,-0.317659,0.948205],[1640,0,0,-0.318125,0.948049],[1660,0,0,-0.317219,0.948352],[1680,0,0,-0.317832,0.948147],[1700,0,0,-0.318072,0.948067],[1720,0,0,-0.316725,0.948518],[1740,0,0,-0.317545,0.948243],[1760,0,0,-0.317595,0.948226],[1780,0,0,-0.317282,0.948331],[1800,0,0,-0.317576,0.948233],[1820,0,0,-0.31738,0.948298],[1840,0,0,-0.317807,0.948156],[1860,0,0,-0.317762,0.948171],[1880,0,0,-0.318308,0.947987],[1900,0,0,-0.31806,0.94807],[1920,0,0,-0.317577,0.948233],[1940,0,0,-0.317527,0.948249],[1960,0,0,-0.317719,0.948185],[1980,0,0,-0.318125,0.948049],[2000,0,0,-0.317598,0.948225],[2020,0,0,-0.31886,0.947802],[2040,0,0,-0.320271,0.947326],[2060,0,0,-0.322274,0.946646],[2080,0,0,-0.323576,0.946202],[2100,0,0,-0.323956,0.946072],[2120,0,0,-0.325893,0.945407],[2140,0,0,-0.326015,0.945365],[2160,0,0,-0.327584,0.944822],[2180,0,0,-0.328584,0.944475],[2200,0,0,-0.329308,0.944223],[2220,0,0,-0.330735,0.943724],[2240,0,0,-0.329605,0.944119],[2260,0,0,-0.33012,0.943939],[2280,0,0,-0.330542,0.943791],[2300,0,0,-0.33082,0.943694],[2320,0,0,-0.329914,0.944011],[2340,0,0,-0.329961,0.943995],[2360,0,0,-0.328739,0.944421],[2380,0,0,-0.328299,0.944574],[2400,0,0,-0.327727,0.944772],[2420,0,0,-0.326789,0.945097],[2440,0,0,-0.324603,0.94585],[2460,0,0,-0.3249,0.945748],[2480,0,0,-0.322763,0.94648],[2500,0,0,-0.321671,0.946851],[2520,0,0,-0.320758,0.947161],[2540,0,0,-0.318734,0.947844],[2560,0,0,-0.316612,0.948555],[2580,0,0,-0.315492,0.948928],[2600,0,0,-0.314891,0.949128],[2620,0,0,-0.313779,0.949496],[2640,0,0,-0.312429,0.949941],[2660,0,0,-0.31138,0.950286],[2680,0,0,-0.309619,0.950861],[2700,0,0,-0.30862,0.951185],[2720,0,0,-0.307293,0.951615],[2740,0,0,-0.307305,0.951611],[2760,0,0,-0.306889,0.951745],[2780,0,0,-0.305235,0.952277],[2800,0,0,-0.30551,0.952189],[2820,0,0,-0.304627,0.952472],[2840,0,0,-0.304796,0.952418],[2860,0,0,-0.305438,0.952212],[2880,0,0,-0.305434,0.952213],[2900,0,0,-0.306432,0.951893],[2920,0,0,-0.307707,0.951481],[2940,0,0,-0.307164,0.951656],[2960,0,0,-0.308996,0.951063],[2980,0,0,-0.310477,0.950581],[3000,0,0,-0.310946,0.950428],[3020,0,0,-0.312864,0.949798],[3040,0,0,-0.313572,0.949565],[3060,0,0,-0.314797,0.949159],[3080,0,0,-0.315651,0.948876],[3100,0,0,-0.317246,0.948343],[3120,0,0,-0.319129,0.947711],[3140,0,0,-0.320043,0.947403],[3160,0,0,-0.321701,0.946841],[3180,0,0,-0.323027,0.94639],[3200,0,0,-0.324116,0.946017],[3220,0,0,-0.324767,0.945794],[3240,0,0,-0.325346,0.945595],[3260,0,0,-0.327012,0.94502],[3280,0,0,-0.328083,0.944649],[3300,0,0,-0.329426,0.944181],[3320,0,0,-0.329677,0.944094],[3340,0,0,-0.329307,0.944223],[3360,0,0,-0.330372,0.943851],[3380,0,0,-0.330657,0.943751],[3400,0,0,-0.329902,0.944015],[3420,0,0,-0.33028,0.943883],[3440,0,0,-0.329324,0.944217],[3460,0,0,-0.330229,0.943901],[3480,0,0,-0.329451,0.944173],[3500,0,0,-0.32874,0.94442],[3520,0,0,-0.327451,0.944868],[3540,0,0,-0.326633,0.945151],[3560,0,0,-0.324543,0.945871],[3580,0,0,-0.324153,0.946005],[3600,0,0,-0.322641,0.946521],[3620,0,0,-0.320909,0.94711],[3640,0,0,-0.320489,0.947252],[3660,0,0,-0.319537,0.947574],[3680,0,0,-0.317445,0.948277],[3700,0,0,-0.316199,0.948693],[3720,0,0,-0.315213,0.949021],[3740,0,0,-0.312803,0.949818],[3760,0,0,-0.312165,0.950028],[3780,0,0,-0.310262,0.950651],[3800,0,0,-0.309191,0.951],[3820,0,0,-0.309073,0.951038],[3840,0,0,-0.308447,0.951242],[3860,0,0,-0.306903,0.951741],[3880,0,0,-0.307043,0.951696],[3900,0,0,-0.306373,0.951912],[3920,0,0,-0.305616,0.952155],[3940,0,0,-0.306076,0.952007],[3960,0,0,-0.305987,0.952036],[3980,0,0,-0.306216,0.951962],[4000,0,0,-0.306129,0.95199],[4020,0,0,-0.307563,0.951528],[4040,0,0,-0.308148,0.951339],[4060,0,0,-0.308743,0.951145],[4080,0,0,-0.308589,0.951195],[4100,0,0,-0.309573,0.950876],[4120,0,0,-0.311179,0.950351],[4140,0,0,-0.312405,0.949949],[4160,0,0,-0.314636,0.949212],[4180,0,0,-0.31509,0.949062],[4200,0,0,-0.317169,0.948369],[4220,0,0,-0.317812,0.948154],[4240,0,0,-0.319806,0.947483],[4260,0,0,-0.321227,0.947002],[4280,0,0,-0.322187,0.946676],[4300,0,0,-0.324132,0.946012],[4320,0,0,-0.324703,0.945816],[4340,0,0,-0.325626,0.945499],[4360,0,0,-0.327198,0.944956],[4380,0,0,-0.32728,0.944928],[4400,0,0,-0.329762,0.944064],[4420,0,0,-0.329321,0.944218],[4440,0,0,-0.329861,0.944029],[4460,0,0,-0.329469,0.944166],[4480,0,0,-0.331308,0.943523],[4500,0,0,-0.330722,0.943728],[4520,0,0,-0.330405,0.943839],[4540,0,0,-0.330135,0.943934],[4560,0,0,-0.330321,0.943869],[4580,0,0,-0.329875,0.944024],[4600,0,0,-0.328345,0.944558],[4620,0,0,-0.32769,0.944785],[4640,0,0,-0.327708,0.944779],[4660,0,0,-0.326648,0.945146],[4680,0,0,-0.324143,0.946008],[4700,0,0,-0.323121,0.946358],[4720,0,0,-0.32223,0.946661],[4740,0,0,-0.321895,0.946775],[4760,0,0,-0.3201,0.947384],[4780,0,0,-0.318862,0.947801],[4800,0,0,-0.316322,0.948652],[4820,0,0,-0.315678,0.948866],[4840,0,0,-0.314222,0.949349],[4860,0,0,-0.312863,0.949798],[4880,0,0,-0.312475,0.949926],[4900,0,0,-0.309983,0.950742],[4920,0,0,-0.309552,0.950883],[4940,0,0,-0.307552,0.951531],[4960,0,0,-0.307182,0.951651],[4980,0,0,-0.307333,0.951602],[5000,0,0,-0.306595,0.95184],[5020,0,0,-0.307052,0.951693],[5040,0,0,-0.30661,0.951835],[5060,0,0,-0.305913,0.95206],[5080,0,0,-0.30582,0.952089],[5100,0,0,-0.307415,0.951576],[5120,0,0,-0.306761,0.951787],[5140,0,0,-0.308231,0.951311],[5160,0,0,-0.308256,0.951303],[5180,0,0,-0.309343,0.95095],[5200,0,0,-0.308828,0.951118],[5220,0,0,-0.312036,0.95007],[5240,0,0,-0.313188,0.949691],[5260,0,0,-0.313731,0.949512],[5280,0,0,-0.314192,0.949359],[5300,0,0,-0.316204,0.948691],[5320,0,0,-0.317743,0.948177],[5340,0,0,-0.319177,0.947695],[5360,0,0,-0.320401,0.947282],[5380,0,0,-0.322512,0.946565],[5400,0,0,-0.323132,0.946354],[5420,0,0,-0.324699,0.945817],[5440,0,0,-0.325816,0.945433],[5460,0,0,-0.326857,0.945074],[5480,0,0,-0.327205,0.944953],[5500,0,0,-0.328575,0.944478],[5520,0,0,-0.329381,0.944197],[5540,0,0,-0.329904,0.944014],[5560,0,0,-0.330431,0.94383],[5580,0,0,-0.330979,0.943638],[5600,0,0,-0.331294,0.943528],[5620,0,0,-0.331204,0.943559],[5640,0,0,-0.33174,0.943371],[5660,0,0,-0.330463,0.943819],[5680,0,0,-0.329842,0.944036],[5700,0,0,-0.329637,0.944108],[5720,0,0,-0.328918,0.944358],[5740,0,0,-0.328104,0.944642],[5760,0,0,-0.326469,0.945208],[5780,0,0,-0.325611,0.945504],[5800,0,0,-0.325279,0.945618],[5820,0,0,-0.323362,0.946275],[5840,0,0,-0.322538,0.946557],[5860,0,0,-0.320268,0.947327],[5880,0,0,-0.318605,0.947888],[5900,0,0,-0.316961,0.948439],[5920,0,0,-0.316385,0.948631],[5940,0,0,-0.314664,0.949203],[5960,0,0,-0.314403,0.94929],[5980,0,0,-0.312182,0.950022],[6000,0,0,-0.31087,0.950452],[6020,0,0,-0.310225,0.950663],[6040,0,0,-0.310052,0.95072],[6060,0,0,-0.307839,0.951438],[6080,0,0,-0.307815,0.951446],[6100,0,0,-0.307069,0.951687],[6120,0,0,-0.306746,0.951791],[6140,0,0,-0.306525,0.951863],[6160,0,0,-0.305956,0.952046],[6180,0,0,-0.305709,0.952125],[6200,0,0,-0.306029,0.952022],[6220,0,0,-0.306753,0.951789],[6240,0,0,-0.307433,0.95157],[6260,0,0,-0.308525,0.951216],[6280,0,0,-0.308226,0.951313],[6300,0,0,-0.31071,0.950505],[6320,0,0,-0.310987,0.950414],[6340,0,0,-0.311913,0.950111],[6360,0,0,-0.31325,0.949671],[6380,0,0,-0.315398,0.94896],[6400,0,0,-0.31631,0.948656],[6420,0,0,-0.317266,0.948337],[6440,0,0,-0.318157,0.948038],[6460,0,0,-0.320065,0.947396],[6480,0,0,-0.32135,0.94696],[6500,0,0,-0.322016,0.946734],[6520,0,0,-0.324278,0.945962],[6540,0,0,-0.326194,0.945303],[6560,0,0,-0.326641,0.945148],[6580,0,0,-0.327584,0.944822],[6600,0,0,-0.328841,0.944385],[6620,0,0,-0.328899,0.944365],[6640,0,0,-0.329715,0.94408],[6660,0,0,-0.330475,0.943815],[6680,0,0,-0.330806,0.943699],[6700,0,0,-0.330633,0.943759],[6720,0,0,-0.331304,0.943524],[6740,0,0,-0.331741,0.943371],[6760,0,0,-0.331538,0.943442],[6780,0,0,-0.330764,0.943713],[6800,0,0,-0.32916,0.944274],[6820,0,0,-0.329735,0.944074],[6840,0,0,-0.328731,0.944424],[6860,0,0,-0.327582,0.944823],[6880,0,0,-0.326788,0.945098],[6900,0,0,-0.324978,0.945722],[6920,0,0,-0.324336,0.945942],[6940,0,0,-0.322535,0.946558],[6960,0,0,-0.321276,0.946986],[6980,0,0,-0.320517,0.947243],[7000,0,0,-0.318374,0.947965],[7020,0,0,-0.317158,0.948373],[7040,0,0,-0.31525,0.949009],[7060,0,0,-0.314578,0.949232],[7080,0,0,-0.313788,0.949493],[7100,0,0,-0.312284,0.949989],[7120,0,0,-0.311785,0.950153],[7140,0,0,-0.310187,0.950676],[7160,0,0,-0.309162,0.951009],[7180,0,0,-0.308019,0.95138],[7200,0,0,-0.307874,0.951427],[7220,0,0,-0.306856,0.951756],[7240,0,0,-0.306599,0.951839],[7260,0,0,-0.305871,0.952073],[7280,0,0,-0.306414,0.951898],[7300,0,0,-0.306391,0.951906],[7320,0,0,-0.30637,0.951912],[7340,0,0,-0.307565,0.951527],[7360,0,0,-0.308656,0.951174],[7380,0,0,-0.308413,0.951252],[7400,0,0,-0.309935,0.950758],[7420,0,0,-0.311122,0.95037],[7440,0,0,-0.312069,0.950059],[7460,0,0,-0.313697,0.949523],[7480,0,0,-0.314038,0.94941],[7500,0,0,-0.316054,0.948741],[7520,0,0,-0.317489,0.948262],[7540,0,0,-0.31869,0.947859],[7560,0,0,-0.319913,0.947447],[7580,0,0,-0.321192,0.947014],[7600,0,0,-0.322953,0.946415],[7620,0,0,-0.323706,0.946158],[7640,0,0,-0.325728,0.945464],[7660,0,0,-0.325631,0.945497],[7680,0,0,-0.32756,0.94483],[7700,0,0,-0.3284,0.944539],[7720,0,0,-0.329352,0.944207],[7740,0,0,-0.330274,0.943885],[7760,0,0,-0.330273,0.943886],[7780,0,0,-0.331007,0.943628],[7800,0,0,-0.330813,0.943696],[7820,0,0,-0.331552,0.943437],[7840,0,0,-0.331445,0.943475],[7860,0,0,-0.332409,0.943135],[7880,0,0,-0.331354,0.943506],[7900,0,0,-0.330349,0.943859],[7920,0,0,-0.329585,0.944126],[7940,0,0,-0.328862,0.944378],[7960,0,0,-0.327961,0.944691],[7980,0,0,-0.32699,0.945028],[8000,0,0,-0.326008,0.945367],[8020,0,0,-0.325629,0.945498],[8040,0,0,-0.324187,0.945993],[8060,0,0,-0.322668,0.946512],[8080,0,0,-0.320412,0.947278],[8100,0,0,-0.319266,0.947665],[8120,0,0,-0.317691,0.948194],[8140,0,0,-0.316853,0.948475],[8160,0,0,-0.3159,0.948793],[8180,0,0,-0.314847,0.949142],[8200,0,0,-0.313531,0.949578],[8220,0,0,-0.31214,0.950036],[8240,0,0,-0.310182,0.950677],[8260,0,0,-0.309263,0.950977],[8280,0,0,-0.309048,0.951047],[8300,0,0,-0.308258,0.951303],[8320,0,0,-0.308124,0.951346],[8340,0,0,-0.307307,0.95161],[8360,0,0,-0.307072,0.951686],[8380,0,0,-0.307368,0.951591],[8400,0,0,-0.306914,0.951737],[8420,0,0,-0.30647,0.95188],[8440,0,0,-0.307761,0.951464],[8460,0,0,-0.307994,0.951388],[8480,0,0,-0.308179,0.951328],[8500,0,0,-0.309512,0.950896],[8520,0,0,-0.310921,0.950436],[8540,0,0,-0.310888,0.950446],[8560,0,0,-0.312922,0.949779],[8580,0,0,-0.314086,0.949395],[8600,0,0,-0.316006,0.948757],[8620,0,0,-0.315787,0.94883],[8640,0,0,-0.3177,0.948191],[8660,0,0,-0.319774,0.947494],[8680,0,0,-0.320251,0.947333],[8700,0,0,-0.322548,0.946553],[8720,0,0,-0.322975,0.946407],[8740,0,0,-0.325487,0.945547],[8760,0,0,-0.325891,0.945407],[8780,0,0,-0.328138,0.94463],[8800,0,0,-0.32863,0.944459],[8820,0,0,-0.329451,0.944173],[8840,0,0,-0.329771,0.944061],[8860,0,0,-0.330497,0.943807],[8880,0,0,-0.331122,0.943588],[8900,0,0,-0.331853,0.943331],[8920,0,0,-0.331676,0.943393],[8940,0,0,-0.331871,0.943325],[8960,0,0,-0.331898,0.943315],[8980,0,0,-0.33099,0.943634],[9000,0,0,-0.33083,0.94369],[9020,0,0,-0.330517,0.9438],[9040,0,0,-0.330605,0.943769],[9060,0,0,-0.329159,0.944275],[9080,0,0,-0.327883,0.944718],[9100,0,0,-0.326823,0.945086],[9120,0,0,-0.326779,0.945101],[9140,0,0,-0.324369,0.94593],[9160,0,0,-0.323754,0.946141],[9180,0,0,-0.321495,0.946911],[9200,0,0,-0.319921,0.947444],[9220,0,0,-0.318858,0.947802],[9240,0,0,-0.317194,0.948361],[9260,0,0,-0.316498,0.948593],[9280,0,0,-0.314739,0.949178],[9300,0,0,-0.313375,0.949629],[9320,0,0,-0.311845,0.950133],[9340,0,0,-0.311405,0.950277],[9360,0,0,-0.310176,0.950679],[9380,0,0,-0.309026,0.951054],[9400,0,0,-0.309131,0.951019],[9420,0,0,-0.308928,0.951085],[9440,0,0,-0.308127,0.951345],[9460,0,0,-0.307941,0.951405],[9480,0,0,-0.307892,0.951421],[9500,0,0,-0.307531,0.951538],[9520,0,0,-0.307657,0.951497],[9540,0,0,-0.307837,0.951439],[9560,0,0,-0.307606,0.951514],[9580,0,0,-0.308278,0.951296],[9600,0,0,-0.309738,0.950822],[9620,0,0,-0.311062,0.95039],[9640,0,0,-0.3118,0.950148],[9660,0,0,-0.312363,0.949963],[9680,0,0,-0.313322,0.949647],[9700,0,0,-0.31446,0.949271],[9720,0,0,-0.316179,0.948699],[9740,0,0,-0.318233,0.948012],[9760,0,0,-0.318351,0.947973],[9780,0,0,-0.320694,0.947183],[9800,0,0,-0.321778,0.946815],[9820,0,0,-0.323541,0.946214],[9840,0,0,-0.32481,0.945779],[9860,0,0,-0.325432,0.945565],[9880,0,0,-0.326299,0.945267],[9900,0,0,-0.327851,0.944729],[9920,0,0,-0.328482,0.94451],[9940,0,0,-0.329684,0.944091],[9960,0,0,-0.330223,0.943903],[9980,0,0,-0.331426,0.943481],[10000,0,0,-0.33223,0.943198],[10020,0,0,-0.332077,0.943252],[10040,0,0,-0.332179,0.943216],[10060,0,0,-0.332803,0.942996],[10080,0,0,-0.331328,0.943516],[10100,0,0,-0.330639,0.943757],[10120,0,0,-0.331668,0.943396],[10140,0,0,-0.330356,0.943856],[10160,0,0,-0.328911,0.944361],[10180,0,0,-0.328769,0.94441],[10200,0,0,-0.328227,0.944599],[10220,0,0,-0.325351,0.945593],[10240,0,0,-0.325087,0.945684],[10260,0,0,-0.325227,0.945636],[10280,0,0,-0.322092,0.946708],[10300,0,0,-0.321886,0.946778],[10320,0,0,-0.320123,0.947376],[10340,0,0,-0.318676,0.947864],[10360,0,0,-0.317886,0.948129],[10380,0,0,-0.31653,0.948583],[10400,0,0,-0.314892,0.949127],[10420,0,0,-0.313069,0.94973],[10440,0,0,-0.312379,0.949958],[10460,0,0,-0.311293,0.950314],[10480,0,0,-0.310101,0.950704],[10500,0,0,-0.309589,0.950871],[10520,0,0,-0.308668,0.95117],[10540,0,0,-0.308783,0.951133],[10560,0,0,-0.308063,0.951366],[10580,0,0,-0.307657,0.951497],[10600,0,0,-0.306866,0.951753],[10620,0,0,-0.307495,0.95155],[10640,0,0,-0.307754,0.951466],[10660,0,0,-0.308466,0.951235],[10680,0,0,-0.308837,0.951115],[10700,0,0,-0.309979,0.950743],[10720,0,0,-0.309518,0.950894],[10740,0,0,-0.311666,0.950192],[10760,0,0,-0.312478,0.949925],[10780,0,0,-0.313308,0.949652],[10800,0,0,-0.314444,0.949276],[10820,0,0,-0.31543,0.948949],[10840,0,0,-0.317116,0.948387],[10860,0,0,-0.318588,0.947893],[10880,0,0,-0.319272,0.947663],[10900,0,0,-0.321044,0.947064],[10920,0,0,-0.322589,0.946539],[10940,0,0,-0.324183,0.945994],[10960,0,0,-0.325892,0.945407],[10980,0,0,-0.326319,0.94526],[11000,0,0,-0.327026,0.945015],[11020,0,0,-0.329243,0.944245],[11040,0,0,-0.329857,0.944031],[11060,0,0,-0.330792,0.943704],[11080,0,0,-0.330942,0.943651],[11100,0,0,-0.331646,0.943404],[11120,0,0,-0.332053,0.943261],[11140,0,0,-0.331415,0.943485],[11160,0,0,-0.332293,0.943176],[11180,0,0,-0.333381,0.942792],[11200,0,0,-0.332156,0.943224],[11220,0,0,-0.332011,0.943276],[11240,0,0,-0.331307,0.943523],[11260,0,0,-0.330056,0.943961],[11280,0,0,-0.328641,0.944455],[11300,0,0,-0.327824,0.944739],[11320,0,0,-0.327441,0.944872],[11340,0,0,-0.325542,0.945528],[11360,0,0,-0.325039,0.945701],[11380,0,0,-0.323298,0.946297],[11400,0,0,-0.322196,0.946673],[11420,0,0,-0.320401,0.947282],[11440,0,0,-0.319553,0.947568],[11460,0,0,-0.318396,0.947958],[11480,0,0,-0.317464,0.94827],[11500,0,0,-0.315597,0.948893],[11520,0,0,-0.313662,0.949535],[11540,0,0,-0.313169,0.949697],[11560,0,0,-0.312597,0.949886],[11580,0,0,-0.310812,0.950471],[11600,0,0,-0.309856,0.950783],[11620,0,0,-0.309805,0.9508],[11640,0,0,-0.308506,0.951222],[11660,0,0,-0.308288,0.951293],[11680,0,0,-0.307748,0.951468],[11700,0,0,-0.307155,0.95166],[11720,0,0,-0.307135,0.951666],[11740,0,0,-0.307445,0.951566],[11760,0,0,-0.308164,0.951333],[11780,0,0,-0.309696,0.950836],[11800,0,0,-0.309394,0.950934],[11820,0,0,-0.309176,0.951005],[11840,0,0,-0.310195,0.950673],[11860,0,0,-0.311722,0.950173],[11880,0,0,-0.313015,0.949748],[11900,0,0,-0.314265,0.949335],[11920,0,0,-0.3157,0.948859],[11940,0,0,-0.316148,0.94871],[11960,0,0,-0.318319,0.947983],[11980,0,0,-0.319421,0.947613],[12000,0,0,-0.320679,0.947188],[12020,0,0,-0.323253,0.946313],[12040,0,0,-0.322898,0.946434],[12060,0,0,-0.325198,0.945646],[12080,0,0,-0.326562,0.945176],[12100,0,0,-0.327123,0.944982],[12120,0,0,-0.328411,0.944535],[12140,0,0,-0.329231,0.94425],[12160,0,0,-0.330141,0.943932],[12180,0,0,-0.330824,0.943692],[12200,0,0,-0.332149,0.943227],[12220,0,0,-0.33154,0.943441],[12240,0,0,-0.332466,0.943115],[12260,0,0,-0.332124,0.943236],[12280,0,0,-0.333253,0.942838],[12300,0,0,-0.332384,0.943144],[12320,0,0,-0.332162,0.943222],[12340,0,0,-0.331271,0.943536],[12360,0,0,-0.330531,0.943795],[12380,0,0,-0.330599,0.943771],[12400,0,0,-0.328824,0.944391],[12420,0,0,-0.327565,0.944829],[12440,0,0,-0.326966,0.945036],[12460,0,0,-0.326159,0.945315],[12480,0,0,-0.324913,0.945744],[12500,0,0,-0.323406,0.94626],[12520,0,0,-0.322448,0.946587],[12540,0,0,-0.320067,0.947395],[12560,0,0,-0.319222,0.94768],[12580,0,0,-0.318124,0.948049],[12600,0,0,-0.31676,0.948506],[12620,0,0,-0.31506,0.949072],[12640,0,0,-0.313755,0.949504],[12660,0,0,-0.312297,0.949984],[12680,0,0,-0.311138,0.950365],[12700,0,0,-0.310914,0.950438],[12720,0,0,-0.309497,0.9509],[12740,0,0,-0.309235,0.950986],[12760,0,0,-0.308641,0.951179],[12780,0,0,-0.309001,0.951062],[12800,0,0,-0.30887,0.951104],[12820,0,0,-0.30826,0.951302],[12840,0,0,-0.307924,0.951411],[12860,0,0,-0.309145,0.951015],[12880,0,0,-0.308858,0.951108],[12900,0,0,-0.308715,0.951155],[12920,0,0,-0.309979,0.950743],[12940,0,0,-0.310733,0.950497],[12960,0,0,-0.311507,0.950244],[12980,0,0,-0.313002,0.949752],[13000,0,0,-0.313922,0.949449],[13020,0,0,-0.31534,0.948979],[13040,0,0,-0.315993,0.948762],[13060,0,0,-0.317721,0.948184],[13080,0,0,-0.318924,0.94778],[13100,0,0,-0.320607,0.947212],[13120,0,0,-0.320801,0.947146],[13140,0,0,-0.320193,0.947352],[13160,0,0,-0.321255,0.946993],[13180,0,0,-0.320674,0.94719],[13200,0,0,-0.321939,0.94676],[13220,0,0,-0.322966,0.946411],[13240,0,0,-0.324253,0.94597],[13260,0,0,-0.326055,0.945351],[13280,0,0,-0.328005,0.944676],[13300,0,0,-0.329963,0.943994],[13320,0,0,-0.332331,0.943163],[13340,0,0,-0.33673,0.941601],[13360,0,0,-0.340081,0.940396],[13380,0,0,-0.346748,0.937958],[13400,0,0,-0.351652,0.936131],[13420,0,0,-0.358958,0.933354],[13440,0,0,-0.366347,0.930478],[13460,0,0,-0.37407,0.927401],[13480,0,0,-0.382745,0.923854],[13500,0,0,-0.392072,0.919935],[13520,0,0,-0.402297,0.915509],[13540,0,0,-0.413276,0.910606],[13560,0,0,-0.42516,0.905118],[13580,0,0,-0.438223,0.898866],[13600,0,0,-0.451932,0.892052],[13620,0,0,-0.466303,0.884625],[13640,0,0,-0.481178,0.876623],[13660,0,0,-0.498257,0.867029],[13680,0,0,-0.514678,0.857383],[13700,0,0,-0.531698,0.846934],[13720,0,0,-0.548037,0.836454],[13740,0,0,-0.567317,0.8235],[13760,0,0,-0.585287,0.810826],[13780,0,0,-0.604576,0.796547],[13800,0,0,-0.624211,0.781256],[13820,0,0,-0.643886,0.765122],[13840,0,0,-0.663877,0.747842],[13860,0,0,-0.682371,0.731006],[13880,0,0,-0.702927,0.711262],[13900,0,0,-0.722287,0.691594],[13920,0,0,-0.742338,0.670025],[13940,0,0,-0.761896,0.647699],[13960,0,0,-0.780844,0.624726],[13980,0,0,-0.798504,0.601989],[14000,0,0,-0.816841,0.576863],[14020,0,0,-0.834568,0.550905],[14040,0,0,-0.851257,0.52475],[14060,0,0,-0.866406,0.499339],[14080,0,0,-0.882135,0.470997],[14100,0,0,-0.896425,0.443196],[14120,0,0,-0.909779,0.415093],[14140,0,0,-0.922526,0.385935],[14160,0,0,-0.934109,0.356989],[14180,0,0,-0.944575,0.328297],[14200,0,0,-0.954197,0.29918],[14220,0,0,-0.963083,0.269204],[14240,0,0,-0.970792,0.239924],[14260,0,0,-0.977474,0.211056],[14280,0,0,-0.983111,0.183012],[14300,0,0,-0.98795,0.154775],[14320,0,0,-0.991865,0.127291],[14340,0,0,-0.995129,0.098583],[14360,0,0,-0.9975,0.070662],[14380,0,0,-0.998936,0.046128],[14400,0,0,-0.999771,0.021383],[14420,0,0,-0.999994,-0.003573],[14440,0,0,-0.999629,-0.027253],[14460,0,0,-0.998727,-0.050446],[14480,0,0,-0.997403,-0.072026],[14500,0,0,-0.995705,-0.092583],[14520,0,0,-0.993564,-0.113271],[14540,0,0,-0.991239,-0.13208],[14560,0,0,-0.988757,-0.149529],[14580,0,0,-0.985993,-0.166784],[14600,0,0,-0.983239,-0.182322],[14620,0,0,-0.980271,-0.197659],[14640,0,0,-0.977407,-0.211367],[14660,0,0,-0.974422,-0.224724],[14680,0,0,-0.97183,-0.235681],[14700,0,0,-0.969075,-0.246766],[14720,0,0,-0.966293,-0.257445],[14740,0,0,-0.963752,-0.266799],[14760,0,0,-0.961223,-0.275771],[14780,0,0,-0.959145,-0.282915],[14800,0,0,-0.957474,-0.288518],[14820,0,0,-0.955442,-0.295179],[14840,0,0,-0.95415,-0.299328],[14860,0,0,-0.95266,-0.304036],[14880,0,0,-0.95132,-0.308203],[14900,0,0,-0.95025,-0.311487],[14920,0,0,-0.949319,-0.314313],[14940,0,0,-0.948451,-0.316925],[14960,0,0,-0.948528,-0.316694],[14980,0,0,-0.948103,-0.317965],[15000,0,0,-0.947541,-0.319634],[15020,0,0,-0.947175,-0.320718],[15040,0,0,-0.947141,-0.320819],[15060,0,0,-0.947303,-0.320338],[15080,0,0,-0.947012,-0.321198],[15100,0,0,-0.946939,-0.321414],[15120,0,0,-0.94698,-0.321291],[15140,0,0,-0.946917,-0.321479],[15160,0,0,-0.947325,-0.320274],[15180,0,0,-0.946948,-0.321386],[15200,0,0,-0.947053,-0.321078],[15220,0,0,-0.946707,-0.322095],[15240,0,0,-0.947175,-0.320718],[15260,0,0,-0.947108,-0.320915],[15280,0,0,-0.947511,-0.319724],[15300,0,0,-0.947009,-0.321206],[15320,0,0,-0.946921,-0.321468],[15340,0,0,-0.947197,-0.320652],[15360,0,0,-0.946795,-0.321838],[15380,0,0,-0.947212,-0.320607],[15400,0,0,-0.94705,-0.321085],[15420,0,0,-0.947195,-0.320658],[15440,0,0,-0.947196,-0.320656],[15460,0,0,-0.947356,-0.320182],[15480,0,0,-0.947328,-0.320264],[15500,0,0,-0.946809,-0.321797],[15520,0,0,-0.947219,-0.320586],[15540,0,0,-0.947035,-0.321129],[15560,0,0,-0.947067,-0.321036],[15580,0,0,-0.947132,-0.320845],[15600,0,0,-0.947267,-0.320447],[15620,0,0,-0.946637,-0.3223],[15640,0,0,-0.946374,-0.323073],[15660,0,0,-0.945605,-0.325316],[15680,0,0,-0.945332,-0.32611],[15700,0,0,-0.944684,-0.327982],[15720,0,0,-0.944446,-0.328666],[15740,0,0,-0.943921,-0.330172],[15760,0,0,-0.943685,-0.330845],[15780,0,0,-0.943262,-0.33205],[15800,0,0,-0.942953,-0.332927],[15820,0,0,-0.943299,-0.331943],[15840,0,0,-0.943057,-0.33263],[15860,0,0,-0.942626,-0.333852],[15880,0,0,-0.942484,-0.334252],[15900,0,0,-0.9429,-0.333077],[15920,0,0,-0.94261,-0.333895],[15940,0,0,-0.942864,-0.333179],[15960,0,0,-0.943118,-0.332458],[15980,0,0,-0.94353,-0.331287],[16000,0,0,-0.943825,-0.330445],[16020,0,0,-0.944272,-0.329166],[16040,0,0,-0.944112,-0.329624],[16060,0,0,-0.94524,-0.326376],[16080,0,0,-0.945207,-0.326473],[16100,0,0,-0.945748,-0.324901],[16120,0,0,-0.946225,-0.323509],[16140,0,0,-0.946536,-0.322597],[16160,0,0,-0.946924,-0.321457],[16180,0,0,-0.947753,-0.319004],[16200,0,0,-0.947845,-0.318732],[16220,0,0,-0.948475,-0.316852],[16240,0,0,-0.949075,-0.31505],[16260,0,0,-0.949239,-0.314555],[16280,0,0,-0.94973,-0.313069],[16300,0,0,-0.949686,-0.313203],[16320,0,0,-0.950305,-0.31132],[16340,0,0,-0.950571,-0.310509],[16360,0,0,-0.950564,-0.310527],[16380,0,0,-0.951118,-0.308827],[16400,0,0,-0.951185,-0.308622],[16420,0,0,-0.951055,-0.309022],[16440,0,0,-0.951137,-0.308769],[16460,0,0,-0.950973,-0.309274],[16480,0,0,-0.950853,-0.309644],[16500,0,0,-0.950878,-0.309567],[16520,0,0,-0.950771,-0.309894],[16540,0,0,-0.950324,-0.311261],[16560,0,0,-0.950189,-0.311676],[16580,0,0,-0.949431,-0.313975],[16600,0,0,-0.94956,-0.313586],[16620,0,0,-0.949124,-0.314902],[16640,0,0,-0.948876,-0.31565],[16660,0,0,-0.94831,-0.317346],[16680,0,0,-0.947481,-0.319813],[16700,0,0,-0.947264,-0.320453],[16720,0,0,-0.946662,-0.32223],[16740,0,0,-0.946291,-0.323317],[16760,0,0,-0.945605,-0.325318],[16780,0,0,-0.945498,-0.325628],[16800,0,0,-0.944955,-0.327201],[16820,0,0,-0.944691,-0.327962],[16840,0,0,-0.944241,-0.329257],[16860,0,0,-0.943622,-0.331024],[16880,0,0,-0.943492,-0.331396],[16900,0,0,-0.942911,-0.333044],[16920,0,0,-0.942822,-0.333298],[16940,0,0,-0.942768,-0.333449],[16960,0,0,-0.942611,-0.333893],[16980,0,0,-0.942688,-0.333676],[17000,0,0,-0.942678,-0.333704],[17020,0,0,-0.942657,-0.333762],[17040,0,0,-0.942757,-0.33348],[17060,0,0,-0.942927,-0.332999],[17080,0,0,-0.94329,-0.331969],[17100,0,0,-0.943533,-0.33128],[17120,0,0,-0.943598,-0.331093],[17140,0,0,-0.94406,-0.329773],[17160,0,0,-0.9443,-0.329085],[17180,0,0,-0.945295,-0.326217],[17200,0,0,-0.945324,-0.326134],[17220,0,0,-0.946066,-0.323974],[17240,0,0,-0.946134,-0.323777],[17260,0,0,-0.946641,-0.322291],[17280,0,0,-0.947617,-0.319407],[17300,0,0,-0.947708,-0.319139],[17320,0,0,-0.948184,-0.317723],[17340,0,0,-0.948602,-0.316472],[17360,0,0,-0.948741,-0.316056],[17380,0,0,-0.94927,-0.314462],[17400,0,0,-0.949829,-0.312769],[17420,0,0,-0.950207,-0.31162],[17440,0,0,-0.95048,-0.310785],[17460,0,0,-0.950833,-0.309704],[17480,0,0,-0.950737,-0.31],[17500,0,0,-0.950858,-0.309627],[17520,0,0,-0.951154,-0.308718],[17540,0,0,-0.950881,-0.309557],[17560,0,0,-0.951044,-0.309054],[17580,0,0,-0.950866,-0.309602],[17600,0,0,-0.950848,-0.309658],[17620,0,0,-0.950557,-0.31055],[17640,0,0,-0.950696,-0.310126],[17660,0,0,-0.950297,-0.311344],[17680,0,0,-0.949756,-0.312991],[17700,0,0,-0.949371,-0.314156],[17720,0,0,-0.949183,-0.314724],[17740,0,0,-0.948592,-0.3165],[17760,0,0,-0.948308,-0.317352],[17780,0,0,-0.947797,-0.318875],[17800,0,0,-0.947156,-0.320773],[17820,0,0,-0.946763,-0.321932],[17840,0,0,-0.946534,-0.322603],[17860,0,0,-0.945989,-0.324198],[17880,0,0,-0.945542,-0.3255],[17900,0,0,-0.944776,-0.327717],[17920,0,0,-0.944858,-0.327479],[17940,0,0,-0.944182,-0.329423],[17960,0,0,-0.943824,-0.330449],[17980,0,0,-0.943597,-0.331095],[18000,0,0,-0.943237,-0.33212],[18020,0,0,-0.942911,-0.333045],[18040,0,0,-0.942652,-0.333777],[18060,0,0,-0.942995,-0.332806],[18080,0,0,-0.942749,-0.333502],[18100,0,0,-0.942864,-0.333177],[18120,0,0,-0.942432,-0.334397],[18140,0,0,-0.942683,-0.33369],[18160,0,0,-0.942678,-0.333703],[18180,0,0,-0.942755,-0.333487],[18200,0,0,-0.943024,-0.332724],[18220,0,0,-0.94356,-0.331202],[18240,0,0,-0.944031,-0.329857],[18260,0,0,-0.944032,-0.329855],[18280,0,0,-0.944561,-0.328337],[18300,0,0,-0.945212,-0.326457],[18320,0,0,-0.945348,-0.326062],[18340,0,0,-0.945873,-0.324537],[18360,0,0,-0.946606,-0.322393],[18380,0,0,-0.946376,-0.323068],[18400,0,0,-0.947446,-0.319916],[18420,0,0,-0.947607,-0.319439],[18440,0,0,-0.948152,-0.317818],[18460,0,0,-0.948811,-0.315843],[18480,0,0,-0.949286,-0.314413],[18500,0,0,-0.949689,-0.313196],[18520,0,0,-0.950041,-0.312125],[18540,0,0,-0.9503,-0.311335],[18560,0,0,-0.950612,-0.310381],[18580,0,0,-0.950572,-0.310503],[18600,0,0,-0.9509,-0.309499],[18620,0,0,-0.951132,-0.308785],[18640,0,0,-0.951023,-0.309119],[18660,0,0,-0.951038,-0.309074],[18680,0,0,-0.950765,-0.309912],[18700,0,0,-0.950957,-0.309323],[18720,0,0,-0.950549,-0.310573],[18740,0,0,-0.950648,-0.310273],[18760,0,0,-0.950207,-0.311621],[18780,0,0,-0.950071,-0.312034],[18800,0,0,-0.949473,-0.313848],[18820,0,0,-0.949117,-0.314925],[18840,0,0,-0.948917,-0.315525],[18860,0,0,-0.948742,-0.316052],[18880,0,0,-0.948007,-0.318249],[18900,0,0,-0.9475,-0.319755],[18920,0,0,-0.947215,-0.320599],[18940,0,0,-0.946334,-0.323192],[18960,0,0,-0.946229,-0.323497],[18980,0,0,-0.945715,-0.324998],[19000,0,0,-0.945147,-0.326645],[19020,0,0,-0.944894,-0.327377],[19040,0,0,-0.944449,-0.328657],[19060,0,0,-0.9438,-0.330516],[19080,0,0,-0.943615,-0.331044],[19100,0,0,-0.943157,-0.332348],[19120,0,0,-0.943027,-0.332716],[19140,0,0,-0.943134,-0.332414],[19160,0,0,-0.942834,-0.333264],[19180,0,0,-0.942474,-0.334281],[19200,0,0,-0.942344,-0.334646],[19220,0,0,-0.942351,-0.334627],[19240,0,0,-0.94239,-0.334517],[19260,0,0,-0.942494,-0.334224],[19280,0,0,-0.942739,-0.333532],[19300,0,0,-0.943124,-0.332441],[19320,0,0,-0.943155,-0.332353],[19340,0,0,-0.943551,-0.331228],[19360,0,0,-0.944222,-0.329309],[19380,0,0,-0.944787,-0.327684],[19400,0,0,-0.94481,-0.32762],[19420,0,0,-0.945241,-0.326374],[19440,0,0,-0.945863,-0.324566],[19460,0,0,-0.945956,-0.324296],[19480,0,0,-0.946815,-0.321778],[19500,0,0,-0.946985,-0.321278],[19520,0,0,-0.947716,-0.319116],[19540,0,0,-0.947991,-0.318298],[19560,0,0,-0.948651,-0.316323],[19580,0,0,-0.948839,-0.315761],[19600,0,0,-0.949226,-0.314594],[19620,0,0,-0.949755,-0.312994],[19640,0,0,-0.94984,-0.312737],[19660,0,0,-0.950136,-0.311835],[19680,0,0,-0.950376,-0.311103],[19700,0,0,-0.950775,-0.309881],[19720,0,0,-0.950814,-0.309761],[19740,0,0,-0.950847,-0.30966],[19760,0,0,-0.950865,-0.309607],[19780,0,0,-0.950947,-0.309353],[19800,0,0,-0.95054,-0.310601],[19820,0,0,-0.950436,-0.310919],[19840,0,0,-0.950865,-0.309606],[19860,0,0,-0.950284,-0.311386],[19880,0,0,-0.950018,-0.312195],[19900,0,0,-0.949665,-0.313268],[19920,0,0,-0.949488,-0.313804],[19940,0,0,-0.948958,-0.315402],[19960,0,0,-0.948357,-0.317206],[19980,0,0,-0.948189,-0.317707],[20000,0,0,-0.947876,-0.318638],[20020,0,0,-0.947045,-0.321101],[20040,0,0,-0.946918,-0.321476],[20060,0,0,-0.946168,-0.323677],[20080,0,0,-0.945511,-0.32559],[20100,0,0,-0.945678,-0.325103],[20120,0,0,-0.945118,-0.326731],[20140,0,0,-0.944242,-0.329253],[20160,0,0,-0.94424,-0.329257],[20180,0,0,-0.943432,-0.331566],[20200,0,0,-0.943392,-0.331679],[20220,0,0,-0.943057,-0.332632],[20240,0,0,-0.942934,-0.332979],[20260,0,0,-0.942673,-0.333717],[20280,0,0,-0.942643,-0.333802],[20300,0,0,-0.9425,-0.334206],[20320,0,0,-0.942732,-0.33355],[20340,0,0,-0.942198,-0.335056],[20360,0,0,-0.942572,-0.334003],[20380,0,0,-0.942678,-0.333702],[20400,0,0,-0.942985,-0.332836],[20420,0,0,-0.942909,-0.333051],[20440,0,0,-0.943496,-0.331385],[20460,0,0,-0.943457,-0.331494],[20480,0,0,-0.943843,-0.330394],[20500,0,0,-0.944585,-0.328267],[20520,0,0,-0.945295,-0.326218],[20540,0,0,-0.945675,-0.325114],[20560,0,0,-0.945864,-0.324562],[20580,0,0,-0.946277,-0.323357],[20600,0,0,-0.946779,-0.321886],[20620,0,0,-0.947176,-0.320715],[20640,0,0,-0.947669,-0.319256],[20660,0,0,-0.948286,-0.317416],[20680,0,0,-0.948666,-0.316281],[20700,0,0,-0.949059,-0.3151],[20720,0,0,-0.949367,-0.314168],[20740,0,0,-0.949699,-0.313164],[20760,0,0,-0.950135,-0.31184],[20780,0,0,-0.950177,-0.311712],[20800,0,0,-0.95078,-0.309867],[20820,0,0,-0.950523,-0.310656],[20840,0,0,-0.95062,-0.310357],[20860,0,0,-0.950492,-0.310749],[20880,0,0,-0.950758,-0.309933],[20900,0,0,-0.950562,-0.310535],[20920,0,0,-0.950686,-0.310156],[20940,0,0,-0.950624,-0.310346],[20960,0,0,-0.950132,-0.311847],[20980,0,0,-0.949975,-0.312325],[21000,0,0,-0.949617,-0.313411],[21020,0,0,-0.949444,-0.313937],[21040,0,0,-0.949123,-0.314905],[21060,0,0,-0.948526,-0.3167],[21080,0,0,-0.948627,-0.316397],[21100,0,0,-0.947792,-0.318891],[21120,0,0,-0.947395,-0.320066],[21140,0,0,-0.946639,-0.322297],[21160,0,0,-0.946505,-0.322691],[21180,0,0,-0.945734,-0.324941],[21200,0,0,-0.94566,-0.325156],[21220,0,0,-0.944996,-0.327082],[21240,0,0,-0.94452,-0.328454],[21260,0,0,-0.943877,-0.330297],[21280,0,0,-0.94357,-0.331173],[21300,0,0,-0.943424,-0.331588],[21320,0,0,-0.943245,-0.332096],[21340,0,0,-0.942892,-0.333099],[21360,0,0,-0.94252,-0.334149],[21380,0,0,-0.942501,-0.334202],[21400,0,0,-0.942692,-0.333664],[21420,0,0,-0.942792,-0.333382],[21440,0,0,-0.942393,-0.334508],[21460,0,0,-0.94235,-0.334629],[21480,0,0,-0.942394,-0.334506],[21500,0,0,-0.942428,-0.334408],[21520,0,0,-0.942802,-0.333353],[21540,0,0,-0.943055,-0.332637],[21560,0,0,-0.943674,-0.330878],[21580,0,0,-0.943987,-0.329982],[21600,0,0,-0.944255,-0.329214],[21620,0,0,-0.944535,-0.32841],[21640,0,0,-0.945023,-0.327003],[21660,0,0,-0.945729,-0.324957],[21680,0,0,-0.945993,-0.324188],[21700,0,0,-0.946491,-0.322731],[21720,0,0,-0.947295,-0.320363],[21740,0,0,-0.947113,-0.320899],[21760,0,0,-0.94781,-0.318837],[21780,0,0,-0.948125,-0.317898],[21800,0,0,-0.948667,-0.316277],[21820,0,0,-0.949233,-0.314573],[21840,0,0,-0.949724,-0.313088],[21860,0,0,-0.949774,-0.312937],[21880,0,0,-0.949795,-0.312872],[21900,0,0,-0.95019,-0.31167],[21920,0,0,-0.950286,-0.311377],[21940,0,0,-0.950446,-0.310889],[21960,0,0,-0.950558,-0.310546],[21980,0,0,-0.950738,-0.309996],[22000,0,0,-0.950731,-0.310017],[22020,0,0,-0.950511,-0.31069],[22040,0,0,-0.950473,-0.310807],[22060,0,0,-0.950536,-0.310615],[22080,0,0,-0.949881,-0.312611],[22100,0,0,-0.949894,-0.312572],[22120,0,0,-0.949661,-0.31328],[22140,0,0,-0.949229,-0.314586],[22160,0,0,-0.94877,-0.315968],[22180,0,0,-0.948249,-0.317527],[22200,0,0,-0.948073,-0.318052],[22220,0,0,-0.947604,-0.319448],[22240,0,0,-0.947131,-0.320846],[22260,0,0,-0.9468,-0.321823],[22280,0,0,-0.945843,-0.324625],[22300,0,0,-0.945397,-0.32592],[22320,0,0,-0.94519,-0.326521],[22340,0,0,-0.94429,-0.329116],[22360,0,0,-0.944256,-0.329213],[22380,0,0,-0.943733,-0.33071],[22400,0,0,-0.943341,-0.331824],[22420,0,0,-0.943252,-0.332079],[22440,0,0,-0.942764,-0.333461],[22460,0,0,-0.942495,-0.33422],[22480,0,0,-0.942582,-0.333975],[22500,0,0,-0.942391,-0.334513],[22520,0,0,-0.94216,-0.335164],[22540,0,0,-0.942411,-0.334456],[22560,0,0,-0.942498,-0.334213],[22580,0,0,-0.942294,-0.334787],[22600,0,0,-0.942531,-0.334119],[22620,0,0,-0.942155,-0.335176],[22640,0,0,-0.94291,-0.333047],[22660,0,0,-0.943385,-0.331701],[22680,0,0,-0.943243,-0.332103],[22700,0,0,-0.943891,-0.330256],[22720,0,0,-0.944377,-0.328865],[22740,0,0,-0.944589,-0.328256],[22760,0,0,-0.945232,-0.326398],[22780,0,0,-0.945671,-0.325125],[22800,0,0,-0.94598,-0.324226],[22820,0,0,-0.94668,-0.322175],[22840,0,0,-0.947092,-0.320962],[22860,0,0,-0.947557,-0.319586],[22880,0,0,-0.947917,-0.318518],[22900,0,0,-0.948384,-0.317125],[22920,0,0,-0.948749,-0.316031],[22940,0,0,-0.949522,-0.313699],[22960,0,0,-0.949788,-0.312894],[22980,0,0,-0.950108,-0.311922],[23000,0,0,-0.950147,-0.311802],[23020,0,0,-0.950127,-0.311862],[23040,0,0,-0.9505,-0.310724],[23060,0,0,-0.950524,-0.310651],[23080,0,0,-0.950541,-0.3106],[23100,0,0,-0.950442,-0.310902],[23120,0,0,-0.950282,-0.311389],[23140,0,0,-0.950466,-0.310829],[23160,0,0,-0.950206,-0.311623],[23180,0,0,-0.949759,-0.312982],[23200,0,0,-0.949929,-0.312467],[23220,0,0,-0.949613,-0.313424],[23240,0,0,-0.949248,-0.31453],[23260,0,0,-0.948901,-0.315573],[23280,0,0,-0.948575,-0.316553],[23300,0,0,-0.947941,-0.318446],[23320,0,0,-0.947725,-0.319088],[23340,0,0,-0.946967,-0.32133],[23360,0,0,-0.946518,-0.322651],[23380,0,0,-0.946256,-0.323417],[23400,0,0,-0.945696,-0.325052],[23420,0,0,-0.945471,-0.325706],[23440,0,0,-0.944588,-0.328258],[23460,0,0,-0.944612,-0.328189],[23480,0,0,-0.943856,-0.330358],[23500,0,0,-0.943538,-0.331263],[23520,0,0,-0.943172,-0.332305],[23540,0,0,-0.943176,-0.332294],[23560,0,0,-0.942465,-0.334306],[23580,0,0,-0.942202,-0.335045],[23600,0,0,-0.942415,-0.334445],[23620,0,0,-0.942133,-0.335238],[23640,0,0,-0.942053,-0.335463],[23660,0,0,-0.94237,-0.334573],[23680,0,0,-0.941892,-0.335916],[23700,0,0,-0.942564,-0.334025],[23720,0,0,-0.942561,-0.334033],[23740,0,0,-0.943003,-0.332783],[23760,0,0,-0.943237,-0.33212],[23780,0,0,-0.943133,-0.332417],[23800,0,0,-0.943684,-0.330848],[23820,0,0,-0.943682,-0.330855],[23840,0,0,-0.944577,-0.328289],[23860,0,0,-0.944913,-0.327322],[23880,0,0,-0.945283,-0.326253],[23900,0,0,-0.945837,-0.324643],[23920,0,0,-0.946313,-0.323252],[23940,0,0,-0.946916,-0.32148],[23960,0,0,-0.947137,-0.320828],[23980,0,0,-0.947691,-0.319189],[24000,0,0,-0.948083,-0.318023],[24020,0,0,-0.948557,-0.316608],[24040,0,0,-0.948765,-0.315984],[24060,0,0,-0.949399,-0.314072],[24080,0,0,-0.949822,-0.31279],[24100,0,0,-0.949834,-0.312754],[24120,0,0,-0.949778,-0.312923],[24140,0,0,-0.950264,-0.311444],[24160,0,0,-0.950242,-0.311514],[24180,0,0,-0.950704,-0.310099],[24200,0,0,-0.950367,-0.31113],[24220,0,0,-0.950453,-0.310868],[24240,0,0,-0.950555,-0.310555],[24260,0,0,-0.950203,-0.311632],[24280,0,0,-0.950396,-0.311041],[24300,0,0,-0.949822,-0.312792],[24320,0,0,-0.949701,-0.313158],[24340,0,0,-0.949376,-0.314141],[24360,0,0,-0.948818,-0.315823],[24380,0,0,-0.94864,-0.316359],[24400,0,0,-0.948302,-0.317369],[24420,0,0,-0.94767,-0.319251],[24440,0,0,-0.947503,-0.319748],[24460,0,0,-0.947082,-0.320992],[24480,0,0,-0.946617,-0.322359],[24500,0,0,-0.945881,-0.324514],[24520,0,0,-0.945507,-0.325603],[24540,0,0,-0.944973,-0.327149],[24560,0,0,-0.944544,-0.328384],[24580,0,0,-0.944341,-0.328969],[24600,0,0,-0.9436,-0.331088],[24620,0,0,-0.943174,-0.3323],[24640,0,0,-0.943248,-0.332089],[24660,0,0,-0.94274,-0.333529],[24680,0,0,-0.942528,-0.334127],[24700,0,0,-0.942098,-0.335338],[24720,0,0,-0.942288,-0.334803],[24740,0,0,-0.942367,-0.334582],[24760,0,0,-0.942296,-0.334781],[24780,0,0,-0.94196,-0.335726],[24800,0,0,-0.942197,-0.33506],[24820,0,0,-0.942178,-0.335112],[24840,0,0,-0.942455,-0.334334],[24860,0,0,-0.942706,-0.333625],[24880,0,0,-0.942974,-0.332866],[24900,0,0,-0.943396,-0.33167],[24920,0,0,-0.943918,-0.330179],[24940,0,0,-0.944093,-0.329679],[24960,0,0,-0.944616,-0.328176],[24980,0,0,-0.945067,-0.326878],[25000,0,0,-0.945758,-0.324872],[25020,0,0,-0.945874,-0.324535],[25040,0,0,-0.946289,-0.323321],[25060,0,0,-0.946877,-0.321597],[25080,0,0,-0.947165,-0.320746],[25100,0,0,-0.947687,-0.319202],[25120,0,0,-0.948218,-0.317621],[25140,0,0,-0.948544,-0.316644],[25160,0,0,-0.949042,-0.315149],[25180,0,0,-0.949618,-0.313409],[25200,0,0,-0.949648,-0.313318],[25220,0,0,-0.949774,-0.312936],[25240,0,0,-0.950364,-0.31114],[25260,0,0,-0.950302,-0.311328],[25280,0,0,-0.9503,-0.311336],[25300,0,0,-0.950628,-0.310334],[25320,0,0,-0.950438,-0.310914],[25340,0,0,-0.950166,-0.311744],[25360,0,0,-0.950543,-0.310592],[25380,0,0,-0.949988,-0.312285],[25400,0,0,-0.949904,-0.312543],[25420,0,0,-0.94977,-0.312949],[25440,0,0,-0.949304,-0.31436],[25460,0,0,-0.949012,-0.315239],[25480,0,0,-0.94878,-0.315939],[25500,0,0,-0.94827,-0.317465],[25520,0,0,-0.948195,-0.317688],[25540,0,0,-0.947431,-0.31996],[25560,0,0,-0.947054,-0.321073],[25580,0,0,-0.946449,-0.322852],[25600,0,0,-0.945913,-0.324421],[25620,0,0,-0.945509,-0.325597],[25640,0,0,-0.94548,-0.32568],[25660,0,0,-0.94475,-0.327792],[25680,0,0,-0.944198,-0.329379],[25700,0,0,-0.943464,-0.331476],[25720,0,0,-0.943162,-0.332333],[25740,0,0,-0.943008,-0.33277],[25760,0,0,-0.942591,-0.333949],[25780,0,0,-0.942298,-0.334776],[25800,0,0,-0.9426,-0.333924],[25820,0,0,-0.942215,-0.335008],[25840,0,0,-0.942088,-0.335366],[25860,0,0,-0.942225,-0.334981],[25880,0,0,-0.941749,-0.336317],[25900,0,0,-0.942176,-0.335119],[25920,0,0,-0.941907,-0.335873],[25940,0,0,-0.94244,-0.334375],[25960,0,0,-0.942488,-0.33424],[25980,0,0,-0.942755,-0.333486],[26000,0,0,-0.943204,-0.332215],[26020,0,0,-0.943287,-0.33198],[26040,0,0,-0.943689,-0.330835],[26060,0,0,-0.944109,-0.329632],[26080,0,0,-0.944722,-0.327873],[26100,0,0,-0.945275,-0.326274],[26120,0,0,-0.945722,-0.324976],[26140,0,0,-0.945932,-0.324366],[26160,0,0,-0.94661,-0.32238],[26180,0,0,-0.947075,-0.321014],[26200,0,0,-0.947634,-0.319358],[26220,0,0,-0.947885,-0.318613],[26240,0,0,-0.948643,-0.316348],[26260,0,0,-0.948633,-0.316378],[26280,0,0,-0.949281,-0.314428],[26300,0,0,-0.949448,-0.313926],[26320,0,0,-0.949662,-0.313277],[26340,0,0,-0.950207,-0.311619],[26360,0,0,-0.950252,-0.311484],[26380,0,0,-0.950059,-0.31207],[26400,0,0,-0.950365,-0.311139],[26420,0,0,-0.950375,-0.311107],[26440,0,0,-0.950446,-0.31089],[26460,0,0,-0.950363,-0.311144],[26480,0,0,-0.950316,-0.311288],[26500,0,0,-0.949659,-0.313284],[26520,0,0,-0.949807,-0.312837],[26540,0,0,-0.949146,-0.314838],[26560,0,0,-0.94945,-0.313919],[26580,0,0,-0.948864,-0.315686],[26600,0,0,-0.948525,-0.316703],[26620,0,0,-0.948286,-0.317416],[26640,0,0,-0.947728,-0.319078],[26660,0,0,-0.947155,-0.320777],[26680,0,0,-0.946681,-0.322172],[26700,0,0,-0.946247,-0.323444],[26720,0,0,-0.946346,-0.323156],[26740,0,0,-0.946307,-0.323268],[26760,0,0,-0.946186,-0.323624],[26780,0,0,-0.946034,-0.324068],[26800,0,0,-0.946201,-0.32358],[26820,0,0,-0.945784,-0.324796],[26840,0,0,-0.946449,-0.322853],[26860,0,0,-0.946171,-0.323666],[26880,0,0,-0.946309,-0.323262],[26900,0,0,-0.946208,-0.32356],[26920,0,0,-0.946341,-0.32317],[26940,0,0,-0.946135,-0.323771],[26960,0,0,-0.945904,-0.324446],[26980,0,0,-0.945901,-0.324454],[27000,0,0,-0.946163,-0.323691],[27020,0,0,-0.946058,-0.323998],[27040,0,0,-0.946026,-0.324091],[27060,0,0,-0.946198,-0.323589],[27080,0,0,-0.946164,-0.323688],[27100,0,0,-0.94629,-0.32332],[27120,0,0,-0.946165,-0.323684],[27140,0,0,-0.945752,-0.32489],[27160,0,0,-0.945899,-0.32446],[27180,0,0,-0.946124,-0.323805],[27200,0,0,-0.94623,-0.323496],[27220,0,0,-0.946287,-0.323329],[27240,0,0,-0.946079,-0.323936],[27260,0,0,-0.946101,-0.323873],[27280,0,0,-0.945913,-0.324421],[27300,0,0,-0.94617,-0.323671],[27320,0,0,-0.946372,-0.323078],[27340,0,0,-0.945853,-0.324596],[27360,0,0,-0.946034,-0.324068],[27380,0,0,-0.945993,-0.324187],[27400,0,0,-0.945893,-0.324479],[27420,0,0,-0.946288,-0.323326],[27440,0,0,-0.945971,-0.32425],[27460,0,0,-0.945984,-0.324213],[27480,0,0,-0.946092,-0.323899],[27500,0,0,-0.946392,-0.323019],[27520,0,0,-0.946098,-0.32388],[27540,0,0,-0.945949,-0.324315],[27560,0,0,-0.946153,-0.323721],[27580,0,0,-0.94588,-0.324516],[27600,0,0,-0.946046,-0.324031],[27620,0,0,-0.946281,-0.323347],[27640,0,0,-0.946102,-0.32387],[27660,0,0,-0.945971,-0.324251],[27680,0,0,-0.946194,-0.323599],[27700,0,0,-0.945789,-0.324782]],"absolute":[[0,0,0,-0.960335,-0.278848],[20,0,0,-0.95989,-0.280376],[40,0,0,-0.95996,-0.280139],[60,0,0,-0.959991,-0.280031],[80,0,0,-0.960022,-0.279924],[100,0,0,-0.960181,-0.279378],[120,0,0,-0.960102,-0.279651],[140,0,0,-0.960134,-0.279539],[160,0,0,-0.959991,-0.28003],[180,0,0,-0.960119,-0.279593],[200,0,0,-0.959968,-0.280109],[220,0,0,-0.959998,-0.280006],[240,0,0,-0.960011,-0.279961],[260,0,0,-0.960344,-0.278817],[280,0,0,-0.960065,-0.279778],[300,0,0,-0.95998,-0.280067],[320,0,0,-0.959916,-0.28029],[340,0,0,-0.959766,-0.280802],[360,0,0,-0.9603,-0.27897],[380,0,0,-0.96013,-0.279554],[400,0,0,-0.960282,-0.279032],[420,0,0,-0.959868,-0.280451],[440,0,0,-0.960218,-0.279251],[460,0,0,-0.960009,-0.279969],[480,0,0,-0.960031,-0.279894],[500,0,0,-0.96021,-0.279279],[520,0,0,-0.960283,-0.279029],[540,0,0,-0.960055,-0.279813],[560,0,0,-0.960066,-0.279775],[580,0,0,-0.960199,-0.279317],[600,0,0,-0.960038,-0.279869],[620,0,0,-0.960127,-0.279566],[640,0,0,-0.960096,-0.27967],[660,0,0,-0.959941,-0.280201],[680,0,0,-0.959955,-0.280153],[700,0,0,-0.960058,-0.2798],[720,0,0,-0.959703,-0.281015],[740,0,0,-0.959823,-0.280605],[760,0,0,-0.960021,-0.27993],[780,0,0,-0.959865,-0.280463],[800,0,0,-0.959902,-0.280336],[820,0,0,-0.960168,-0.279422],[840,0,0,-0.960292,-0.278997],[860,0,0,-0.960167,-0.279428],[880,0,0,-0.960076,-0.279738],[900,0,0,-0.960097,-0.279667],[920,0,0,-0.960229,-0.279214],[940,0,0,-0.960218,-0.27925],[960,0,0,-0.960224,-0.279232],[980,0,0,-0.960071,-0.279755],[1000,0,0,-0.960256,-0.279122],[1020,0,0,-0.960041,-0.279858],[1040,0,0,-0.9599,-0.280344],[1060,0,0,-0.960045,-0.279846],[1080,0,0,-0.959978,-0.280076],[1100,0,0,-0.959773,-0.280778],[1120,0,0,-0.959941,-0.280202],[1140,0,0,-0.959873,-0.280436],[1160,0,0,-0.960267,-0.279083],[1180,0,0,-0.960118,-0.279595],[1200,0,0,-0.960064,-0.27978],[1220,0,0,-0.960085,-0.279709],[1240,0,0,-0.960043,-0.279852],[1260,0,0,-0.960056,-0.279809],[1280,0,0,-0.960184,-0.279367],[1300,0,0,-0.960103,-0.279647],[1320,0,0,-0.959956,-0.28015],[1340,0,0,-0.959886,-0.280389],[1360,0,0,-0.959845,-0.280532],[1380,0,0,-0.960199,-0.279317],[1400,0,0,-0.959943,-0.280196],[1420,0,0,-0.960342,-0.278823],[1440,0,0,-0.960171,-0.279414],[1460,0,0,-0.960155,-0.279467],[1480,0,0,-0.9601,-0.279657],[1500,0,0,-0.960045,-0.279846],[1520,0,0,-0.959936,-0.280218],[1540,0,0,-0.960248,-0.279148],[1560,0,0,-0.959968,-0.280111],[1580,0,0,-0.959929,-0.280242],[1600,0,0,-0.95985,-0.280515],[1620,0,0,-0.960041,-0.27986],[1640,0,0,-0.959898,-0.280348],[1660,0,0,-0.960251,-0.279137],[1680,0,0,-0.960151,-0.279483],[1700,0,0,-0.960328,-0.278875],[1720,0,0,-0.959832,-0.280574],[1740,0,0,-0.960142,-0.279513],[1760,0,0,-0.960019,-0.279936],[1780,0,0,-0.960114,-0.279608],[1800,0,0,-0.960203,-0.279303],[1820,0,0,-0.959946,-0.280186],[1840,0,0,-0.959923,-0.280263],[1860,0,0,-0.960073,-0.279749],[1880,0,0,-0.959939,-0.280207],[1900,0,0,-0.960057,-0.279804],[1920,0,0,-0.960006,-0.279978],[1940,0,0,-0.960221,-0.27924],[1960,0,0,-0.959932,-0.280232],[1980,0,0,-0.960204,-0.2793],[2000,0,0,-0.959793,-0.280708],[2020,0,0,-0.959543,-0.281564],[2040,0,0,-0.959313,-0.282343],[2060,0,0,-0.958794,-0.284103],[2080,0,0,-0.958306,-0.285745],[2100,0,0,-0.958015,-0.286719],[2120,0,0,-0.957898,-0.287109],[2140,0,0,-0.957467,-0.288544],[2160,0,0,-0.957329,-0.289001],[2180,0,0,-0.956878,-0.290489],[2200,0,0,-0.956891,-0.290446],[2220,0,0,-0.956319,-0.292327],[2240,0,0,-0.956254,-0.292538],[2260,0,0,-0.956346,-0.292238],[2280,0,0,-0.956437,-0.291939],[2300,0,0,-0.956126,-0.292955],[2320,0,0,-0.956544,-0.291589],[2340,0,0,-0.956362,-0.292185],[2360,0,0,-0.956651,-0.291237],[2380,0,0,-0.957094,-0.289776],[2400,0,0,-0.957123,-0.289683],[2420,0,0,-0.957474,-0.28852],[2440,0,0,-0.957643,-0.287959],[2460,0,0,-0.958148,-0.286272],[2480,0,0,-0.958771,-0.284181],[2500,0,0,-0.959128,-0.282973],[2520,0,0,-0.959494,-0.28173],[2540,0,0,-0.959877,-0.28042],[2560,0,0,-0.959974,-0.280089],[2580,0,0,-0.960707,-0.277566],[2600,0,0,-0.961016,-0.276493],[2620,0,0,-0.961299,-0.275506],[2640,0,0,-0.961645,-0.274296],[2660,0,0,-0.961888,-0.273443],[2680,0,0,-0.962476,-0.271367],[2700,0,0,-0.962622,-0.27085],[2720,0,0,-0.962731,-0.270461],[2740,0,0,-0.963279,-0.268503],[2760,0,0,-0.963426,-0.267974],[2780,0,0,-0.963471,-0.267811],[2800,0,0,-0.963689,-0.267026],[2820,0,0,-0.963502,-0.267702],[2840,0,0,-0.963763,-0.266761],[2860,0,0,-0.963695,-0.267004],[2880,0,0,-0.963817,-0.266564],[2900,0,0,-0.963318,-0.268364],[2920,0,0,-0.963293,-0.268454],[2940,0,0,-0.962909,-0.269828],[2960,0,0,-0.962654,-0.270734],[2980,0,0,-0.962428,-0.271536],[3000,0,0,-0.962223,-0.272264],[3020,0,0,-0.961831,-0.273645],[3040,0,0,-0.961379,-0.275229],[3060,0,0,-0.961126,-0.276109],[3080,0,0,-0.960367,-0.278738],[3100,0,0,-0.960327,-0.278878],[3120,0,0,-0.959997,-0.28001],[3140,0,0,-0.959412,-0.282007],[3160,0,0,-0.959102,-0.283061],[3180,0,0,-0.958471,-0.285189],[3200,0,0,-0.95802,-0.286702],[3220,0,0,-0.957923,-0.287025],[3240,0,0,-0.957416,-0.288711],[3260,0,0,-0.957314,-0.289051],[3280,0,0,-0.95702,-0.290022],[3300,0,0,-0.95674,-0.290944],[3320,0,0,-0.956778,-0.290819],[3340,0,0,-0.956326,-0.292302],[3360,0,0,-0.956472,-0.291823],[3380,0,0,-0.95618,-0.29278],[3400,0,0,-0.956665,-0.29119],[3420,0,0,-0.956141,-0.292906],[3440,0,0,-0.956445,-0.291913],[3460,0,0,-0.956644,-0.291261],[3480,0,0,-0.957131,-0.289656],[3500,0,0,-0.956973,-0.290176],[3520,0,0,-0.957229,-0.289331],[3540,0,0,-0.957546,-0.28828],[3560,0,0,-0.958102,-0.286428],[3580,0,0,-0.95825,-0.285932],[3600,0,0,-0.958551,-0.284922],[3620,0,0,-0.959267,-0.282502],[3640,0,0,-0.959704,-0.281014],[3660,0,0,-0.959975,-0.280086],[3680,0,0,-0.96037,-0.278729],[3700,0,0,-0.961045,-0.276391],[3720,0,0,-0.960983,-0.276606],[3740,0,0,-0.961749,-0.273933],[3760,0,0,-0.962031,-0.27294],[3780,0,0,-0.962019,-0.272983],[3800,0,0,-0.962552,-0.271098],[3820,0,0,-0.962632,-0.270815],[3840,0,0,-0.962978,-0.269579],[3860,0,0,-0.96339,-0.268103],[3880,0,0,-0.963656,-0.267147],[3900,0,0,-0.963528,-0.267608],[3920,0,0,-0.963407,-0.268042],[3940,0,0,-0.963857,-0.266421],[3960,0,0,-0.963392,-0.268096],[3980,0,0,-0.963754,-0.266794],[4000,0,0,-0.963357,-0.268222],[4020,0,0,-0.963175,-0.268876],[4040,0,0,-0.963085,-0.269198],[4060,0,0,-0.962852,-0.27003],[4080,0,0,-0.962719,-0.270505],[4100,0,0,-0.962375,-0.271723],[4120,0,0,-0.962103,-0.272685],[4140,0,0,-0.961449,-0.274984],[4160,0,0,-0.961241,-0.275711],[4180,0,0,-0.961163,-0.275981],[4200,0,0,-0.960494,-0.278301],[4220,0,0,-0.960012,-0.279959],[4240,0,0,-0.959771,-0.280783],[4260,0,0,-0.959391,-0.282078],[4280,0,0,-0.958773,-0.284172],[4300,0,0,-0.958344,-0.285617],[4320,0,0,-0.958285,-0.285814],[4340,0,0,-0.957661,-0.287897],[4360,0,0,-0.957474,-0.288521],[4380,0,0,-0.956903,-0.290407],[4400,0,0,-0.956828,-0.290655],[4420,0,0,-0.956773,-0.290835],[4440,0,0,-0.95673,-0.290977],[4460,0,0,-0.956581,-0.291466],[4480,0,0,-0.956111,-0.293005],[4500,0,0,-0.956213,-0.292672],[4520,0,0,-0.956366,-0.292172],[4540,0,0,-0.956215,-0.292667],[4560,0,0,-0.95644,-0.291929],[4580,0,0,-0.956441,-0.291924],[4600,0,0,-0.956702,-0.291068],[4620,0,0,-0.957119,-0.289696],[4640,0,0,-0.957574,-0.288186],[4660,0,0,-0.95774,-0.287636],[4680,0,0,-0.958192,-0.286126],[4700,0,0,-0.958584,-0.284811],[4720,0,0,-0.958834,-0.283968],[4740,0,0,-0.959295,-0.282405],[4760,0,0,-0.959902,-0.280337],[4780,0,0,-0.959937,-0.280214],[4800,0,0,-0.960443,-0.278477],[4820,0,0,-0.961119,-0.276134],[4840,0,0,-0.961258,-0.275649],[4860,0,0,-0.961911,-0.273362],[4880,0,0,-0.961854,-0.273563],[4900,0,0,-0.962602,-0.270921],[4920,0,0,-0.962335,-0.271867],[4940,0,0,-0.962905,-0.26984],[4960,0,0,-0.963069,-0.269255],[4980,0,0,-0.963306,-0.268406],[5000,0,0,-0.963661,-0.267129],[5020,0,0,-0.963603,-0.267337],[5040,0,0,-0.963673,-0.267085],[5060,0,0,-0.963632,-0.267233],[5080,0,0,-0.963772,-0.266728],[5100,0,0,-0.963496,-0.267722],[5120,0,0,-0.963221,-0.268709],[5140,0,0,-0.963255,-0.26859],[5160,0,0,-0.962791,-0.270247],[5180,0,0,-0.962808,-0.270188],[5200,0,0,-0.96229,-0.272026],[5220,0,0,-0.961991,-0.273079],[5240,0,0,-0.961758,-0.273902],[5260,0,0,-0.961282,-0.275566],[5280,0,0,-0.960793,-0.277267],[5300,0,0,-0.960343,-0.27882],[5320,0,0,-0.960404,-0.27861],[5340,0,0,-0.959776,-0.280766],[5360,0,0,-0.959322,-0.282315],[5380,0,0,-0.95875,-0.284252],[5400,0,0,-0.958702,-0.284413],[5420,0,0,-0.958213,-0.286056],[5440,0,0,-0.957894,-0.287123],[5460,0,0,-0.957517,-0.288375],[5480,0,0,-0.957104,-0.289744],[5500,0,0,-0.957202,-0.289422],[5520,0,0,-0.956962,-0.290215],[5540,0,0,-0.956717,-0.291019],[5560,0,0,-0.956371,-0.292156],[5580,0,0,-0.956335,-0.292272],[5600,0,0,-0.956372,-0.292151],[5620,0,0,-0.956076,-0.293118],[5640,0,0,-0.956399,-0.292063],[5660,0,0,-0.956511,-0.291696],[5680,0,0,-0.95654,-0.291601],[5700,0,0,-0.956887,-0.290462],[5720,0,0,-0.956875,-0.2905],[5740,0,0,-0.957466,-0.288547],[5760,0,0,-0.957547,-0.288278],[5780,0,0,-0.958101,-0.286432],[5800,0,0,-0.958482,-0.285152],[5820,0,0,-0.958736,-0.284299],[5840,0,0,-0.959156,-0.282877],[5860,0,0,-0.959828,-0.280589],[5880,0,0,-0.960004,-0.279987],[5900,0,0,-0.960437,-0.278496],[5920,0,0,-0.960835,-0.277123],[5940,0,0,-0.961012,-0.276506],[5960,0,0,-0.961454,-0.274967],[5980,0,0,-0.961747,-0.273939],[6000,0,0,-0.962548,-0.271111],[6020,0,0,-0.962567,-0.271046],[6040,0,0,-0.962836,-0.270088],[6060,0,0,-0.962988,-0.269544],[6080,0,0,-0.963238,-0.268649],[6100,0,0,-0.963486,-0.267759],[6120,0,0,-0.963568,-0.267465],[6140,0,0,-0.963617,-0.267287],[6160,0,0,-0.963801,-0.266623],[6180,0,0,-0.963635,-0.267221],[6200,0,0,-0.963253,-0.268597],[6220,0,0,-0.963492,-0.267739],[6240,0,0,-0.96324,-0.268643],[6260,0,0,-0.963344,-0.268269],[6280,0,0,-0.962967,-0.269621],[6300,0,0,-0.96262,-0.270855],[6320,0,0,-0.962403,-0.271626],[6340,0,0,-0.96214,-0.272555],[6360,0,0,-0.961653,-0.274271],[6380,0,0,-0.961066,-0.27632],[6400,0,0,-0.960534,-0.278162],[6420,0,0,-0.960406,-0.278606],[6440,0,0,-0.96026,-0.279108],[6460,0,0,-0.959496,-0.281722],[6480,0,0,-0.959432,-0.281939],[6500,0,0,-0.959022,-0.283332],[6520,0,0,-0.958446,-0.285275],[6540,0,0,-0.957802,-0.287428],[6560,0,0,-0.958019,-0.286706],[6580,0,0,-0.957416,-0.288712],[6600,0,0,-0.957171,-0.289522],[6620,0,0,-0.956842,-0.290609],[6640,0,0,-0.956679,-0.291145],[6660,0,0,-0.956188,-0.292754],[6680,0,0,-0.956425,-0.291977],[6700,0,0,-0.956148,-0.292884],[6720,0,0,-0.956326,-0.292302],[6740,0,0,-0.956567,-0.291511],[6760,0,0,-0.956334,-0.292276],[6780,0,0,-0.956413,-0.292017],[6800,0,0,-0.956906,-0.290399],[6820,0,0,-0.95705,-0.289922],[6840,0,0,-0.956917,-0.29036],[6860,0,0,-0.957368,-0.288872],[6880,0,0,-0.957788,-0.287475],[6900,0,0,-0.958178,-0.286172],[6920,0,0,-0.958771,-0.284179],[6940,0,0,-0.958869,-0.283848],[6960,0,0,-0.959434,-0.281933],[6980,0,0,-0.9597,-0.281028],[7000,0,0,-0.960012,-0.279957],[7020,0,0,-0.96055,-0.278107],[7040,0,0,-0.961032,-0.276436],[7060,0,0,-0.96134,-0.275365],[7080,0,0,-0.96178,-0.273823],[7100,0,0,-0.961999,-0.273054],[7120,0,0,-0.962421,-0.271561],[7140,0,0,-0.962711,-0.270533],[7160,0,0,-0.962937,-0.269727],[7180,0,0,-0.96319,-0.268822],[7200,0,0,-0.963149,-0.268968],[7220,0,0,-0.963331,-0.268317],[7240,0,0,-0.963402,-0.268062],[7260,0,0,-0.963665,-0.267114],[7280,0,0,-0.963431,-0.267957],[7300,0,0,-0.963593,-0.267374],[7320,0,0,-0.963517,-0.267646],[7340,0,0,-0.963436,-0.26794],[7360,0,0,-0.963134,-0.269023],[7380,0,0,-0.962896,-0.269871],[7400,0,0,-0.96267,-0.270679],[7420,0,0,-0.962391,-0.271668],[7440,0,0,-0.961766,-0.273871],[7460,0,0,-0.961896,-0.273415],[7480,0,0,-0.961299,-0.275508],[7500,0,0,-0.9613,-0.275504],[7520,0,0,-0.960578,-0.278012],[7540,0,0,-0.960196,-0.279328],[7560,0,0,-0.959883,-0.280402],[7580,0,0,-0.959496,-0.281721],[7600,0,0,-0.959032,-0.283296],[7620,0,0,-0.958575,-0.28484],[7640,0,0,-0.958407,-0.285406],[7660,0,0,-0.957769,-0.287538],[7680,0,0,-0.957577,-0.288178],[7700,0,0,-0.957271,-0.289194],[7720,0,0,-0.957113,-0.289717],[7740,0,0,-0.956629,-0.291308],[7760,0,0,-0.956604,-0.291391],[7780,0,0,-0.956437,-0.291938],[7800,0,0,-0.956453,-0.291886],[7820,0,0,-0.95639,-0.292093],[7840,0,0,-0.956384,-0.292112],[7860,0,0,-0.956492,-0.29176],[7880,0,0,-0.956225,-0.292632],[7900,0,0,-0.956625,-0.291322],[7920,0,0,-0.956681,-0.291138],[7940,0,0,-0.957062,-0.289883],[7960,0,0,-0.957288,-0.289137],[7980,0,0,-0.957532,-0.288329],[8000,0,0,-0.957945,-0.286952],[8020,0,0,-0.958527,-0.285003],[8040,0,0,-0.958672,-0.284515],[8060,0,0,-0.959202,-0.282722],[8080,0,0,-0.959613,-0.281324],[8100,0,0,-0.960045,-0.279847],[8120,0,0,-0.960266,-0.279085],[8140,0,0,-0.960712,-0.277546],[8160,0,0,-0.961326,-0.275414],[8180,0,0,-0.961562,-0.274588],[8200,0,0,-0.961944,-0.273248],[8220,0,0,-0.962287,-0.272037],[8240,0,0,-0.962545,-0.271121],[8260,0,0,-0.962972,-0.269601],[8280,0,0,-0.962914,-0.269809],[8300,0,0,-0.963418,-0.268004],[8320,0,0,-0.963439,-0.267928],[8340,0,0,-0.963482,-0.267772],[8360,0,0,-0.963604,-0.267335],[8380,0,0,-0.963695,-0.267004],[8400,0,0,-0.963394,-0.268089],[8420,0,0,-0.963807,-0.266602],[8440,0,0,-0.963327,-0.268331],[8460,0,0,-0.963338,-0.26829],[8480,0,0,-0.963151,-0.26896],[8500,0,0,-0.962832,-0.270101],[8520,0,0,-0.962608,-0.270899],[8540,0,0,-0.962241,-0.272198],[8560,0,0,-0.962071,-0.2728],[8580,0,0,-0.961674,-0.274195],[8600,0,0,-0.961276,-0.275588],[8620,0,0,-0.960901,-0.276892],[8640,0,0,-0.960359,-0.278765],[8660,0,0,-0.960013,-0.279954],[8680,0,0,-0.959552,-0.28153],[8700,0,0,-0.95918,-0.282795],[8720,0,0,-0.95864,-0.28462],[8740,0,0,-0.958442,-0.285286],[8760,0,0,-0.958003,-0.286759],[8780,0,0,-0.957539,-0.288302],[8800,0,0,-0.957279,-0.289166],[8820,0,0,-0.957179,-0.289495],[8840,0,0,-0.956643,-0.291263],[8860,0,0,-0.956644,-0.29126],[8880,0,0,-0.956572,-0.291497],[8900,0,0,-0.956577,-0.291481],[8920,0,0,-0.956117,-0.292985],[8940,0,0,-0.956251,-0.292546],[8960,0,0,-0.956293,-0.292411],[8980,0,0,-0.956523,-0.291657],[9000,0,0,-0.956632,-0.2913],[9020,0,0,-0.956778,-0.290819],[9040,0,0,-0.956937,-0.290297],[9060,0,0,-0.957408,-0.288738],[9080,0,0,-0.957505,-0.288418],[9100,0,0,-0.958173,-0.286188],[9120,0,0,-0.958191,-0.28613],[9140,0,0,-0.958437,-0.285304],[9160,0,0,-0.958674,-0.284508],[9180,0,0,-0.959152,-0.282891],[9200,0,0,-0.959643,-0.281221],[9220,0,0,-0.960052,-0.279821],[9240,0,0,-0.960458,-0.278425],[9260,0,0,-0.960896,-0.276909],[9280,0,0,-0.961144,-0.276047],[9300,0,0,-0.961867,-0.273517],[9320,0,0,-0.962025,-0.272962],[9340,0,0,-0.962502,-0.271274],[9360,0,0,-0.962795,-0.270234],[9380,0,0,-0.962658,-0.27072],[9400,0,0,-0.963255,-0.268589],[9420,0,0,-0.963507,-0.267684],[9440,0,0,-0.963408,-0.268038],[9460,0,0,-0.963581,-0.267417],[9480,0,0,-0.963672,-0.267088],[9500,0,0,-0.963637,-0.267216],[9520,0,0,-0.963507,-0.267682],[9540,0,0,-0.963493,-0.267734],[9560,0,0,-0.963335,-0.2683],[9580,0,0,-0.963187,-0.268834],[9600,0,0,-0.963138,-0.269009],[9620,0,0,-0.962729,-0.270468],[9640,0,0,-0.962431,-0.271527],[9660,0,0,-0.962246,-0.272182],[9680,0,0,-0.961821,-0.273681],[9700,0,0,-0.961819,-0.273688],[9720,0,0,-0.961211,-0.275813],[9740,0,0,-0.960637,-0.277808],[9760,0,0,-0.960284,-0.279026],[9780,0,0,-0.959961,-0.280134],[9800,0,0,-0.959589,-0.281404],[9820,0,0,-0.959102,-0.283059],[9840,0,0,-0.958647,-0.284598],[9860,0,0,-0.95831,-0.28573],[9880,0,0,-0.957873,-0.287191],[9900,0,0,-0.957505,-0.288417],[9920,0,0,-0.95723,-0.289329],[9940,0,0,-0.956866,-0.290529],[9960,0,0,-0.95658,-0.291471],[9980,0,0,-0.956753,-0.290901],[10000,0,0,-0.956249,-0.292554],[10020,0,0,-0.956409,-0.292031],[10040,0,0,-0.956359,-0.292193],[10060,0,0,-0.956444,-0.291917],[10080,0,0,-0.956465,-0.291849],[10100,0,0,-0.956415,-0.29201],[10120,0,0,-0.956937,-0.290297],[10140,0,0,-0.956794,-0.290768],[10160,0,0,-0.957004,-0.290075],[10180,0,0,-0.957379,-0.288834],[10200,0,0,-0.95761,-0.288068],[10220,0,0,-0.957883,-0.287158],[10240,0,0,-0.958388,-0.285469],[10260,0,0,-0.95891,-0.283709],[10280,0,0,-0.959286,-0.282437],[10300,0,0,-0.959336,-0.282268],[10320,0,0,-0.960131,-0.279552],[10340,0,0,-0.960546,-0.278123],[10360,0,0,-0.960464,-0.278404],[10380,0,0,-0.961347,-0.275339],[10400,0,0,-0.961567,-0.274572],[10420,0,0,-0.961868,-0.273513],[10440,0,0,-0.962283,-0.27205],[10460,0,0,-0.962388,-0.271677],[10480,0,0,-0.9627,-0.27057],[10500,0,0,-0.963124,-0.269059],[10520,0,0,-0.963121,-0.269068],[10540,0,0,-0.963523,-0.267625],[10560,0,0,-0.963203,-0.268775],[10580,0,0,-0.963382,-0.268133],[10600,0,0,-0.96357,-0.267454],[10620,0,0,-0.96367,-0.267095],[10640,0,0,-0.963625,-0.267256],[10660,0,0,-0.963485,-0.267762],[10680,0,0,-0.963347,-0.268257],[10700,0,0,-0.963179,-0.268861],[10720,0,0,-0.963106,-0.269122],[10740,0,0,-0.962482,-0.271347],[10760,0,0,-0.962323,-0.27191],[10780,0,0,-0.962068,-0.272808],[10800,0,0,-0.961532,-0.274693],[10820,0,0,-0.961399,-0.27516],[10840,0,0,-0.96083,-0.277138],[10860,0,0,-0.960571,-0.278036],[10880,0,0,-0.959939,-0.280209],[10900,0,0,-0.959672,-0.281122],[10920,0,0,-0.959131,-0.282961],[10940,0,0,-0.958885,-0.283795],[10960,0,0,-0.958493,-0.285115],[10980,0,0,-0.958122,-0.286361],[11000,0,0,-0.957679,-0.287837],[11020,0,0,-0.957271,-0.289191],[11040,0,0,-0.957021,-0.290019],[11060,0,0,-0.95675,-0.290912],[11080,0,0,-0.95676,-0.29088],[11100,0,0,-0.956603,-0.291396],[11120,0,0,-0.95632,-0.292321],[11140,0,0,-0.956153,-0.292867],[11160,0,0,-0.956265,-0.2925],[11180,0,0,-0.956039,-0.29324],[11200,0,0,-0.956675,-0.291159],[11220,0,0,-0.956607,-0.291382],[11240,0,0,-0.956557,-0.291545],[11260,0,0,-0.956921,-0.290347],[11280,0,0,-0.957016,-0.290035],[11300,0,0,-0.957686,-0.287815],[11320,0,0,-0.957764,-0.287554],[11340,0,0,-0.95826,-0.285899],[11360,0,0,-0.958915,-0.283692],[11380,0,0,-0.958946,-0.28359],[11400,0,0,-0.959231,-0.282625],[11420,0,0,-0.959824,-0.280603],[11440,0,0,-0.960234,-0.279198],[11460,0,0,-0.96075,-0.277417],[11480,0,0,-0.960859,-0.277036],[11500,0,0,-0.961337,-0.275376],[11520,0,0,-0.961593,-0.27448],[11540,0,0,-0.961938,-0.273268],[11560,0,0,-0.962324,-0.271905],[11580,0,0,-0.962694,-0.270592],[11600,0,0,-0.963089,-0.269182],[11620,0,0,-0.963183,-0.268847],[11640,0,0,-0.963516,-0.267651],[11660,0,0,-0.963287,-0.268473],[11680,0,0,-0.96352,-0.267638],[11700,0,0,-0.963766,-0.26675],[11720,0,0,-0.963577,-0.26743],[11740,0,0,-0.9635,-0.267707],[11760,0,0,-0.963402,-0.268061],[11780,0,0,-0.963288,-0.268471],[11800,0,0,-0.963161,-0.268925],[11820,0,0,-0.962819,-0.270146],[11840,0,0,-0.962826,-0.270123],[11860,0,0,-0.962182,-0.272406],[11880,0,0,-0.962256,-0.272146],[11900,0,0,-0.961901,-0.2734],[11920,0,0,-0.961518,-0.274742],[11940,0,0,-0.961272,-0.275603],[11960,0,0,-0.960914,-0.276845],[11980,0,0,-0.960264,-0.279095],[12000,0,0,-0.959963,-0.280127],[12020,0,0,-0.959748,-0.280864],[12040,0,0,-0.959024,-0.283323],[12060,0,0,-0.95876,-0.284215],[12080,0,0,-0.958309,-0.285735],[12100,0,0,-0.957853,-0.287259],[12120,0,0,-0.957664,-0.287888],[12140,0,0,-0.957531,-0.288332],[12160,0,0,-0.957085,-0.289808],[12180,0,0,-0.957039,-0.289961],[12200,0,0,-0.956427,-0.291972],[12220,0,0,-0.956582,-0.291463],[12240,0,0,-0.956557,-0.291544],[12260,0,0,-0.956117,-0.292985],[12280,0,0,-0.956209,-0.292686],[12300,0,0,-0.956513,-0.291691],[12320,0,0,-0.956213,-0.292671],[12340,0,0,-0.956781,-0.290808],[12360,0,0,-0.956884,-0.290471],[12380,0,0,-0.957001,-0.290083],[12400,0,0,-0.957138,-0.289633],[12420,0,0,-0.957718,-0.287708],[12440,0,0,-0.958296,-0.285778],[12460,0,0,-0.958384,-0.285481],[12480,0,0,-0.959129,-0.282968],[12500,0,0,-0.958949,-0.283578],[12520,0,0,-0.959534,-0.281592],[12540,0,0,-0.959914,-0.280294],[12560,0,0,-0.960666,-0.277705],[12580,0,0,-0.960636,-0.277811],[12600,0,0,-0.961267,-0.275619],[12620,0,0,-0.96132,-0.275433],[12640,0,0,-0.961882,-0.273463],[12660,0,0,-0.962462,-0.271417],[12680,0,0,-0.962433,-0.271519],[12700,0,0,-0.962608,-0.270899],[12720,0,0,-0.963019,-0.269434],[12740,0,0,-0.963081,-0.269213],[12760,0,0,-0.963465,-0.267836],[12780,0,0,-0.963284,-0.268484],[12800,0,0,-0.963451,-0.267884],[12820,0,0,-0.963655,-0.26715],[12840,0,0,-0.963731,-0.266875],[12860,0,0,-0.963609,-0.267314],[12880,0,0,-0.963475,-0.267797],[12900,0,0,-0.963414,-0.268017],[12920,0,0,-0.963156,-0.268943],[12940,0,0,-0.962842,-0.270065],[12960,0,0,-0.962663,-0.270702],[12980,0,0,-0.962311,-0.271951],[13000,0,0,-0.962066,-0.272815],[13020,0,0,-0.961559,-0.274597],[13040,0,0,-0.961056,-0.276353],[13060,0,0,-0.961031,-0.276441],[13080,0,0,-0.960546,-0.278123],[13100,0,0,-0.959973,-0.280091],[13120,0,0,-0.96002,-0.27993],[13140,0,0,-0.9602,-0.279313],[13160,0,0,-0.959837,-0.280559],[13180,0,0,-0.959938,-0.280212],[13200,0,0,-0.959541,-0.281569],[13220,0,0,-0.959336,-0.282267],[13240,0,0,-0.959066,-0.283184],[13260,0,0,-0.958465,-0.28521],[13280,0,0,-0.958085,-0.286483],[13300,0,0,-0.957006,-0.290069],[13320,0,0,-0.956596,-0.291418],[13340,0,0,-0.954773,-0.297335],[13360,0,0,-0.953672,-0.300848],[13380,0,0,-0.951956,-0.306235],[13400,0,0,-0.950261,-0.311454],[13420,0,0,-0.947787,-0.318904],[13440,0,0,-0.945646,-0.325198],[13460,0,0,-0.942629,-0.333841],[13480,0,0,-0.939696,-0.342012],[13500,0,0,-0.935874,-0.352335],[13520,0,0,-0.931703,-0.363221],[13540,0,0,-0.927301,-0.374317],[13560,0,0,-0.922171,-0.386784],[13580,0,0,-0.917011,-0.398862],[13600,0,0,-0.910431,-0.413661],[13620,0,0,-0.903688,-0.428192],[13640,0,0,-0.895886,-0.444285],[13660,0,0,-0.887686,-0.46045],[13680,0,0,-0.879041,-0.476746],[13700,0,0,-0.869221,-0.494424],[13720,0,0,-0.858568,-0.5127],[13740,0,0,-0.846958,-0.53166],[13760,0,0,-0.834911,-0.550385],[13780,0,0,-0.821415,-0.570331],[13800,0,0,-0.807464,-0.589917],[13820,0,0,-0.7918,-0.61078],[13840,0,0,-0.775757,-0.631032],[13860,0,0,-0.7585,-0.651673],[13880,0,0,-0.74011,-0.672486],[13900,0,0,-0.722128,-0.69176],[13920,0,0,-0.701462,-0.712707],[13940,0,0,-0.680367,-0.732871],[13960,0,0,-0.657947,-0.753064],[13980,0,0,-0.634813,-0.772666],[14000,0,0,-0.611213,-0.791466],[14020,0,0,-0.586574,-0.809895],[14040,0,0,-0.561505,-0.827473],[14060,0,0,-0.534894,-0.844919],[14080,0,0,-0.50814,-0.861275],[14100,0,0,-0.480947,-0.87675],[14120,0,0,-0.452343,-0.891844],[14140,0,0,-0.424832,-0.905272],[14160,0,0,-0.396189,-0.918169],[14180,0,0,-0.368431,-0.929655],[14200,0,0,-0.339064,-0.940763],[14220,0,0,-0.310519,-0.950567],[14240,0,0,-0.281423,-0.959584],[14260,0,0,-0.252832,-0.96751],[14280,0,0,-0.224256,-0.97453],[14300,0,0,-0.19647,-0.98051],[14320,0,0,-0.168047,-0.985779],[14340,0,0,-0.141898,-0.989881],[14360,0,0,-0.115421,-0.993317],[14380,0,0,-0.088928,-0.996038],[14400,0,0,-0.064116,-0.997942],[14420,0,0,-0.039362,-0.999225],[14440,0,0,-0.016007,-0.999872],[14460,0,0,0.007841,-0.999969],[14480,0,0,0.029498,-0.999565],[14500,0,0,0.04973,-0.998763],[14520,0,0,0.070701,-0.997498],[14540,0,0,0.090267,-0.995918],[14560,0,0,0.106926,-0.994267],[14580,0,0,0.124159,-0.992262],[14600,0,0,0.139797,-0.99018],[14620,0,0,0.155455,-0.987843],[14640,0,0,0.17013,-0.985422],[14660,0,0,0.182559,-0.983195],[14680,0,0,0.19501,-0.980801],[14700,0,0,0.205167,-0.978727],[14720,0,0,0.215456,-0.976513],[14740,0,0,0.225495,-0.974244],[14760,0,0,0.234737,-0.972059],[14780,0,0,0.241156,-0.970486],[14800,0,0,0.247117,-0.968986],[14820,0,0,0.253359,-0.967372],[14840,0,0,0.259193,-0.965826],[14860,0,0,0.263396,-0.964688],[14880,0,0,0.266909,-0.963722],[14900,0,0,0.27022,-0.962799],[14920,0,0,0.271936,-0.962315],[14940,0,0,0.274363,-0.961626],[14960,0,0,0.276645,-0.960972],[14980,0,0,0.278676,-0.960385],[15000,0,0,0.278548,-0.960422],[15020,0,0,0.279605,-0.960115],[15040,0,0,0.279159,-0.960245],[15060,0,0,0.279334,-0.960194],[15080,0,0,0.280005,-0.959999],[15100,0,0,0.280022,-0.959993],[15120,0,0,0.279783,-0.960063],[15140,0,0,0.279235,-0.960223],[15160,0,0,0.279926,-0.960021],[15180,0,0,0.280652,-0.95981],[15200,0,0,0.280533,-0.959844],[15220,0,0,0.28043,-0.959875],[15240,0,0,0.280513,-0.95985],[15260,0,0,0.279442,-0.960163],[15280,0,0,0.280838,-0.959755],[15300,0,0,0.280427,-0.959875],[15320,0,0,0.279829,-0.96005],[15340,0,0,0.28039,-0.959886],[15360,0,0,0.280182,-0.959947],[15380,0,0,0.279871,-0.960038],[15400,0,0,0.279976,-0.960007],[15420,0,0,0.279893,-0.960031],[15440,0,0,0.280184,-0.959946],[15460,0,0,0.279549,-0.960132],[15480,0,0,0.279112,-0.960258],[15500,0,0,0.279481,-0.960151],[15520,0,0,0.278781,-0.960355],[15540,0,0,0.280123,-0.959964],[15560,0,0,0.279618,-0.960111],[15580,0,0,0.279817,-0.960053],[15600,0,0,0.280214,-0.959938],[15620,0,0,0.281029,-0.959699],[15640,0,0,0.282294,-0.959328],[15660,0,0,0.28308,-0.959096],[15680,0,0,0.285434,-0.958398],[15700,0,0,0.286702,-0.95802],[15720,0,0,0.288021,-0.957624],[15740,0,0,0.28907,-0.957308],[15760,0,0,0.290237,-0.956955],[15780,0,0,0.290637,-0.956833],[15800,0,0,0.290324,-0.956928],[15820,0,0,0.291977,-0.956425],[15840,0,0,0.291933,-0.956439],[15860,0,0,0.291853,-0.956463],[15880,0,0,0.292512,-0.956262],[15900,0,0,0.291308,-0.956629],[15920,0,0,0.291726,-0.956502],[15940,0,0,0.291274,-0.95664],[15960,0,0,0.29137,-0.95661],[15980,0,0,0.289426,-0.9572],[16000,0,0,0.289048,-0.957314],[16020,0,0,0.289115,-0.957294],[16040,0,0,0.287724,-0.957713],[16060,0,0,0.286308,-0.958138],[16080,0,0,0.284383,-0.958711],[16100,0,0,0.283915,-0.958849],[16120,0,0,0.282036,-0.959404],[16140,0,0,0.280971,-0.959716],[16160,0,0,0.27932,-0.960198],[16180,0,0,0.277013,-0.960866],[16200,0,0,0.276643,-0.960973],[16220,0,0,0.275316,-0.961354],[16240,0,0,0.272697,-0.9621],[16260,0,0,0.272773,-0.962078],[16280,0,0,0.271867,-0.962335],[16300,0,0,0.270339,-0.962765],[16320,0,0,0.269562,-0.962983],[16340,0,0,0.26901,-0.963137],[16360,0,0,0.268234,-0.963354],[16380,0,0,0.268093,-0.963393],[16400,0,0,0.266936,-0.963714],[16420,0,0,0.267093,-0.963671],[16440,0,0,0.267182,-0.963646],[16460,0,0,0.267333,-0.963604],[16480,0,0,0.267554,-0.963543],[16500,0,0,0.267719,-0.963497],[16520,0,0,0.268023,-0.963413],[16540,0,0,0.269902,-0.962888],[16560,0,0,0.270713,-0.96266],[16580,0,0,0.271356,-0.962479],[16600,0,0,0.273192,-0.96196],[16620,0,0,0.273532,-0.961863],[16640,0,0,0.274849,-0.961487],[16660,0,0,0.27607,-0.961138],[16680,0,0,0.27767,-0.960677],[16700,0,0,0.278618,-0.960402],[16720,0,0,0.281245,-0.959636],[16740,0,0,0.281669,-0.959511],[16760,0,0,0.282923,-0.959143],[16780,0,0,0.285129,-0.958489],[16800,0,0,0.286315,-0.958136],[16820,0,0,0.287925,-0.957653],[16840,0,0,0.287907,-0.957658],[16860,0,0,0.289289,-0.957242],[16880,0,0,0.289969,-0.957036],[16900,0,0,0.290867,-0.956764],[16920,0,0,0.291801,-0.956479],[16940,0,0,0.291817,-0.956474],[16960,0,0,0.292346,-0.956313],[16980,0,0,0.291966,-0.956429],[17000,0,0,0.291856,-0.956462],[17020,0,0,0.292284,-0.956332],[17040,0,0,0.291758,-0.956492],[17060,0,0,0.29085,-0.956769],[17080,0,0,0.290142,-0.956984],[17100,0,0,0.289564,-0.957159],[17120,0,0,0.289926,-0.957049],[17140,0,0,0.28809,-0.957603],[17160,0,0,0.286783,-0.957995],[17180,0,0,0.285719,-0.958313],[17200,0,0,0.284763,-0.958598],[17220,0,0,0.283563,-0.958954],[17240,0,0,0.281265,-0.95963],[17260,0,0,0.279845,-0.960045],[17280,0,0,0.278978,-0.960297],[17300,0,0,0.27774,-0.960656],[17320,0,0,0.276436,-0.961032],[17340,0,0,0.276028,-0.96115],[17360,0,0,0.272924,-0.962036],[17380,0,0,0.271432,-0.962458],[17400,0,0,0.270849,-0.962622],[17420,0,0,0.270006,-0.962859],[17440,0,0,0.269413,-0.963025],[17460,0,0,0.268686,-0.963228],[17480,0,0,0.268632,-0.963243],[17500,0,0,0.267612,-0.963527],[17520,0,0,0.266924,-0.963717],[17540,0,0,0.266606,-0.963806],[17560,0,0,0.266973,-0.963704],[17580,0,0,0.267628,-0.963522],[17600,0,0,0.267084,-0.963673],[17620,0,0,0.268492,-0.963282],[17640,0,0,0.269267,-0.963065],[17660,0,0,0.26979,-0.962919],[17680,0,0,0.270648,-0.962679],[17700,0,0,0.27168,-0.962388],[17720,0,0,0.273202,-0.961957],[17740,0,0,0.274252,-0.961658],[17760,0,0,0.276494,-0.961016],[17780,0,0,0.277343,-0.960771],[17800,0,0,0.278552,-0.960421],[17820,0,0,0.279441,-0.960163],[17840,0,0,0.281961,-0.959426],[17860,0,0,0.282485,-0.959272],[17880,0,0,0.284076,-0.958802],[17900,0,0,0.285245,-0.958455],[17920,0,0,0.28755,-0.957766],[17940,0,0,0.287886,-0.957665],[17960,0,0,0.288371,-0.957519],[17980,0,0,0.290249,-0.956951],[18000,0,0,0.29014,-0.956984],[18020,0,0,0.291105,-0.956691],[18040,0,0,0.291892,-0.956451],[18060,0,0,0.293007,-0.95611],[18080,0,0,0.292144,-0.956374],[18100,0,0,0.292154,-0.956371],[18120,0,0,0.292341,-0.956314],[18140,0,0,0.292688,-0.956208],[18160,0,0,0.292206,-0.956355],[18180,0,0,0.29117,-0.956671],[18200,0,0,0.2907,-0.956814],[18220,0,0,0.28778,-0.957696],[18240,0,0,0.288681,-0.957425],[18260,0,0,0.287231,-0.957861],[18280,0,0,0.286291,-0.958143],[18300,0,0,0.283694,-0.958915],[18320,0,0,0.283454,-0.958986],[18340,0,0,0.282254,-0.95934],[18360,0,0,0.281251,-0.959634],[18380,0,0,0.27917,-0.960242],[18400,0,0,0.276506,-0.961012],[18420,0,0,0.276521,-0.961008],[18440,0,0,0.275688,-0.961247],[18460,0,0,0.274255,-0.961657],[18480,0,0,0.271963,-0.962308],[18500,0,0,0.27236,-0.962195],[18520,0,0,0.270769,-0.962644],[18540,0,0,0.269926,-0.962881],[18560,0,0,0.269295,-0.963058],[18580,0,0,0.268371,-0.963316],[18600,0,0,0.267583,-0.963535],[18620,0,0,0.267002,-0.963696],[18640,0,0,0.267437,-0.963575],[18660,0,0,0.267088,-0.963672],[18680,0,0,0.268158,-0.963375],[18700,0,0,0.268134,-0.963382],[18720,0,0,0.268068,-0.9634],[18740,0,0,0.268962,-0.963151],[18760,0,0,0.269469,-0.963009],[18780,0,0,0.270276,-0.962783],[18800,0,0,0.271754,-0.962367],[18820,0,0,0.272671,-0.962107],[18840,0,0,0.274154,-0.961686],[18860,0,0,0.275188,-0.961391],[18880,0,0,0.2756,-0.961272],[18900,0,0,0.278268,-0.960504],[18920,0,0,0.279396,-0.960176],[18940,0,0,0.281134,-0.959669],[18960,0,0,0.282116,-0.95938],[18980,0,0,0.283257,-0.959044],[19000,0,0,0.285146,-0.958484],[19020,0,0,0.285914,-0.958255],[19040,0,0,0.286909,-0.957958],[19060,0,0,0.288205,-0.957569],[19080,0,0,0.29012,-0.95699],[19100,0,0,0.290598,-0.956845],[19120,0,0,0.29132,-0.956626],[19140,0,0,0.291628,-0.956532],[19160,0,0,0.29226,-0.956339],[19180,0,0,0.291227,-0.956654],[19200,0,0,0.292746,-0.95619],[19220,0,0,0.29234,-0.956314],[19240,0,0,0.292066,-0.956398],[19260,0,0,0.291163,-0.956673],[19280,0,0,0.291888,-0.956452],[19300,0,0,0.290693,-0.956816],[19320,0,0,0.289905,-0.957055],[19340,0,0,0.289483,-0.957183],[19360,0,0,0.287818,-0.957685],[19380,0,0,0.285905,-0.958258],[19400,0,0,0.284875,-0.958565],[19420,0,0,0.284834,-0.958577],[19440,0,0,0.282992,-0.959122],[19460,0,0,0.281354,-0.959604],[19480,0,0,0.280218,-0.959937],[19500,0,0,0.279363,-0.960186],[19520,0,0,0.277335,-0.960773],[19540,0,0,0.276027,-0.96115],[19560,0,0,0.274327,-0.961637],[19580,0,0,0.273202,-0.961957],[19600,0,0,0.272056,-0.962281],[19620,0,0,0.270825,-0.962629],[19640,0,0,0.269139,-0.963101],[19660,0,0,0.270368,-0.962757],[19680,0,0,0.268119,-0.963386],[19700,0,0,0.267699,-0.963503],[19720,0,0,0.267496,-0.963559],[19740,0,0,0.267829,-0.963467],[19760,0,0,0.266843,-0.96374],[19780,0,0,0.267756,-0.963487],[19800,0,0,0.267304,-0.963612],[19820,0,0,0.268461,-0.963291],[19840,0,0,0.268405,-0.963306],[19860,0,0,0.27002,-0.962855],[19880,0,0,0.268573,-0.963259],[19900,0,0,0.270524,-0.962713],[19920,0,0,0.271348,-0.962481],[19940,0,0,0.273568,-0.961853],[19960,0,0,0.273979,-0.961736],[19980,0,0,0.275847,-0.961202],[20000,0,0,0.277513,-0.960722],[20020,0,0,0.278529,-0.960428],[20040,0,0,0.27947,-0.960154],[20060,0,0,0.282065,-0.959395],[20080,0,0,0.282637,-0.959227],[20100,0,0,0.284046,-0.958811],[20120,0,0,0.28453,-0.958667],[20140,0,0,0.286104,-0.958198],[20160,0,0,0.288139,-0.957589],[20180,0,0,0.287943,-0.957648],[20200,0,0,0.289849,-0.957072],[20220,0,0,0.290158,-0.956979],[20240,0,0,0.29064,-0.956832],[20260,0,0,0.292169,-0.956367],[20280,0,0,0.292175,-0.956365],[20300,0,0,0.291693,-0.956512],[20320,0,0,0.29258,-0.956241],[20340,0,0,0.293171,-0.95606],[20360,0,0,0.292719,-0.956199],[20380,0,0,0.291534,-0.95656],[20400,0,0,0.290923,-0.956746],[20420,0,0,0.290293,-0.956938],[20440,0,0,0.288947,-0.957345],[20460,0,0,0.288136,-0.957589],[20480,0,0,0.286119,-0.958194],[20500,0,0,0.285843,-0.958277],[20520,0,0,0.285159,-0.95848],[20540,0,0,0.283062,-0.959102],[20560,0,0,0.282717,-0.959203],[20580,0,0,0.280698,-0.959796],[20600,0,0,0.279012,-0.960288],[20620,0,0,0.278663,-0.960389],[20640,0,0,0.277021,-0.960864],[20660,0,0,0.275211,-0.961384],[20680,0,0,0.274162,-0.961683],[20700,0,0,0.273604,-0.961842],[20720,0,0,0.271763,-0.962364],[20740,0,0,0.270928,-0.9626],[20760,0,0,0.270521,-0.962714],[20780,0,0,0.269248,-0.963071],[20800,0,0,0.268148,-0.963378],[20820,0,0,0.266509,-0.963832],[20840,0,0,0.267522,-0.963552],[20860,0,0,0.268083,-0.963396],[20880,0,0,0.267032,-0.963688],[20900,0,0,0.267167,-0.96365],[20920,0,0,0.26772,-0.963497],[20940,0,0,0.269062,-0.963123],[20960,0,0,0.26857,-0.96326],[20980,0,0,0.269963,-0.962871],[21000,0,0,0.271156,-0.962535],[21020,0,0,0.27123,-0.962515],[21040,0,0,0.272703,-0.962098],[21060,0,0,0.274051,-0.961715],[21080,0,0,0.274869,-0.961482],[21100,0,0,0.275981,-0.961163],[21120,0,0,0.278167,-0.960533],[21140,0,0,0.279717,-0.960082],[21160,0,0,0.280637,-0.959814],[21180,0,0,0.28243,-0.959288],[21200,0,0,0.282326,-0.959318],[21220,0,0,0.284883,-0.958562],[21240,0,0,0.286169,-0.958179],[21260,0,0,0.287949,-0.957646],[21280,0,0,0.288158,-0.957583],[21300,0,0,0.289158,-0.957281],[21320,0,0,0.290241,-0.956954],[21340,0,0,0.291017,-0.956718],[21360,0,0,0.291095,-0.956694],[21380,0,0,0.292333,-0.956317],[21400,0,0,0.292475,-0.956273],[21420,0,0,0.292266,-0.956337],[21440,0,0,0.292677,-0.956211],[21460,0,0,0.292045,-0.956404],[21480,0,0,0.291028,-0.956715],[21500,0,0,0.291336,-0.956621],[21520,0,0,0.290848,-0.956769],[21540,0,0,0.291102,-0.956692],[21560,0,0,0.289315,-0.957234],[21580,0,0,0.288449,-0.957495],[21600,0,0,0.287707,-0.957718],[21620,0,0,0.28645,-0.958095],[21640,0,0,0.285015,-0.958523],[21660,0,0,0.283388,-0.959005],[21680,0,0,0.282409,-0.959294],[21700,0,0,0.280723,-0.959789],[21720,0,0,0.278616,-0.960402],[21740,0,0,0.278212,-0.96052],[21760,0,0,0.275561,-0.961284],[21780,0,0,0.27399,-0.961733],[21800,0,0,0.274485,-0.961591],[21820,0,0,0.271396,-0.962468],[21840,0,0,0.269655,-0.962957],[21860,0,0,0.270221,-0.962798],[21880,0,0,0.268758,-0.963208],[21900,0,0,0.268468,-0.963289],[21920,0,0,0.268279,-0.963341],[21940,0,0,0.267025,-0.96369],[21960,0,0,0.267386,-0.963589],[21980,0,0,0.266808,-0.96375],[22000,0,0,0.266455,-0.963847],[22020,0,0,0.266919,-0.963719],[22040,0,0,0.267251,-0.963627],[22060,0,0,0.268085,-0.963395],[22080,0,0,0.269862,-0.962899],[22100,0,0,0.269807,-0.962914],[22120,0,0,0.270833,-0.962626],[22140,0,0,0.271864,-0.962336],[22160,0,0,0.272972,-0.962022],[22180,0,0,0.273623,-0.961837],[22200,0,0,0.275909,-0.961184],[22220,0,0,0.277144,-0.960828],[22240,0,0,0.278366,-0.960475],[22260,0,0,0.280381,-0.959889],[22280,0,0,0.281438,-0.959579],[22300,0,0,0.282866,-0.959159],[22320,0,0,0.284053,-0.958809],[22340,0,0,0.285669,-0.958328],[22360,0,0,0.28607,-0.958209],[22380,0,0,0.287642,-0.957738],[22400,0,0,0.288502,-0.957479],[22420,0,0,0.290349,-0.956921],[22440,0,0,0.290653,-0.956829],[22460,0,0,0.290712,-0.956811],[22480,0,0,0.292291,-0.956329],[22500,0,0,0.291846,-0.956465],[22520,0,0,0.292,-0.956418],[22540,0,0,0.292497,-0.956266],[22560,0,0,0.292264,-0.956338],[22580,0,0,0.291823,-0.956472],[22600,0,0,0.291708,-0.956507],[22620,0,0,0.29034,-0.956924],[22640,0,0,0.29021,-0.956963],[22660,0,0,0.28958,-0.957154],[22680,0,0,0.288663,-0.957431],[22700,0,0,0.28785,-0.957675],[22720,0,0,0.286646,-0.958037],[22740,0,0,0.284871,-0.958566],[22760,0,0,0.28405,-0.95881],[22780,0,0,0.282489,-0.95927],[22800,0,0,0.280643,-0.959812],[22820,0,0,0.279239,-0.960222],[22840,0,0,0.277971,-0.960589],[22860,0,0,0.275942,-0.961174],[22880,0,0,0.275249,-0.961373],[22900,0,0,0.273995,-0.961731],[22920,0,0,0.272199,-0.962241],[22940,0,0,0.27088,-0.962613],[22960,0,0,0.271134,-0.962542],[22980,0,0,0.269608,-0.96297],[23000,0,0,0.269376,-0.963035],[23020,0,0,0.267908,-0.963445],[23040,0,0,0.2672,-0.963641],[23060,0,0,0.267591,-0.963533],[23080,0,0,0.267941,-0.963435],[23100,0,0,0.2669,-0.963724],[23120,0,0,0.268203,-0.963363],[23140,0,0,0.26821,-0.96336],[23160,0,0,0.268712,-0.963221],[23180,0,0,0.269049,-0.963127],[23200,0,0,0.270376,-0.962755],[23220,0,0,0.270355,-0.962761],[23240,0,0,0.271093,-0.962553],[23260,0,0,0.272375,-0.962191],[23280,0,0,0.274211,-0.961669],[23300,0,0,0.275175,-0.961394],[23320,0,0,0.276556,-0.960998],[23340,0,0,0.27714,-0.960829],[23360,0,0,0.278882,-0.960325],[23380,0,0,0.28069,-0.959798],[23400,0,0,0.281759,-0.959485],[23420,0,0,0.283197,-0.959062],[23440,0,0,0.283929,-0.958845],[23460,0,0,0.285264,-0.958449],[23480,0,0,0.28692,-0.957954],[23500,0,0,0.288808,-0.957387],[23520,0,0,0.2891,-0.957299],[23540,0,0,0.290229,-0.956957],[23560,0,0,0.291834,-0.956469],[23580,0,0,0.291754,-0.956493],[23600,0,0,0.291278,-0.956638],[23620,0,0,0.292107,-0.956386],[23640,0,0,0.292535,-0.956255],[23660,0,0,0.292348,-0.956312],[23680,0,0,0.291794,-0.956481],[23700,0,0,0.291989,-0.956422],[23720,0,0,0.291028,-0.956715],[23740,0,0,0.291114,-0.956689],[23760,0,0,0.289636,-0.957137],[23780,0,0,0.288762,-0.957401],[23800,0,0,0.287866,-0.957671],[23820,0,0,0.287054,-0.957914],[23840,0,0,0.285691,-0.958322],[23860,0,0,0.28461,-0.958643],[23880,0,0,0.283086,-0.959095],[23900,0,0,0.281627,-0.959524],[23920,0,0,0.279376,-0.960182],[23940,0,0,0.278837,-0.960338],[23960,0,0,0.277146,-0.960828],[23980,0,0,0.276399,-0.961043],[24000,0,0,0.274753,-0.961515],[24020,0,0,0.273084,-0.96199],[24040,0,0,0.271966,-0.962307],[24060,0,0,0.272068,-0.962278],[24080,0,0,0.270144,-0.96282],[24100,0,0,0.269301,-0.963056],[24120,0,0,0.268293,-0.963337],[24140,0,0,0.26781,-0.963472],[24160,0,0,0.267931,-0.963438],[24180,0,0,0.267889,-0.96345],[24200,0,0,0.267054,-0.963681],[24220,0,0,0.26655,-0.963821],[24240,0,0,0.267237,-0.963631],[24260,0,0,0.267672,-0.96351],[24280,0,0,0.268121,-0.963385],[24300,0,0,0.268578,-0.963258],[24320,0,0,0.270001,-0.96286],[24340,0,0,0.270919,-0.962602],[24360,0,0,0.271795,-0.962355],[24380,0,0,0.273541,-0.96186],[24400,0,0,0.274502,-0.961586],[24420,0,0,0.276374,-0.96105],[24440,0,0,0.27613,-0.96112],[24460,0,0,0.278345,-0.960481],[24480,0,0,0.279455,-0.960159],[24500,0,0,0.280902,-0.959737],[24520,0,0,0.28296,-0.959132],[24540,0,0,0.282772,-0.959187],[24560,0,0,0.285124,-0.958491],[24580,0,0,0.285363,-0.958419],[24600,0,0,0.287643,-0.957738],[24620,0,0,0.288769,-0.957399],[24640,0,0,0.289252,-0.957253],[24660,0,0,0.290416,-0.956901],[24680,0,0,0.290886,-0.956758],[24700,0,0,0.291183,-0.956667],[24720,0,0,0.29203,-0.956409],[24740,0,0,0.292611,-0.956231],[24760,0,0,0.292143,-0.956375],[24780,0,0,0.292626,-0.956227],[24800,0,0,0.292308,-0.956324],[24820,0,0,0.291218,-0.956657],[24840,0,0,0.290579,-0.956851],[24860,0,0,0.291128,-0.956684],[24880,0,0,0.288814,-0.957385],[24900,0,0,0.287208,-0.957868],[24920,0,0,0.287643,-0.957738],[24940,0,0,0.285926,-0.958252],[24960,0,0,0.285792,-0.958292],[24980,0,0,0.283727,-0.958905],[25000,0,0,0.281755,-0.959486],[25020,0,0,0.281076,-0.959685],[25040,0,0,0.278982,-0.960296],[25060,0,0,0.277726,-0.96066],[25080,0,0,0.276879,-0.960905],[25100,0,0,0.275479,-0.961307],[25120,0,0,0.274443,-0.961604],[25140,0,0,0.272674,-0.962106],[25160,0,0,0.271347,-0.962482],[25180,0,0,0.270172,-0.962812],[25200,0,0,0.269027,-0.963133],[25220,0,0,0.26879,-0.963199],[25240,0,0,0.26828,-0.963341],[25260,0,0,0.267474,-0.963565],[25280,0,0,0.268081,-0.963396],[25300,0,0,0.267584,-0.963535],[25320,0,0,0.268107,-0.963389],[25340,0,0,0.267328,-0.963606],[25360,0,0,0.267299,-0.963614],[25380,0,0,0.268723,-0.963217],[25400,0,0,0.269382,-0.963033],[25420,0,0,0.2699,-0.962888],[25440,0,0,0.270824,-0.962629],[25460,0,0,0.271116,-0.962547],[25480,0,0,0.272213,-0.962237],[25500,0,0,0.273962,-0.96174],[25520,0,0,0.275588,-0.961276],[25540,0,0,0.276544,-0.961001],[25560,0,0,0.278559,-0.960419],[25580,0,0,0.279238,-0.960222],[25600,0,0,0.281243,-0.959636],[25620,0,0,0.281733,-0.959493],[25640,0,0,0.283506,-0.95897],[25660,0,0,0.284538,-0.958665],[25680,0,0,0.286136,-0.958189],[25700,0,0,0.286978,-0.957937],[25720,0,0,0.287581,-0.957756],[25740,0,0,0.289434,-0.957198],[25760,0,0,0.290096,-0.956998],[25780,0,0,0.291194,-0.956664],[25800,0,0,0.290273,-0.956944],[25820,0,0,0.292378,-0.956303],[25840,0,0,0.291355,-0.956615],[25860,0,0,0.291379,-0.956608],[25880,0,0,0.292114,-0.956384],[25900,0,0,0.292495,-0.956267],[25920,0,0,0.292307,-0.956324],[25940,0,0,0.290646,-0.956831],[25960,0,0,0.290907,-0.956751],[25980,0,0,0.28981,-0.957084],[26000,0,0,0.28936,-0.95722],[26020,0,0,0.287241,-0.957858],[26040,0,0,0.287109,-0.957898],[26060,0,0,0.285588,-0.958353],[26080,0,0,0.284848,-0.958573],[26100,0,0,0.283079,-0.959097],[26120,0,0,0.281176,-0.959656],[26140,0,0,0.279786,-0.960062],[26160,0,0,0.278408,-0.960463],[26180,0,0,0.277382,-0.96076],[26200,0,0,0.275761,-0.961226],[26220,0,0,0.275603,-0.961272],[26240,0,0,0.273368,-0.961909],[26260,0,0,0.272586,-0.962131],[26280,0,0,0.271288,-0.962498],[26300,0,0,0.269859,-0.9629],[26320,0,0,0.269503,-0.963],[26340,0,0,0.268273,-0.963343],[26360,0,0,0.26845,-0.963294],[26380,0,0,0.26703,-0.963688],[26400,0,0,0.267631,-0.963522],[26420,0,0,0.267919,-0.963442],[26440,0,0,0.267017,-0.963692],[26460,0,0,0.267192,-0.963643],[26480,0,0,0.268308,-0.963333],[26500,0,0,0.268923,-0.963162],[26520,0,0,0.269201,-0.963084],[26540,0,0,0.269601,-0.962972],[26560,0,0,0.271389,-0.96247],[26580,0,0,0.271535,-0.962429],[26600,0,0,0.273703,-0.961814],[26620,0,0,0.273743,-0.961803],[26640,0,0,0.275516,-0.961296],[26660,0,0,0.277197,-0.960813],[26680,0,0,0.278955,-0.960304],[26700,0,0,0.27991,-0.960026],[26720,0,0,0.27982,-0.960053],[26740,0,0,0.279764,-0.960069],[26760,0,0,0.279701,-0.960087],[26780,0,0,0.279457,-0.960158],[26800,0,0,0.280728,-0.959787],[26820,0,0,0.280034,-0.95999],[26840,0,0,0.279332,-0.960195],[26860,0,0,0.27943,-0.960166],[26880,0,0,0.279637,-0.960106],[26900,0,0,0.278949,-0.960306],[26920,0,0,0.279624,-0.96011],[26940,0,0,0.279808,-0.960056],[26960,0,0,0.279449,-0.960161],[26980,0,0,0.27937,-0.960184],[27000,0,0,0.280588,-0.959828],[27020,0,0,0.279812,-0.960055],[27040,0,0,0.279915,-0.960025],[27060,0,0,0.280459,-0.959866],[27080,0,0,0.279931,-0.96002],[27100,0,0,0.278856,-0.960333],[27120,0,0,0.279228,-0.960225],[27140,0,0,0.280155,-0.959955],[27160,0,0,0.280062,-0.959982],[27180,0,0,0.280147,-0.959957],[27200,0,0,0.279782,-0.960063],[27220,0,0,0.28023,-0.959933],[27240,0,0,0.279128,-0.960254],[27260,0,0,0.279459,-0.960158],[27280,0,0,0.279527,-0.960138],[27300,0,0,0.279594,-0.960118],[27320,0,0,0.27923,-0.960224],[27340,0,0,0.278802,-0.960349],[27360,0,0,0.28075,-0.959781],[27380,0,0,0.27978,-0.960064],[27400,0,0,0.280231,-0.959933],[27420,0,0,0.279948,-0.960015],[27440,0,0,0.279847,-0.960045],[27460,0,0,0.279818,-0.960053],[27480,0,0,0.280086,-0.959975],[27500,0,0,0.279641,-0.960105],[27520,0,0,0.280067,-0.95998],[27540,0,0,0.279285,-0.960208],[27560,0,0,0.279925,-0.960022],[27580,0,0,0.279864,-0.96004],[27600,0,0,0.280035,-0.95999],[27620,0,0,0.279688,-0.960091],[27640,0,0,0.279746,-0.960074],[27660,0,0,0.280074,-0.959978],[27680,0,0,0.279647,-0.960103],[27700,0,0,0.280046,-0.959986]],"steps":[2258.8,2813.8,3368.8,3923.8,4478.8,5033.8,5588.8,6143.8,6698.8,7253.8,7808.8,8363.8,8918.8,9473.8,10028.8,10583.8,11138.8,11693.8,12248.8,12803.8,15858.8,16413.8,16968.8,17523.8,18078.8,18633.8,19188.8,19743.8,20298.8,20853.8,21408.8,21963.8,22518.8,23073.8,23628.8,24183.8,24738.8,25293.8,25848.8,26403.8],"location":[[1000,40.4168069,-3.7037978,10.2],[2000,40.4167951,-3.7037558,12.5],[3000,40.416777,-3.7037963,8.6],[4000,40.4167785,-3.7037821,10.4],[5000,40.4167757,-3.7037996,13.9],[6000,40.4167373,-3.7038127,13.7],[7000,40.4167,-3.7038475,13.3],[8000,40.4167097,-3.7038983,11.1],[9000,40.4166998,-3.703876,9.8],[10000,40.4167124,-3.703869,12.1],[11000,40.4167024,-3.7038408,11.6],[12000,40.4166861,-3.7038751,10.5],[13000,40.4166664,-3.7038384,8.8],[14000,40.4166659,-3.7038468,13.8],[15000,40.4166669,-3.7038579,10.1],[16000,40.4166379,-3.7038917,8.2],[17000,40.4166387,-3.7038422,10.2],[18000,40.4166614,-3.7038117,11.8],[19000,40.4166895,-3.7038312,10.9],[20000,40.416682,-3.703823,12.8],[21000,40.4166965,-3.7038148,13.8],[22000,40.4167079,-3.7038113,12.8],[23000,40.4167227,-3.7037912,10.3],[24000,40.4167389,-3.7037635,8.4],[25000,40.4167584,-3.7037607,8.9],[26000,40.4167616,-3.7037735,13.2],[27000,40.4168055,-3.7037604,11.3]],"pose":[[0,0,1.2,0,-0.579228,0.40558,0.40558,0.579228],[33.3,0,1.2,0,-0.579228,0.40558,0.40558,0.579228],[66.7,0,1.2,0,-0.579228,0.40558,0.40558,0.579228],[100,0,1.2,0,-0.579228,0.40558,0.40558,0.579228],[133.3,0,1.2,0,-0.579228,0.40558,0.40558,0.579228],[166.7,0,1.2,0,-0.579228,0.40558,0.40558,0.579228],[200,0,1.2,0,-0.579228,0.40558,0.40558,0.579228],[233.3,0,1.2,0,-0.579228,0.40558,0.40558,0.579228],[266.7,0,1.2,0,-0.579228,0.40558,0.40558,0.579228],[300,0,1.2,0,-0.579228,0.40558,0.40558,0.579228],[333.3,0,1.2,0,-0.579228,0.40558,0.40558,0.579228],[366.7,0,1.2,0,-0.579228,0.40558,0.40558,0.579228],[400,0,1.2,0,-0.579228,0.40558,0.40558,0.579228],[433.3,0,1.2,0,-0.579228,0.40558,0.40558,0.579228],[466.7,0,1.2,0,-0.579228,0.40558,0.40558,0.579228],[500,0,1.2,0,-0.579228,0.40558,0.40558,0.579228],[533.3,0,1.2,0,-0.579228,0.40558,0.40558,0.579228],[566.7,0,1.2,0,-0.579228,0.40558,0.40558,0.579228],[600,0,1.2,0,-0.579228,0.40558,0.40558,0.579228],[633.3,0,1.2,0,-0.579228,0.40558,0.40558,0.579228],[666.7,0,1.2,0,-0.579228,0.40558,0.40558,0.579228],[700,0,1.2,0,-0.579228,0.40558,0.40558,0.579228],[733.3,0,1.2,0,-0.579228,0.40558,0.40558,0.579228],[766.7,0,1.2,0,-0.579228,0.40558,0.40558,0.579228],[800,0,1.2,0,-0.579228,0.40558,0.40558,0.579228],[833.3,0,1.2,0,-0.579228,0.40558,0.40558,0.579228],[866.7,0,1.2,0,-0.579228,0.40558,0.40558,0.579228],[900,0,1.2,0,-0.579228,0.40558,0.40558,0.579228],[933.3,0,1.2,0,-0.579228,0.40558,0.40558,0.579228],[966.7,0,1.2,0,-0.579228,0.40558,0.40558,0.579228],[1000,0,1.2,0,-0.579228,0.40558,0.40558,0.579228],[1033.3,0,1.2,0,-0.579228,0.40558,0.40558,0.579228],[1066.7,0,1.2,0,-0.579228,0.40558,0.40558,0.579228],[1100,0,1.2,0,-0.579228,0.40558,0.40558,0.579228],[1133.3,0,1.2,0,-0.579228,0.40558,0.40558,0.579228],[1166.7,0,1.2,0,-0.579228,0.40558,0.40558,0.579228],[1200,0,1.2,0,-0.579228,0.40558,0.40558,0.579228],[1233.3,0,1.2,0,-0.579228,0.40558,0.40558,0.579228],[1266.7,0,1.2,0,-0.579228,0.40558,0.40558,0.579228],[1300,0,1.2,0,-0.579228,0.40558,0.40558,0.579228],[1333.3,0,1.2,0,-0.579228,0.40558,0.40558,0.579228],[1366.7,0,1.2,0,-0.579228,0.40558,0.40558,0.579228],[1400,0,1.2,0,-0.579228,0.40558,0.40558,0.579228],[1433.3,0,1.2,0,-0.579228,0.40558,0.40558,0.579228],[1466.7,0,1.2,0,-0.579228,0.40558,0.40558,0.579228],[1500,0,1.2,0,-0.579228,0.40558,0.40558,0.579228],[1533.3,0,1.2,0,-0.579228,0.40558,0.40558,0.579228],[1566.7,0,1.2,0,-0.579228,0.40558,0.40558,0.579228],[1600,0,1.2,0,-0.579228,0.40558,0.40558,0.579228],[1633.3,0,1.2,0,-0.579228,0.40558,0.40558,0.579228],[1666.7,0,1.2,0,-0.579228,0.40558,0.40558,0.579228],[1700,0,1.2,0,-0.579228,0.40558,0.40558,0.579228],[1733.3,0,1.2,0,-0.579228,0.40558,0.40558,0.579228],[1766.7,0,1.2,0,-0.579228,0.40558,0.40558,0.579228],[1800,0,1.2,0,-0.579228,0.40558,0.40558,0.579228],[1833.3,0,1.2,0,-0.579228,0.40558,0.40558,0.579228],[1866.7,0,1.2,0,-0.579228,0.40558,0.40558,0.579228],[1900,0,1.2,0,-0.579228,0.40558,0.40558,0.579228],[1933.3,0,1.2,0,-0.579228,0.40558,0.40558,0.579228],[1966.7,0,1.2,0,-0.579228,0.40558,0.40558,0.579228],[2000,0,1.1879,0,-0.579228,0.40558,0.40558,0.579228],[2033.3,-0.0395,1.1829,-0.0144,-0.580221,0.404158,0.404158,0.580221],[2066.7,-0.0791,1.1803,-0.0288,-0.581178,0.40278,0.40278,0.581178],[2100,-0.1185,1.1804,-0.0431,-0.582061,0.401504,0.401504,0.582061],[2133.3,-0.158,1.1834,-0.0575,-0.582841,0.40037,0.40037,0.582841],[2166.7,-0.1976,1.1887,-0.0719,-0.583494,0.399418,0.399418,0.583494],[2200,-0.237,1.1955,-0.0863,-0.583993,0.398687,0.398687,0.583993],[2233.3,-0.2765,1.203,-0.1006,-0.584325,0.398201,0.398201,0.584325],[2266.7,-0.3161,1.2101,-0.115,-0.584477,0.397977,0.397977,0.584477],[2300,-0.3556,1.2157,-0.1294,-0.584445,0.398025,0.398025,0.584445],[2333.3,-0.395,1.2192,-0.1438,-0.584229,0.398342,0.398342,0.584229],[2366.7,-0.4346,1.2199,-0.1582,-0.583836,0.398917,0.398917,0.583836],[2400,-0.4741,1.2179,-0.1726,-0.583282,0.399728,0.399728,0.583282],[2433.3,-0.5135,1.2133,-0.1869,-0.582583,0.400746,0.400746,0.582583],[2466.7,-0.5531,1.2068,-0.2013,-0.581761,0.401938,0.401938,0.581761],[2500,-0.5926,1.1994,-0.2157,-0.58085,0.403254,0.403254,0.58085],[2533.3,-0.6321,1.1921,-0.2301,-0.579878,0.40465,0.40465,0.579878],[2566.7,-0.6717,1.1859,-0.2445,-0.578876,0.406081,0.406081,0.578876],[2600,-0.7111,1.1817,-0.2588,-0.577887,0.407488,0.407488,0.577887],[2633.3,-0.7506,1.18,-0.2732,-0.576942,0.408825,0.408825,0.576942],[2666.7,-0.7902,1.1812,-0.2876,-0.576073,0.410049,0.410049,0.576073],[2700,-0.8296,1.185,-0.302,-0.575317,0.411109,0.411109,0.575317],[2733.3,-0.8691,1.1909,-0.3163,-0.574699,0.411973,0.411973,0.574699],[2766.7,-0.9087,1.1981,-0.3307,-0.57424,0.412612,0.412612,0.57424],[2800,-0.9482,1.2056,-0.3451,-0.573961,0.413,0.413,0.573961],[2833.3,-0.9876,1.2123,-0.3595,-0.57387,0.413127,0.413127,0.57387],[2866.7,-1.0272,1.2172,-0.3739,-0.57397,0.412987,0.412987,0.57397],[2900,-1.0667,1.2198,-0.3882,-0.574259,0.412585,0.412585,0.574259],[2933.3,-1.1061,1.2195,-0.4026,-0.574725,0.411936,0.411936,0.574725],[2966.7,-1.1457,1.2165,-0.417,-0.575352,0.411059,0.411059,0.575352],[3000,-1.1852,1.2112,-0.4314,-0.576115,0.40999,0.40999,0.576115],[3033.3,-1.2247,1.2043,-0.4457,-0.576986,0.408763,0.408763,0.576986],[3066.7,-1.2643,1.1968,-0.4601,-0.577937,0.407418,0.407418,0.577937],[3100,-1.3037,1.1898,-0.4745,-0.578927,0.406009,0.406009,0.578927],[3133.3,-1.3432,1.1842,-0.4889,-0.579925,0.404582,0.404582,0.579925],[3166.7,-1.3828,1.1808,-0.5033,-0.580898,0.403184,0.403184,0.580898],[3200,-1.4222,1.1801,-0.5177,-0.581805,0.401874,0.401874,0.581805],[3233.3,-1.4617,1.1822,-0.532,-0.582619,0.400693,0.400693,0.582619],[3266.7,-1.5013,1.1869,-0.5464,-0.583314,0.399682,0.399682,0.583314],[3300,-1.5408,1.1933,-0.5608,-0.58386,0.398882,0.398882,0.58386],[3333.3,-1.5802,1.2007,-0.5752,-0.584244,0.39832,0.39832,0.584244],[3366.7,-1.6198,1.2081,-0.5896,-0.584451,0.398016,0.398016,0.584451],[3400,-1.6593,1.2142,-0.6039,-0.584474,0.397982,0.397982,0.584474],[3433.3,-1.6987,1.2184,-0.6183,-0.584313,0.398219,0.398219,0.584313],[3466.7,-1.7383,1.22,-0.6327,-0.583972,0.398719,0.398719,0.583972],[3500,-1.7778,1.2188,-0.6471,-0.583464,0.399461,0.399461,0.583464],[3533.3,-1.8173,1.2149,-0.6614,-0.582806,0.400421,0.400421,0.582806],[3566.7,-1.8568,1.2089,-0.6758,-0.582018,0.401566,0.401566,0.582018],[3600,-1.8963,1.2017,-0.6902,-0.581131,0.402848,0.402848,0.581131],[3633.3,-1.9358,1.1942,-0.7046,-0.580174,0.404225,0.404225,0.580174],[3666.7,-1.9754,1.1876,-0.719,-0.579177,0.405653,0.405653,0.579177],[3700,-2.0148,1.1827,-0.7333,-0.578181,0.407071,0.407071,0.578181],[3733.3,-2.0543,1.1802,-0.7477,-0.577219,0.408434,0.408434,0.577219],[3766.7,-2.0939,1.1805,-0.7621,-0.576323,0.409697,0.409697,0.576323],[3800,-2.1334,1.1836,-0.7765,-0.575531,0.410809,0.410809,0.575531],[3833.3,-2.1728,1.189,-0.7908,-0.574868,0.411736,0.411736,0.574868],[3866.7,-2.2124,1.1959,-0.8053,-0.574359,0.412446,0.412446,0.574359],[3900,-2.2519,1.2034,-0.8196,-0.574025,0.412911,0.412911,0.574025],[3933.3,-2.2913,1.2104,-0.834,-0.573877,0.413117,0.413117,0.573877],[3966.7,-2.3309,1.216,-0.8484,-0.57392,0.413057,0.413057,0.57392],[4000,-2.3704,1.2193,-0.8628,-0.574153,0.412732,0.412732,0.574153],[4033.3,-2.4099,1.2199,-0.8771,-0.574567,0.412156,0.412156,0.574567],[4066.7,-2.4494,1.2177,-0.8915,-0.575149,0.411344,0.411344,0.575149],[4100,-2.4889,1.213,-0.9059,-0.575873,0.410329,0.410329,0.575873],[4133.3,-2.5284,1.2065,-0.9203,-0.576715,0.409146,0.409146,0.576715],[4166.7,-2.568,1.199,-0.9347,-0.577646,0.40783,0.40783,0.577646],[4200,-2.6074,1.1918,-0.949,-0.578628,0.406436,0.406436,0.578628],[4233.3,-2.6469,1.1856,-0.9634,-0.579627,0.405009,0.405009,0.579627],[4266.7,-2.6865,1.1815,-0.9778,-0.580612,0.403596,0.403596,0.580612],[4300,-2.726,1.18,-0.9922,-0.581541,0.402256,0.402256,0.581541],[4333.3,-2.7654,1.1813,-1.0065,-0.582386,0.401031,0.401031,0.582386],[4366.7,-2.805,1.1852,-1.0209,-0.58312,0.399964,0.399964,0.58312],[4400,-2.8445,1.1912,-1.0353,-0.583713,0.399098,0.399098,0.583713],[4433.3,-2.8839,1.1985,-1.0497,-0.584147,0.398463,0.398463,0.584147],[4466.7,-2.9235,1.206,-1.0641,-0.584408,0.398079,0.398079,0.584408],[4500,-2.963,1.2126,-1.0784,-0.584487,0.397964,0.397964,0.584487],[4533.3,-3.0025,1.2174,-1.0928,-0.584381,0.39812,0.39812,0.584381],[4566.7,-3.042,1.2198,-1.1072,-0.584092,0.398542,0.398542,0.584092],[4600,-3.0815,1.2194,-1.1216,-0.583633,0.399214,0.399214,0.583633],[4633.3,-3.121,1.2163,-1.1359,-0.583018,0.400112,0.400112,0.583018],[4666.7,-3.1606,1.2109,-1.1504,-0.582266,0.401206,0.401206,0.582266],[4700,-3.2,1.2039,-1.1647,-0.581406,0.402451,0.402451,0.581406],[4733.3,-3.2395,1.1964,-1.1791,-0.580467,0.403805,0.403805,0.580467],[4766.7,-3.2791,1.1894,-1.1935,-0.579477,0.405224,0.405224,0.579477],[4800,-3.3186,1.1839,-1.2079,-0.578478,0.406648,0.406648,0.578478],[4833.3,-3.358,1.1807,-1.2222,-0.577502,0.408033,0.408033,0.577502],[4866.7,-3.3976,1.1801,-1.2366,-0.576582,0.409332,0.409332,0.576582],[4900,-3.4371,1.1824,-1.251,-0.575756,0.410493,0.410493,0.575756],[4933.3,-3.4765,1.1871,-1.2654,-0.575052,0.411479,0.411479,0.575052],[4966.7,-3.5161,1.1937,-1.2798,-0.574494,0.412258,0.412258,0.574494],[5000,-3.5556,1.2011,-1.2941,-0.574106,0.412798,0.412798,0.574106],[5033.3,-3.5951,1.2084,-1.3085,-0.573901,0.413083,0.413083,0.573901],[5066.7,-3.6346,1.2145,-1.3229,-0.573887,0.413103,0.413103,0.573887],[5100,-3.6741,1.2186,-1.3373,-0.574064,0.412857,0.412857,0.574064],[5133.3,-3.7136,1.22,-1.3516,-0.574425,0.412354,0.412354,0.574425],[5166.7,-3.7532,1.2186,-1.366,-0.574959,0.41161,0.41161,0.574959],[5200,-3.7926,1.2146,-1.3804,-0.575642,0.410653,0.410653,0.575642],[5233.3,-3.8321,1.2086,-1.3948,-0.576451,0.409516,0.409516,0.576451],[5266.7,-3.8717,1.2013,-1.4092,-0.57736,0.408234,0.408234,0.57736],[5300,-3.9112,1.1939,-1.4235,-0.578329,0.40686,0.40686,0.578329],[5333.3,-3.9506,1.1873,-1.4379,-0.579327,0.405438,0.405438,0.579327],[5366.7,-3.9902,1.1825,-1.4523,-0.580321,0.404015,0.404015,0.580321],[5400,-4.0297,1.1802,-1.4667,-0.58127,0.402648,0.402648,0.58127],[5433.3,-4.0691,1.1806,-1.481,-0.582143,0.401384,0.401384,0.582143],[5466.7,-4.1087,1.1838,-1.4955,-0.582914,0.400264,0.400264,0.582914],[5500,-4.1482,1.1893,-1.5098,-0.583551,0.399335,0.399335,0.583551],[5533.3,-4.1877,1.1962,-1.5242,-0.584034,0.398628,0.398628,0.584034],[5566.7,-4.2272,1.2038,-1.5386,-0.584349,0.398166,0.398166,0.584349],[5600,-4.2667,1.2107,-1.553,-0.584483,0.39797,0.39797,0.584483],[5633.3,-4.3062,1.2162,-1.5673,-0.584432,0.398045,0.398045,0.584432],[5666.7,-4.3458,1.2194,-1.5817,-0.584197,0.398389,0.398389,0.584197],[5700,-4.3852,1.2198,-1.5961,-0.583788,0.398988,0.398988,0.583788],[5733.3,-4.4247,1.2175,-1.6105,-0.583218,0.39982,0.39982,0.583218],[5766.7,-4.4643,1.2127,-1.6249,-0.582504,0.40086,0.40086,0.582504],[5800,-4.5038,1.2061,-1.6392,-0.581674,0.402063,0.402063,0.581674],[5833.3,-4.5432,1.1987,-1.6536,-0.580755,0.40339,0.40339,0.580755],[5866.7,-4.5828,1.1914,-1.668,-0.579776,0.404795,0.404795,0.579776],[5900,-4.6223,1.1854,-1.6824,-0.578777,0.406223,0.406223,0.578777],[5933.3,-4.6617,1.1814,-1.6967,-0.577791,0.407624,0.407624,0.577791],[5966.7,-4.7013,1.18,-1.7111,-0.576849,0.408956,0.408956,0.576849],[6000,-4.7408,1.1814,-1.7255,-0.575993,0.410161,0.410161,0.575993],[6033.3,-4.7803,1.1855,-1.7399,-0.575249,0.411204,0.411204,0.575249],[6066.7,-4.8198,1.1916,-1.7543,-0.574644,0.412048,0.412048,0.574644],[6100,-4.8593,1.1989,-1.7686,-0.574204,0.412662,0.412662,0.574204],[6133.3,-4.8988,1.2063,-1.783,-0.573943,0.413025,0.413025,0.573943],[6166.7,-4.9384,1.2129,-1.7974,-0.573871,0.413125,0.413125,0.573871],[6200,-4.9778,1.2176,-1.8118,-0.573991,0.412958,0.412958,0.573991],[6233.3,-5.0173,1.2199,-1.8261,-0.574298,0.412531,0.412531,0.574298],[6266.7,-5.0569,1.2193,-1.8406,-0.574782,0.411857,0.411857,0.574782],[6300,-5.0964,1.2161,-1.8549,-0.575422,0.410961,0.410961,0.575422],[6333.3,-5.1358,1.2106,-1.8693,-0.576197,0.409875,0.409875,0.576197],[6366.7,-5.1754,1.2036,-1.8837,-0.57708,0.408631,0.408631,0.57708],[6400,-5.2149,1.1961,-1.8981,-0.578034,0.40728,0.40728,0.578034],[6433.3,-5.2543,1.1891,-1.9124,-0.579027,0.405867,0.405867,0.579027],[6466.7,-5.2939,1.1837,-1.9268,-0.580026,0.404437,0.404437,0.580026],[6500,-5.3334,1.1806,-1.9412,-0.580991,0.40305,0.40305,0.580991],[6533.3,-5.3729,1.1802,-1.9556,-0.581891,0.40175,0.40175,0.581891],[6566.7,-5.4124,1.1826,-1.97,-0.582696,0.400581,0.400581,0.582696],[6600,-5.4519,1.1874,-1.9843,-0.583375,0.399592,0.399592,0.583375],[6633.3,-5.4914,1.194,-1.9987,-0.583906,0.398815,0.398815,0.583906],[6666.7,-5.531,1.2015,-2.0131,-0.584273,0.398277,0.398277,0.584273],[6700,-5.5704,1.2088,-2.0275,-0.584462,0.398001,0.398001,0.584462],[6733.3,-5.6099,1.2148,-2.0418,-0.584466,0.397994,0.397994,0.584466],[6766.7,-5.6495,1.2187,-2.0562,-0.584286,0.398258,0.398258,0.584286],[6800,-5.6889,1.22,-2.0706,-0.583929,0.398782,0.398782,0.583929],[6833.3,-5.7284,1.2185,-2.085,-0.583405,0.399547,0.399547,0.583405],[6866.7,-5.768,1.2144,-2.0994,-0.582732,0.40053,0.40053,0.582732],[6900,-5.8075,1.2082,-2.1137,-0.581934,0.401687,0.401687,0.581934],[6933.3,-5.8469,1.201,-2.1281,-0.581039,0.402981,0.402981,0.581039],[6966.7,-5.8865,1.1935,-2.1425,-0.580074,0.404369,0.404369,0.580074],[7000,-5.926,1.187,-2.1569,-0.579078,0.405794,0.405794,0.579078],[7033.3,-5.9655,1.1823,-2.1712,-0.578084,0.407209,0.407209,0.578084],[7066.7,-6.005,1.1801,-2.1857,-0.577124,0.408568,0.408568,0.577124],[7100,-6.0445,1.1807,-2.2,-0.57624,0.409815,0.409815,0.57624],[7133.3,-6.084,1.184,-2.2144,-0.575459,0.41091,0.41091,0.575459],[7166.7,-6.1236,1.1896,-2.2288,-0.574809,0.411818,0.411818,0.574809],[7200,-6.163,1.1966,-2.2432,-0.574318,0.412503,0.412503,0.574318],[7233.3,-6.2025,1.2041,-2.2575,-0.574002,0.412943,0.412943,0.574002],[7266.7,-6.2421,1.211,-2.2719,-0.573872,0.413123,0.413123,0.573872],[7300,-6.2815,1.2164,-2.2863,-0.573935,0.413036,0.413036,0.573935],[7333.3,-6.321,1.2195,-2.3007,-0.574186,0.412686,0.412686,0.574186],[7366.7,-6.3606,1.2198,-2.3151,-0.574619,0.412083,0.412083,0.574619],[7400,-6.4001,1.2173,-2.3294,-0.575215,0.411252,0.411252,0.575215],[7433.3,-6.4395,1.2124,-2.3438,-0.575952,0.410219,0.410219,0.575952],[7466.7,-6.4791,1.2058,-2.3582,-0.576806,0.409017,0.409017,0.576806],[7500,-6.5186,1.1983,-2.3726,-0.577741,0.407694,0.407694,0.577741],[7533.3,-6.5581,1.1911,-2.3869,-0.578726,0.406295,0.406295,0.578726],[7566.7,-6.5976,1.1851,-2.4013,-0.579729,0.404864,0.404864,0.579729],[7600,-6.6371,1.1812,-2.4157,-0.580707,0.40346,0.40346,0.580707],[7633.3,-6.6766,1.18,-2.4301,-0.581629,0.402129,0.402129,0.581629],[7666.7,-6.7162,1.1816,-2.4445,-0.582467,0.400915,0.400915,0.582467],[7700,-6.7556,1.1858,-2.4588,-0.583185,0.399869,0.399869,0.583185],[7733.3,-6.7951,1.1919,-2.4732,-0.583763,0.399025,0.399025,0.583763],[7766.7,-6.8347,1.1993,-2.4876,-0.584182,0.398412,0.398412,0.584182],[7800,-6.8741,1.2067,-2.502,-0.584424,0.398056,0.398056,0.584424],[7833.3,-6.9136,1.2131,-2.5164,-0.584484,0.397967,0.397967,0.584484],[7866.7,-6.9532,1.2178,-2.5308,-0.584359,0.398151,0.398151,0.584359],[7900,-6.9927,1.2199,-2.5451,-0.584054,0.398598,0.398598,0.584054],[7933.3,-7.0321,1.2192,-2.5595,-0.583579,0.399294,0.399294,0.583579],[7966.7,-7.0717,1.2158,-2.5739,-0.582948,0.400215,0.400215,0.582948],[8000,-7.1112,1.2102,-2.5883,-0.582185,0.401323,0.401323,0.582185],[8033.3,-7.1507,1.2032,-2.6026,-0.581316,0.402581,0.402581,0.581316],[8066.7,-7.1902,1.1957,-2.617,-0.580368,0.403947,0.403947,0.580368],[8100,-7.2297,1.1888,-2.6314,-0.579378,0.405365,0.405365,0.579378],[8133.3,-7.2692,1.1835,-2.6458,-0.57838,0.406788,0.406788,0.57838],[8166.7,-7.3088,1.1805,-2.6602,-0.577405,0.40817,0.40817,0.577405],[8200,-7.3482,1.1802,-2.6745,-0.576496,0.409454,0.409454,0.576496],[8233.3,-7.3877,1.1828,-2.6889,-0.575681,0.410599,0.410599,0.575681],[8266.7,-7.4273,1.1877,-2.7033,-0.574988,0.411569,0.411569,0.574988],[8300,-7.4667,1.1944,-2.7177,-0.574448,0.412322,0.412322,0.574448],[8333.3,-7.5062,1.2019,-2.732,-0.574078,0.412837,0.412837,0.574078],[8366.7,-7.5458,1.2091,-2.7464,-0.573891,0.413097,0.413097,0.573891],[8400,-7.5853,1.215,-2.7608,-0.573896,0.41309,0.41309,0.573896],[8433.3,-7.6247,1.2188,-2.7752,-0.574091,0.412818,0.412818,0.574091],[8466.7,-7.6643,1.22,-2.7896,-0.574472,0.412289,0.412289,0.574472],[8500,-7.7038,1.2183,-2.8039,-0.57502,0.411524,0.411524,0.57502],[8533.3,-7.7433,1.2141,-2.8183,-0.575717,0.410548,0.410548,0.575717],[8566.7,-7.7828,1.2079,-2.8327,-0.57654,0.409392,0.409392,0.57654],[8600,-7.8223,1.2006,-2.8471,-0.577454,0.408102,0.408102,0.577454],[8633.3,-7.8618,1.1932,-2.8615,-0.578428,0.406721,0.406721,0.578428],[8666.7,-7.9014,1.1867,-2.8759,-0.579429,0.405292,0.405292,0.579429],[8700,-7.9408,1.1821,-2.8902,-0.580417,0.403876,0.403876,0.580417],[8733.3,-7.9803,1.1801,-2.9046,-0.58136,0.402518,0.402518,0.58136],[8766.7,-8.0199,1.1808,-2.919,-0.582227,0.401263,0.401263,0.582227],[8800,-8.0593,1.1843,-2.9334,-0.582983,0.400163,0.400163,0.582983],[8833.3,-8.0988,1.1899,-2.9477,-0.583606,0.399255,0.399255,0.583606],[8866.7,-8.1384,1.197,-2.9621,-0.584074,0.398569,0.398569,0.584074],[8900,-8.1779,1.2045,-2.9765,-0.58437,0.398135,0.398135,0.58437],[8933.3,-8.2173,1.2113,-2.9909,-0.584486,0.397965,0.397965,0.584486],[8966.7,-8.2569,1.2166,-3.0053,-0.584416,0.398067,0.398067,0.584416],[9000,-8.2964,1.2196,-3.0196,-0.584164,0.398437,0.398437,0.584164],[9033.3,-8.3359,1.2197,-3.034,-0.583739,0.39906,0.39906,0.583739],[9066.7,-8.3754,1.2171,-3.0484,-0.583152,0.399917,0.399917,0.583152],[9100,-8.4149,1.2121,-3.0628,-0.582427,0.400973,0.400973,0.582427],[9133.3,-8.4544,1.2054,-3.0771,-0.581587,0.40219,0.40219,0.581587],[9166.7,-8.494,1.1979,-3.0915,-0.580658,0.40353,0.40353,0.580658],[9200,-8.5334,1.1907,-3.1059,-0.579678,0.404937,0.404937,0.579678],[9233.3,-8.5729,1.1849,-3.1203,-0.578678,0.406363,0.406363,0.578678],[9266.7,-8.6125,1.1811,-3.1347,-0.577692,0.407764,0.407764,0.577692],[9300,-8.6519,1.18,-3.1491,-0.57676,0.409081,0.409081,0.57676],[9333.3,-8.6914,1.1817,-3.1634,-0.575914,0.410273,0.410273,0.575914],[9366.7,-8.731,1.186,-3.1778,-0.575181,0.411299,0.411299,0.575181],[9400,-8.7705,1.1923,-3.1922,-0.574593,0.41212,0.41212,0.574593],[9433.3,-8.8099,1.1996,-3.2066,-0.57417,0.412709,0.412709,0.57417],[9466.7,-8.8495,1.207,-3.221,-0.573927,0.413047,0.413047,0.573927],[9500,-8.889,1.2134,-3.2353,-0.573874,0.41312,0.41312,0.573874],[9533.3,-8.9285,1.2179,-3.2497,-0.574013,0.412927,0.412927,0.574013],[9566.7,-8.968,1.2199,-3.2641,-0.574339,0.412474,0.412474,0.574339],[9600,-9.0075,1.2191,-3.2785,-0.574839,0.411777,0.411777,0.574839],[9633.3,-9.047,1.2156,-3.2928,-0.575494,0.410862,0.410862,0.575494],[9666.7,-9.0866,1.2099,-3.3072,-0.576282,0.409754,0.409754,0.576282],[9700,-9.126,1.2028,-3.3216,-0.577172,0.408501,0.408501,0.577172],[9733.3,-9.1655,1.1953,-3.336,-0.578131,0.407142,0.407142,0.578131],[9766.7,-9.2051,1.1885,-3.3504,-0.579129,0.405721,0.405721,0.579129],[9800,-9.2445,1.1833,-3.3647,-0.580124,0.404297,0.404297,0.580124],[9833.3,-9.284,1.1804,-3.3791,-0.581084,0.402917,0.402917,0.581084],[9866.7,-9.3236,1.1803,-3.3935,-0.581978,0.401624,0.401624,0.581978],[9900,-9.3631,1.183,-3.4079,-0.582769,0.400475,0.400475,0.582769],[9933.3,-9.4025,1.188,-3.4222,-0.583434,0.399505,0.399505,0.583434],[9966.7,-9.4421,1.1948,-3.4366,-0.583951,0.398749,0.398749,0.583951],[10000,-9.4816,1.2023,-3.451,-0.5843,0.398238,0.398238,0.5843],[10033.3,-9.5211,1.2094,-3.4654,-0.58447,0.397988,0.397988,0.58447],[10066.7,-9.5606,1.2153,-3.4798,-0.584456,0.398008,0.398008,0.584456],[10100,-9.6001,1.2189,-3.4942,-0.584259,0.398298,0.398298,0.584259],[10133.3,-9.6396,1.22,-3.5085,-0.583884,0.398847,0.398847,0.583884],[10166.7,-9.6792,1.2182,-3.5229,-0.583343,0.399638,0.399638,0.583343],[10200,-9.7186,1.2138,-3.5373,-0.582658,0.400637,0.400637,0.582658],[10233.3,-9.7581,1.2076,-3.5517,-0.581849,0.40181,0.40181,0.581849],[10266.7,-9.7977,1.2002,-3.5661,-0.580943,0.403119,0.403119,0.580943],[10300,-9.8371,1.1928,-3.5804,-0.579976,0.40451,0.40451,0.579976],[10333.3,-9.8766,1.1864,-3.5948,-0.578979,0.405936,0.405936,0.578979],[10366.7,-9.9162,1.182,-3.6092,-0.577984,0.407351,0.407351,0.577984],[10400,-9.9557,1.1801,-3.6236,-0.577033,0.408697,0.408697,0.577033],[10433.3,-9.9951,1.1809,-3.6379,-0.576157,0.409931,0.409931,0.576157],[10466.7,-10.0347,1.1845,-3.6523,-0.575386,0.411012,0.411012,0.575386],[10500,-10.0742,1.1902,-3.6667,-0.574753,0.411897,0.411897,0.574753],[10533.3,-10.1136,1.1974,-3.6811,-0.574279,0.412558,0.412558,0.574279],[10566.7,-10.1532,1.2049,-3.6955,-0.57398,0.412973,0.412973,0.57398],[10600,-10.1927,1.2117,-3.7098,-0.57387,0.413126,0.413126,0.57387],[10633.3,-10.2322,1.2168,-3.7242,-0.573951,0.413013,0.413013,0.573951],[10666.7,-10.2718,1.2196,-3.7386,-0.574222,0.412636,0.412636,0.574222],[10700,-10.3112,1.2197,-3.753,-0.574671,0.412011,0.412011,0.574671],[10733.3,-10.3507,1.2169,-3.7673,-0.575282,0.411158,0.411158,0.575282],[10766.7,-10.3903,1.2118,-3.7818,-0.576034,0.410103,0.410103,0.576034],[10800,-10.4297,1.205,-3.7961,-0.576896,0.40889,0.40889,0.576896],[10833.3,-10.4692,1.1976,-3.8105,-0.577837,0.407558,0.407558,0.577837],[10866.7,-10.5088,1.1904,-3.8249,-0.578828,0.40615,0.40615,0.578828],[10900,-10.5483,1.1846,-3.8393,-0.579827,0.404723,0.404723,0.579827],[10933.3,-10.5877,1.181,-3.8536,-0.580801,0.403324,0.403324,0.580801],[10966.7,-10.6273,1.18,-3.868,-0.581719,0.401999,0.401999,0.581719],[11000,-10.6668,1.1819,-3.8824,-0.582544,0.400803,0.400803,0.582544],[11033.3,-10.7062,1.1863,-3.8968,-0.583249,0.399775,0.399775,0.583249],[11066.7,-10.7458,1.1926,-3.9112,-0.583813,0.398951,0.398951,0.583813],[11100,-10.7853,1.2,-3.9255,-0.584214,0.398365,0.398365,0.584214],[11133.3,-10.8248,1.2074,-3.9399,-0.584438,0.398035,0.398035,0.584438],[11166.7,-10.8644,1.2137,-3.9543,-0.58448,0.397974,0.397974,0.58448],[11200,-10.9038,1.2181,-3.9687,-0.584337,0.398183,0.398183,0.584337],[11233.3,-10.9433,1.22,-3.983,-0.584015,0.398656,0.398656,0.584015],[11266.7,-10.9829,1.219,-3.9974,-0.583522,0.399378,0.399378,0.583522],[11300,-11.0223,1.2154,-4.0118,-0.582878,0.400317,0.400317,0.582878],[11333.3,-11.0618,1.2096,-4.0262,-0.582103,0.401442,0.401442,0.582103],[11366.7,-11.1014,1.2024,-4.0406,-0.581223,0.402716,0.402716,0.581223],[11400,-11.1409,1.195,-4.0549,-0.580271,0.404086,0.404086,0.580271],[11433.3,-11.1803,1.1882,-4.0693,-0.579279,0.405507,0.405507,0.579279],[11466.7,-11.2199,1.1831,-4.0837,-0.578279,0.406932,0.406932,0.578279],[11500,-11.2594,1.1803,-4.0981,-0.577312,0.408302,0.408302,0.577312],[11533.3,-11.2988,1.1804,-4.1124,-0.57641,0.409575,0.409575,0.57641],[11566.7,-11.3384,1.1832,-4.1269,-0.575604,0.410707,0.410707,0.575604],[11600,-11.3779,1.1883,-4.1412,-0.574928,0.411653,0.411653,0.574928],[11633.3,-11.4174,1.1951,-4.1556,-0.574403,0.412384,0.412384,0.574403],[11666.7,-11.457,1.2026,-4.17,-0.57405,0.412876,0.412876,0.57405],[11700,-11.4964,1.2098,-4.1844,-0.573883,0.413108,0.413108,0.573883],[11733.3,-11.5359,1.2155,-4.1987,-0.573907,0.413075,0.413075,0.573907],[11766.7,-11.5755,1.2191,-4.2131,-0.574122,0.412776,0.412776,0.574122],[11800,-11.6149,1.2199,-4.2275,-0.574519,0.412224,0.412224,0.574519],[11833.3,-11.6544,1.218,-4.2419,-0.575083,0.411436,0.411436,0.575083],[11866.7,-11.694,1.2136,-4.2563,-0.575796,0.410438,0.410438,0.575796],[11900,-11.7335,1.2072,-4.2706,-0.576627,0.409269,0.409269,0.576627],[11933.3,-11.7729,1.1998,-4.285,-0.577548,0.407968,0.407968,0.577548],[11966.7,-11.8125,1.1924,-4.2994,-0.578529,0.406576,0.406576,0.578529],[12000,-11.852,1.1862,-4.3138,-0.579528,0.405151,0.405151,0.579528],[12033.3,-11.8914,1.1818,-4.3281,-0.580513,0.403738,0.403738,0.580513],[12066.7,-11.931,1.18,-4.3425,-0.581452,0.402384,0.402384,0.581452],[12100,-11.9705,1.1811,-4.3569,-0.582307,0.401146,0.401146,0.582307],[12133.3,-12.01,1.1847,-4.3713,-0.583051,0.400064,0.400064,0.583051],[12166.7,-12.0496,1.1906,-4.3857,-0.583661,0.399174,0.399174,0.583661],[12200,-12.089,1.1977,-4.4,-0.584111,0.398515,0.398515,0.584111],[12233.3,-12.1285,1.2052,-4.4144,-0.58439,0.398106,0.398106,0.58439],[12266.7,-12.1681,1.212,-4.4288,-0.584487,0.397963,0.397963,0.584487],[12300,-12.2075,1.217,-4.4432,-0.584399,0.398092,0.398092,0.584399],[12333.3,-12.247,1.2197,-4.4575,-0.58413,0.398488,0.398488,0.58413],[12366.7,-12.2866,1.2196,-4.472,-0.583686,0.399137,0.399137,0.583686],[12400,-12.3261,1.2167,-4.4863,-0.583086,0.400014,0.400014,0.583086],[12433.3,-12.3655,1.2115,-4.5007,-0.582348,0.401087,0.401087,0.582348],[12466.7,-12.4051,1.2047,-4.5151,-0.581496,0.402322,0.402322,0.581496],[12500,-12.4446,1.1972,-4.5295,-0.580563,0.403667,0.403667,0.580563],[12533.3,-12.484,1.1901,-4.5438,-0.579579,0.405078,0.405078,0.579579],[12566.7,-12.5236,1.1844,-4.5582,-0.578577,0.406508,0.406508,0.578577],[12600,-12.5631,1.1809,-4.5726,-0.577597,0.407899,0.407899,0.577597],[12633.3,-12.6026,1.1801,-4.587,-0.576672,0.409206,0.409206,0.576672],[12666.7,-12.6422,1.1821,-4.6014,-0.575833,0.410385,0.410385,0.575833],[12700,-12.6816,1.1866,-4.6157,-0.575116,0.41139,0.41139,0.575116],[12733.3,-12.7211,1.193,-4.6301,-0.574544,0.412189,0.412189,0.574544],[12766.7,-12.7607,1.2004,-4.6445,-0.574137,0.412755,0.412755,0.574137],[12800,-12.8001,1.2077,-4.6589,-0.573913,0.413066,0.413066,0.573913],[12833.3,-12.8396,1.214,-4.6732,-0.57388,0.413113,0.413113,0.57388],[12866.7,-12.8792,1.2183,-4.6876,-0.574038,0.412893,0.412893,0.574038],[12900,-12.9187,1.22,-4.702,-0.574381,0.412415,0.412415,0.574381],[12933.3,-12.9581,1.2189,-4.7164,-0.574897,0.411696,0.411696,0.574897],[12966.7,-12.9977,1.2151,-4.7308,-0.575568,0.410757,0.410757,0.575568],[13000,-13.0372,1.2093,-4.7451,-0.576366,0.409636,0.409636,0.576366],[13033.3,-13.0766,1.2021,-4.7595,-0.577264,0.40837,0.40837,0.577264],[13066.7,-13.1162,1.1946,-4.7739,-0.578231,0.406999,0.406999,0.578231],[13100,-13.1557,1.2,-4.7883,-0.579228,0.40558,0.40558,0.579228],[13133.3,-13.1557,1.2,-4.7883,-0.579247,0.405552,0.405552,0.579247],[13166.7,-13.1557,1.2,-4.7883,-0.579383,0.405358,0.405358,0.579383],[13200,-13.1557,1.2,-4.7883,-0.579749,0.404835,0.404835,0.579749],[13233.3,-13.1557,1.2,-4.7883,-0.580456,0.403821,0.403821,0.580456],[13266.7,-13.1557,1.2,-4.7883,-0.581612,0.402153,0.402153,0.581612],[13300,-13.1557,1.2,-4.7883,-0.583308,0.39969,0.39969,0.583308],[13333.3,-13.1557,1.2,-4.7883,-0.585631,0.396278,0.396278,0.585631],[13366.7,-13.1557,1.2,-4.7883,-0.588662,0.391762,0.391762,0.588662],[13400,-13.1557,1.2,-4.7883,-0.592435,0.386032,0.386032,0.592435],[13433.3,-13.1557,1.2,-4.7883,-0.596993,0.378946,0.378946,0.596993],[13466.7,-13.1557,1.2,-4.7883,-0.602361,0.370353,0.370353,0.602361],[13500,-13.1557,1.2,-4.7883,-0.608493,0.36019,0.36019,0.608493],[13533.3,-13.1557,1.2,-4.7883,-0.615361,0.348326,0.348326,0.615361],[13566.7,-13.1557,1.2,-4.7883,-0.622918,0.334624,0.334624,0.622918],[13600,-13.1557,1.2,-4.7883,-0.63102,0.319082,0.319082,0.63102],[13633.3,-13.1557,1.2,-4.7883,-0.639561,0.301598,0.301598,0.639561],[13666.7,-13.1557,1.2,-4.7883,-0.648415,0.282061,0.282061,0.648415],[13700,-13.1557,1.2,-4.7883,-0.657347,0.260566,0.260566,0.657347],[13733.3,-13.1557,1.2,-4.7883,-0.666186,0.237057,0.237057,0.666186],[13766.7,-13.1557,1.2,-4.7883,-0.67474,0.211485,0.211485,0.67474],[13800,-13.1557,1.2,-4.7883,-0.68273,0.184065,0.184065,0.68273],[13833.3,-13.1557,1.2,-4.7883,-0.68995,0.15482,0.15482,0.68995],[13866.7,-13.1557,1.2,-4.7883,-0.696188,0.123784,0.123784,0.696188],[13900,-13.1557,1.2,-4.7883,-0.701187,0.09131,0.09131,0.701187],[13933.3,-13.1557,1.2,-4.7883,-0.704765,0.057506,0.057506,0.704765],[13966.7,-13.1557,1.2,-4.7883,-0.706749,0.022497,0.022497,0.706749],[14000,-13.1557,1.2,-4.7883,-0.706983,-0.01325,-0.01325,0.706983],[14033.3,-13.1557,1.2,-4.7883,-0.705368,-0.049558,-0.049558,0.705368],[14066.7,-13.1557,1.2,-4.7883,-0.701827,-0.086245,-0.086245,0.701827],[14100,-13.1557,1.2,-4.7883,-0.696364,-0.122788,-0.122788,0.696364],[14133.3,-13.1557,1.2,-4.7883,-0.689,-0.158995,-0.158995,0.689],[14166.7,-13.1557,1.2,-4.7883,-0.679779,-0.194681,-0.194681,0.679779],[14200,-13.1557,1.2,-4.7883,-0.668878,-0.229352,-0.229352,0.668878],[14233.3,-13.1557,1.2,-4.7883,-0.656432,-0.262863,-0.262863,0.656432],[14266.7,-13.1557,1.2,-4.7883,-0.642594,-0.295082,-0.295082,0.642594],[14300,-13.1557,1.2,-4.7883,-0.62767,-0.325623,-0.325623,0.62767],[14333.3,-13.1557,1.2,-4.7883,-0.611866,-0.354429,-0.354429,0.611866],[14366.7,-13.1557,1.2,-4.7883,-0.595389,-0.38146,-0.38146,0.595389],[14400,-13.1557,1.2,-4.7883,-0.578602,-0.406472,-0.406472,0.578602],[14433.3,-13.1557,1.2,-4.7883,-0.561716,-0.429506,-0.429506,0.561716],[14466.7,-13.1557,1.2,-4.7883,-0.544932,-0.45061,-0.45061,0.544932],[14500,-13.1557,1.2,-4.7883,-0.528586,-0.469678,-0.469678,0.528586],[14533.3,-13.1557,1.2,-4.7883,-0.51284,-0.486822,-0.486822,0.51284],[14566.7,-13.1557,1.2,-4.7883,0.497839,0.502152,0.502152,-0.497839],[14600,-13.1557,1.2,-4.7883,0.483832,0.515661,0.515661,-0.483832],[14633.3,-13.1557,1.2,-4.7883,0.470903,0.527494,0.527494,-0.470903],[14666.7,-13.1557,1.2,-4.7883,0.459115,0.537785,0.537785,-0.459115],[14700,-13.1557,1.2,-4.7883,0.448604,0.546584,0.546584,-0.448604],[14733.3,-13.1557,1.2,-4.7883,0.439366,0.554038,0.554038,-0.439366],[14766.7,-13.1557,1.2,-4.7883,0.431383,0.560276,0.560276,-0.431383],[14800,-13.1557,1.2,-4.7883,0.424677,0.565376,0.565376,-0.424677],[14833.3,-13.1557,1.2,-4.7883,0.419171,0.56947,0.56947,-0.419171],[14866.7,-13.1557,1.2,-4.7883,0.414778,0.572677,0.572677,-0.414778],[14900,-13.1557,1.2,-4.7883,0.411428,0.575088,0.575088,-0.411428],[14933.3,-13.1557,1.2,-4.7883,0.408992,0.576824,0.576824,-0.408992],[14966.7,-13.1557,1.2,-4.7883,0.407335,0.577995,0.577995,-0.407335],[15000,-13.1557,1.2,-4.7883,0.406324,0.578706,0.578706,-0.406324],[15033.3,-13.1557,1.2,-4.7883,0.405801,0.579073,0.579073,-0.405801],[15066.7,-13.1557,1.2,-4.7883,0.405607,0.579209,0.579209,-0.405607],[15100,-13.1557,1.2,-4.7883,0.40558,0.579228,0.579228,-0.40558],[15133.3,-13.1557,1.2,-4.7883,0.40558,0.579228,0.579228,-0.40558],[15166.7,-13.1557,1.2,-4.7883,0.40558,0.579228,0.579228,-0.40558],[15200,-13.1557,1.2,-4.7883,0.40558,0.579228,0.579228,-0.40558],[15233.3,-13.1557,1.2,-4.7883,0.40558,0.579228,0.579228,-0.40558],[15266.7,-13.1557,1.2,-4.7883,0.40558,0.579228,0.579228,-0.40558],[15300,-13.1557,1.2,-4.7883,0.40558,0.579228,0.579228,-0.40558],[15333.3,-13.1557,1.2,-4.7883,0.40558,0.579228,0.579228,-0.40558],[15366.7,-13.1557,1.2,-4.7883,0.40558,0.579228,0.579228,-0.40558],[15400,-13.1557,1.2,-4.7883,0.40558,0.579228,0.579228,-0.40558],[15433.3,-13.1557,1.2,-4.7883,0.40558,0.579228,0.579228,-0.40558],[15466.7,-13.1557,1.2,-4.7883,0.40558,0.579228,0.579228,-0.40558],[15500,-13.1557,1.2,-4.7883,0.40558,0.579228,0.579228,-0.40558],[15533.3,-13.1557,1.2,-4.7883,0.40558,0.579228,0.579228,-0.40558],[15566.7,-13.1557,1.2,-4.7883,0.40558,0.579228,0.579228,-0.40558],[15600,-13.1557,1.2126,-4.7883,0.40558,0.579228,0.579228,-0.40558],[15633.3,-13.1162,1.2174,-4.7739,0.404158,0.580221,0.580221,-0.404158],[15666.7,-13.0766,1.2198,-4.7595,0.40278,0.581178,0.581178,-0.40278],[15700,-13.0372,1.2194,-4.7451,0.401504,0.582061,0.582061,-0.401504],[15733.3,-12.9977,1.2163,-4.7308,0.40037,0.582841,0.582841,-0.40037],[15766.7,-12.9581,1.2109,-4.7164,0.399418,0.583494,0.583494,-0.399418],[15800,-12.9187,1.2039,-4.702,0.398687,0.583993,0.583993,-0.398687],[15833.3,-12.8792,1.1964,-4.6876,0.398201,0.584325,0.584325,-0.398201],[15866.7,-12.8396,1.1894,-4.6732,0.397977,0.584477,0.584477,-0.397977],[15900,-12.8001,1.1839,-4.6589,0.398025,0.584445,0.584445,-0.398025],[15933.3,-12.7607,1.1807,-4.6445,0.398342,0.584229,0.584229,-0.398342],[15966.7,-12.7211,1.1801,-4.6301,0.398917,0.583836,0.583836,-0.398917],[16000,-12.6816,1.1824,-4.6157,0.399728,0.583282,0.583282,-0.399728],[16033.3,-12.6422,1.1871,-4.6014,0.400746,0.582583,0.582583,-0.400746],[16066.7,-12.6026,1.1937,-4.587,0.401938,0.581761,0.581761,-0.401938],[16100,-12.5631,1.2011,-4.5726,0.403254,0.58085,0.58085,-0.403254],[16133.3,-12.5236,1.2084,-4.5582,0.40465,0.579878,0.579878,-0.40465],[16166.7,-12.484,1.2145,-4.5438,0.406081,0.578876,0.578876,-0.406081],[16200,-12.4446,1.2186,-4.5295,0.407488,0.577887,0.577887,-0.407488],[16233.3,-12.4051,1.22,-4.5151,0.408825,0.576942,0.576942,-0.408825],[16266.7,-12.3655,1.2186,-4.5007,0.410049,0.576073,0.576073,-0.410049],[16300,-12.3261,1.2146,-4.4863,0.411109,0.575317,0.575317,-0.411109],[16333.3,-12.2866,1.2086,-4.472,0.411973,0.574699,0.574699,-0.411973],[16366.7,-12.247,1.2013,-4.4575,0.412612,0.57424,0.57424,-0.412612],[16400,-12.2075,1.1939,-4.4432,0.413,0.573961,0.573961,-0.413],[16433.3,-12.1681,1.1873,-4.4288,0.413127,0.57387,0.57387,-0.413127],[16466.7,-12.1285,1.1825,-4.4144,0.412987,0.57397,0.57397,-0.412987],[16500,-12.089,1.1802,-4.4,0.412585,0.574259,0.574259,-0.412585],[16533.3,-12.0496,1.1806,-4.3857,0.411936,0.574725,0.574725,-0.411936],[16566.7,-12.01,1.1838,-4.3713,0.411059,0.575352,0.575352,-0.411059],[16600,-11.9705,1.1893,-4.3569,0.40999,0.576115,0.576115,-0.40999],[16633.3,-11.931,1.1962,-4.3425,0.408763,0.576986,0.576986,-0.408763],[16666.7,-11.8914,1.2038,-4.3281,0.407418,0.577937,0.577937,-0.407418],[16700,-11.852,1.2107,-4.3138,0.406009,0.578927,0.578927,-0.406009],[16733.3,-11.8125,1.2162,-4.2994,0.404582,0.579925,0.579925,-0.404582],[16766.7,-11.7729,1.2194,-4.285,0.403184,0.580898,0.580898,-0.403184],[16800,-11.7335,1.2198,-4.2706,0.401874,0.581805,0.581805,-0.401874],[16833.3,-11.694,1.2175,-4.2563,0.400693,0.582619,0.582619,-0.400693],[16866.7,-11.6544,1.2127,-4.2419,0.399682,0.583314,0.583314,-0.399682],[16900,-11.6149,1.2061,-4.2275,0.398882,0.58386,0.58386,-0.398882],[16933.3,-11.5755,1.1987,-4.2131,0.39832,0.584244,0.584244,-0.39832],[16966.7,-11.5359,1.1914,-4.1987,0.398016,0.584451,0.584451,-0.398016],[17000,-11.4964,1.1854,-4.1844,0.397982,0.584474,0.584474,-0.397982],[17033.3,-11.457,1.1814,-4.17,0.398219,0.584313,0.584313,-0.398219],[17066.7,-11.4174,1.18,-4.1556,0.398719,0.583972,0.583972,-0.398719],[17100,-11.3779,1.1814,-4.1412,0.399461,0.583464,0.583464,-0.399461],[17133.3,-11.3384,1.1855,-4.1269,0.400421,0.582806,0.582806,-0.400421],[17166.7,-11.2988,1.1916,-4.1124,0.401566,0.582018,0.582018,-0.401566],[17200,-11.2594,1.1989,-4.0981,0.402848,0.581131,0.581131,-0.402848],[17233.3,-11.2199,1.2063,-4.0837,0.404225,0.580174,0.580174,-0.404225],[17266.7,-11.1803,1.2129,-4.0693,0.405653,0.579177,0.579177,-0.405653],[17300,-11.1409,1.2176,-4.0549,0.407071,0.578181,0.578181,-0.407071],[17333.3,-11.1014,1.2199,-4.0406,0.408434,0.577219,0.577219,-0.408434],[17366.7,-11.0618,1.2193,-4.0262,0.409697,0.576323,0.576323,-0.409697],[17400,-11.0223,1.2161,-4.0118,0.410809,0.575531,0.575531,-0.410809],[17433.3,-10.9829,1.2106,-3.9974,0.411736,0.574868,0.574868,-0.411736],[17466.7,-10.9433,1.2036,-3.983,0.412446,0.574359,0.574359,-0.412446],[17500,-10.9038,1.1961,-3.9687,0.412911,0.574025,0.574025,-0.412911],[17533.3,-10.8644,1.1891,-3.9543,0.413117,0.573877,0.573877,-0.413117],[17566.7,-10.8248,1.1837,-3.9399,0.413057,0.57392,0.57392,-0.413057],[17600,-10.7853,1.1806,-3.9255,0.412732,0.574153,0.574153,-0.412732],[17633.3,-10.7458,1.1802,-3.9112,0.412156,0.574567,0.574567,-0.412156],[17666.7,-10.7062,1.1826,-3.8968,0.411344,0.575149,0.575149,-0.411344],[17700,-10.6668,1.1874,-3.8824,0.410329,0.575873,0.575873,-0.410329],[17733.3,-10.6273,1.194,-3.868,0.409146,0.576715,0.576715,-0.409146],[17766.7,-10.5877,1.2015,-3.8536,0.40783,0.577646,0.577646,-0.40783],[17800,-10.5483,1.2088,-3.8393,0.406436,0.578628,0.578628,-0.406436],[17833.3,-10.5088,1.2148,-3.8249,0.405009,0.579627,0.579627,-0.405009],[17866.7,-10.4692,1.2187,-3.8105,0.403596,0.580612,0.580612,-0.403596],[17900,-10.4297,1.22,-3.7961,0.402256,0.581541,0.581541,-0.402256],[17933.3,-10.3903,1.2185,-3.7818,0.401031,0.582386,0.582386,-0.401031],[17966.7,-10.3507,1.2144,-3.7673,0.399964,0.58312,0.58312,-0.399964],[18000,-10.3112,1.2082,-3.753,0.399098,0.583713,0.583713,-0.399098],[18033.3,-10.2718,1.201,-3.7386,0.398463,0.584147,0.584147,-0.398463],[18066.7,-10.2322,1.1935,-3.7242,0.398079,0.584408,0.584408,-0.398079],[18100,-10.1927,1.187,-3.7098,0.397964,0.584487,0.584487,-0.397964],[18133.3,-10.1532,1.1823,-3.6955,0.39812,0.584381,0.584381,-0.39812],[18166.7,-10.1136,1.1801,-3.6811,0.398542,0.584092,0.584092,-0.398542],[18200,-10.0742,1.1807,-3.6667,0.399214,0.583633,0.583633,-0.399214],[18233.3,-10.0347,1.184,-3.6523,0.400112,0.583018,0.583018,-0.400112],[18266.7,-9.9951,1.1896,-3.6379,0.401206,0.582266,0.582266,-0.401206],[18300,-9.9557,1.1966,-3.6236,0.402451,0.581406,0.581406,-0.402451],[18333.3,-9.9162,1.2041,-3.6092,0.403805,0.580467,0.580467,-0.403805],[18366.7,-9.8766,1.211,-3.5948,0.405224,0.579477,0.579477,-0.405224],[18400,-9.8371,1.2164,-3.5804,0.406648,0.578478,0.578478,-0.406648],[18433.3,-9.7977,1.2195,-3.5661,0.408033,0.577502,0.577502,-0.408033],[18466.7,-9.7581,1.2198,-3.5517,0.409332,0.576582,0.576582,-0.409332],[18500,-9.7186,1.2173,-3.5373,0.410493,0.575756,0.575756,-0.410493],[18533.3,-9.6792,1.2124,-3.5229,0.411479,0.575052,0.575052,-0.411479],[18566.7,-9.6396,1.2058,-3.5085,0.412258,0.574494,0.574494,-0.412258],[18600,-9.6001,1.1983,-3.4942,0.412798,0.574106,0.574106,-0.412798],[18633.3,-9.5606,1.1911,-3.4798,0.413083,0.573901,0.573901,-0.413083],[18666.7,-9.5211,1.1851,-3.4654,0.413103,0.573887,0.573887,-0.413103],[18700,-9.4816,1.1812,-3.451,0.412857,0.574064,0.574064,-0.412857],[18733.3,-9.4421,1.18,-3.4366,0.412354,0.574425,0.574425,-0.412354],[18766.7,-9.4025,1.1816,-3.4222,0.41161,0.574959,0.574959,-0.41161],[18800,-9.3631,1.1858,-3.4079,0.410653,0.575642,0.575642,-0.410653],[18833.3,-9.3236,1.1919,-3.3935,0.409516,0.576451,0.576451,-0.409516],[18866.7,-9.284,1.1993,-3.3791,0.408234,0.57736,0.57736,-0.408234],[18900,-9.2445,1.2067,-3.3647,0.40686,0.578329,0.578329,-0.40686],[18933.3,-9.2051,1.2131,-3.3504,0.405438,0.579327,0.579327,-0.405438],[18966.7,-9.1655,1.2178,-3.336,0.404015,0.580321,0.580321,-0.404015],[19000,-9.126,1.2199,-3.3216,0.402648,0.58127,0.58127,-0.402648],[19033.3,-9.0866,1.2192,-3.3072,0.401384,0.582143,0.582143,-0.401384],[19066.7,-9.047,1.2158,-3.2928,0.400264,0.582914,0.582914,-0.400264],[19100,-9.0075,1.2102,-3.2785,0.399335,0.583551,0.583551,-0.399335],[19133.3,-8.968,1.2032,-3.2641,0.398628,0.584034,0.584034,-0.398628],[19166.7,-8.9285,1.1957,-3.2497,0.398166,0.584349,0.584349,-0.398166],[19200,-8.889,1.1888,-3.2353,0.39797,0.584483,0.584483,-0.39797],[19233.3,-8.8495,1.1835,-3.221,0.398045,0.584432,0.584432,-0.398045],[19266.7,-8.8099,1.1805,-3.2066,0.398389,0.584197,0.584197,-0.398389],[19300,-8.7705,1.1802,-3.1922,0.398988,0.583788,0.583788,-0.398988],[19333.3,-8.731,1.1828,-3.1778,0.39982,0.583218,0.583218,-0.39982],[19366.7,-8.6914,1.1877,-3.1634,0.40086,0.582504,0.582504,-0.40086],[19400,-8.6519,1.1944,-3.1491,0.402063,0.581674,0.581674,-0.402063],[19433.3,-8.6125,1.2019,-3.1347,0.40339,0.580755,0.580755,-0.40339],[19466.7,-8.5729,1.2091,-3.1203,0.404795,0.579776,0.579776,-0.404795],[19500,-8.5334,1.215,-3.1059,0.406223,0.578777,0.578777,-0.406223],[19533.3,-8.494,1.2188,-3.0915,0.407624,0.577791,0.577791,-0.407624],[19566.7,-8.4544,1.22,-3.0771,0.408956,0.576849,0.576849,-0.408956],[19600,-8.4149,1.2183,-3.0628,0.410161,0.575993,0.575993,-0.410161],[19633.3,-8.3754,1.2141,-3.0484,0.411204,0.575249,0.575249,-0.411204],[19666.7,-8.3359,1.2079,-3.034,0.412048,0.574644,0.574644,-0.412048],[19700,-8.2964,1.2006,-3.0196,0.412662,0.574204,0.574204,-0.412662],[19733.3,-8.2569,1.1932,-3.0053,0.413025,0.573943,0.573943,-0.413025],[19766.7,-8.2173,1.1867,-2.9909,0.413125,0.573871,0.573871,-0.413125],[19800,-8.1779,1.1821,-2.9765,0.412958,0.573991,0.573991,-0.412958],[19833.3,-8.1384,1.1801,-2.9621,0.412531,0.574298,0.574298,-0.412531],[19866.7,-8.0988,1.1808,-2.9477,0.411857,0.574782,0.574782,-0.411857],[19900,-8.0593,1.1843,-2.9334,0.410961,0.575422,0.575422,-0.410961],[19933.3,-8.0199,1.1899,-2.919,0.409875,0.576197,0.576197,-0.409875],[19966.7,-7.9803,1.197,-2.9046,0.408631,0.57708,0.57708,-0.408631],[20000,-7.9408,1.2045,-2.8902,0.40728,0.578034,0.578034,-0.40728],[20033.3,-7.9014,1.2113,-2.8759,0.405867,0.579027,0.579027,-0.405867],[20066.7,-7.8618,1.2166,-2.8615,0.404437,0.580026,0.580026,-0.404437],[20100,-7.8223,1.2196,-2.8471,0.40305,0.580991,0.580991,-0.40305],[20133.3,-7.7828,1.2197,-2.8327,0.40175,0.581891,0.581891,-0.40175],[20166.7,-7.7433,1.2171,-2.8183,0.400581,0.582696,0.582696,-0.400581],[20200,-7.7038,1.2121,-2.8039,0.399592,0.583375,0.583375,-0.399592],[20233.3,-7.6643,1.2054,-2.7896,0.398815,0.583906,0.583906,-0.398815],[20266.7,-7.6247,1.1979,-2.7752,0.398277,0.584273,0.584273,-0.398277],[20300,-7.5853,1.1907,-2.7608,0.398001,0.584462,0.584462,-0.398001],[20333.3,-7.5458,1.1849,-2.7464,0.397994,0.584466,0.584466,-0.397994],[20366.7,-7.5062,1.1811,-2.732,0.398258,0.584286,0.584286,-0.398258],[20400,-7.4667,1.18,-2.7177,0.398782,0.583929,0.583929,-0.398782],[20433.3,-7.4273,1.1817,-2.7033,0.399547,0.583405,0.583405,-0.399547],[20466.7,-7.3877,1.186,-2.6889,0.40053,0.582732,0.582732,-0.40053],[20500,-7.3482,1.1923,-2.6745,0.401687,0.581934,0.581934,-0.401687],[20533.3,-7.3088,1.1996,-2.6602,0.402981,0.581039,0.581039,-0.402981],[20566.7,-7.2692,1.207,-2.6458,0.404369,0.580074,0.580074,-0.404369],[20600,-7.2297,1.2134,-2.6314,0.405794,0.579078,0.579078,-0.405794],[20633.3,-7.1902,1.2179,-2.617,0.407209,0.578084,0.578084,-0.407209],[20666.7,-7.1507,1.2199,-2.6026,0.408568,0.577124,0.577124,-0.408568],[20700,-7.1112,1.2191,-2.5883,0.409815,0.57624,0.57624,-0.409815],[20733.3,-7.0717,1.2156,-2.5739,0.41091,0.575459,0.575459,-0.41091],[20766.7,-7.0321,1.2099,-2.5595,0.411818,0.574809,0.574809,-0.411818],[20800,-6.9927,1.2028,-2.5451,0.412503,0.574318,0.574318,-0.412503],[20833.3,-6.9532,1.1953,-2.5308,0.412943,0.574002,0.574002,-0.412943],[20866.7,-6.9136,1.1885,-2.5164,0.413123,0.573872,0.573872,-0.413123],[20900,-6.8741,1.1833,-2.502,0.413036,0.573935,0.573935,-0.413036],[20933.3,-6.8347,1.1804,-2.4876,0.412686,0.574186,0.574186,-0.412686],[20966.7,-6.7951,1.1803,-2.4732,0.412083,0.574619,0.574619,-0.412083],[21000,-6.7556,1.183,-2.4588,0.411252,0.575215,0.575215,-0.411252],[21033.3,-6.7162,1.188,-2.4445,0.410219,0.575952,0.575952,-0.410219],[21066.7,-6.6766,1.1948,-2.4301,0.409017,0.576806,0.576806,-0.409017],[21100,-6.6371,1.2023,-2.4157,0.407694,0.577741,0.577741,-0.407694],[21133.3,-6.5976,1.2094,-2.4013,0.406295,0.578726,0.578726,-0.406295],[21166.7,-6.5581,1.2153,-2.3869,0.404864,0.579729,0.579729,-0.404864],[21200,-6.5186,1.2189,-2.3726,0.40346,0.580707,0.580707,-0.40346],[21233.3,-6.4791,1.22,-2.3582,0.402129,0.581629,0.581629,-0.402129],[21266.7,-6.4395,1.2182,-2.3438,0.400915,0.582467,0.582467,-0.400915],[21300,-6.4001,1.2138,-2.3294,0.399869,0.583185,0.583185,-0.399869],[21333.3,-6.3606,1.2076,-2.3151,0.399025,0.583763,0.583763,-0.399025],[21366.7,-6.321,1.2002,-2.3007,0.398412,0.584182,0.584182,-0.398412],[21400,-6.2815,1.1928,-2.2863,0.398056,0.584424,0.584424,-0.398056],[21433.3,-6.2421,1.1864,-2.2719,0.397967,0.584484,0.584484,-0.397967],[21466.7,-6.2025,1.182,-2.2575,0.398151,0.584359,0.584359,-0.398151],[21500,-6.163,1.1801,-2.2432,0.398598,0.584054,0.584054,-0.398598],[21533.3,-6.1236,1.1809,-2.2288,0.399294,0.583579,0.583579,-0.399294],[21566.7,-6.084,1.1845,-2.2144,0.400215,0.582948,0.582948,-0.400215],[21600,-6.0445,1.1902,-2.2,0.401323,0.582185,0.582185,-0.401323],[21633.3,-6.005,1.1974,-2.1857,0.402581,0.581316,0.581316,-0.402581],[21666.7,-5.9655,1.2049,-2.1712,0.403947,0.580368,0.580368,-0.403947],[21700,-5.926,1.2117,-2.1569,0.405365,0.579378,0.579378,-0.405365],[21733.3,-5.8865,1.2168,-2.1425,0.406788,0.57838,0.57838,-0.406788],[21766.7,-5.8469,1.2196,-2.1281,0.40817,0.577405,0.577405,-0.40817],[21800,-5.8075,1.2197,-2.1137,0.409454,0.576496,0.576496,-0.409454],[21833.3,-5.768,1.2169,-2.0994,0.410599,0.575681,0.575681,-0.410599],[21866.7,-5.7284,1.2118,-2.085,0.411569,0.574988,0.574988,-0.411569],[21900,-5.6889,1.205,-2.0706,0.412322,0.574448,0.574448,-0.412322],[21933.3,-5.6495,1.1976,-2.0562,0.412837,0.574078,0.574078,-0.412837],[21966.7,-5.6099,1.1904,-2.0418,0.413097,0.573891,0.573891,-0.413097],[22000,-5.5704,1.1846,-2.0275,0.41309,0.573896,0.573896,-0.41309],[22033.3,-5.531,1.181,-2.0131,0.412818,0.574091,0.574091,-0.412818],[22066.7,-5.4914,1.18,-1.9987,0.412289,0.574472,0.574472,-0.412289],[22100,-5.4519,1.1819,-1.9843,0.411524,0.57502,0.57502,-0.411524],[22133.3,-5.4124,1.1863,-1.97,0.410548,0.575717,0.575717,-0.410548],[22166.7,-5.3729,1.1926,-1.9556,0.409392,0.57654,0.57654,-0.409392],[22200,-5.3334,1.2,-1.9412,0.408102,0.577454,0.577454,-0.408102],[22233.3,-5.2939,1.2074,-1.9268,0.406721,0.578428,0.578428,-0.406721],[22266.7,-5.2543,1.2137,-1.9124,0.405292,0.579429,0.579429,-0.405292],[22300,-5.2149,1.2181,-1.8981,0.403876,0.580417,0.580417,-0.403876],[22333.3,-5.1754,1.22,-1.8837,0.402518,0.58136,0.58136,-0.402518],[22366.7,-5.1358,1.219,-1.8693,0.401263,0.582227,0.582227,-0.401263],[22400,-5.0964,1.2154,-1.8549,0.400163,0.582983,0.582983,-0.400163],[22433.3,-5.0569,1.2096,-1.8406,0.399255,0.583606,0.583606,-0.399255],[22466.7,-5.0173,1.2024,-1.8261,0.398569,0.584074,0.584074,-0.398569],[22500,-4.9778,1.195,-1.8118,0.398135,0.58437,0.58437,-0.398135],[22533.3,-4.9384,1.1882,-1.7974,0.397965,0.584486,0.584486,-0.397965],[22566.7,-4.8988,1.1831,-1.783,0.398067,0.584416,0.584416,-0.398067],[22600,-4.8593,1.1803,-1.7686,0.398437,0.584164,0.584164,-0.398437],[22633.3,-4.8198,1.1804,-1.7543,0.39906,0.583739,0.583739,-0.39906],[22666.7,-4.7803,1.1832,-1.7399,0.399917,0.583152,0.583152,-0.399917],[22700,-4.7408,1.1883,-1.7255,0.400973,0.582427,0.582427,-0.400973],[22733.3,-4.7013,1.1951,-1.7111,0.40219,0.581587,0.581587,-0.40219],[22766.7,-4.6617,1.2026,-1.6967,0.40353,0.580658,0.580658,-0.40353],[22800,-4.6223,1.2098,-1.6824,0.404937,0.579678,0.579678,-0.404937],[22833.3,-4.5828,1.2155,-1.668,0.406363,0.578678,0.578678,-0.406363],[22866.7,-4.5432,1.2191,-1.6536,0.407764,0.577692,0.577692,-0.407764],[22900,-4.5038,1.2199,-1.6392,0.409081,0.57676,0.57676,-0.409081],[22933.3,-4.4643,1.218,-1.6249,0.410273,0.575914,0.575914,-0.410273],[22966.7,-4.4247,1.2136,-1.6105,0.411299,0.575181,0.575181,-0.411299],[23000,-4.3852,1.2072,-1.5961,0.41212,0.574593,0.574593,-0.41212],[23033.3,-4.3458,1.1998,-1.5817,0.412709,0.57417,0.57417,-0.412709],[23066.7,-4.3062,1.1924,-1.5673,0.413047,0.573927,0.573927,-0.413047],[23100,-4.2667,1.1862,-1.553,0.41312,0.573874,0.573874,-0.41312],[23133.3,-4.2272,1.1818,-1.5386,0.412927,0.574013,0.574013,-0.412927],[23166.7,-4.1877,1.18,-1.5242,0.412474,0.574339,0.574339,-0.412474],[23200,-4.1482,1.1811,-1.5098,0.411777,0.574839,0.574839,-0.411777],[23233.3,-4.1087,1.1847,-1.4955,0.410862,0.575494,0.575494,-0.410862],[23266.7,-4.0691,1.1906,-1.481,0.409754,0.576282,0.576282,-0.409754],[23300,-4.0297,1.1977,-1.4667,0.408501,0.577172,0.577172,-0.408501],[23333.3,-3.9902,1.2052,-1.4523,0.407142,0.578131,0.578131,-0.407142],[23366.7,-3.9506,1.212,-1.4379,0.405721,0.579129,0.579129,-0.405721],[23400,-3.9112,1.217,-1.4235,0.404297,0.580124,0.580124,-0.404297],[23433.3,-3.8717,1.2197,-1.4092,0.402917,0.581084,0.581084,-0.402917],[23466.7,-3.8321,1.2196,-1.3948,0.401624,0.581978,0.581978,-0.401624],[23500,-3.7926,1.2167,-1.3804,0.400475,0.582769,0.582769,-0.400475],[23533.3,-3.7532,1.2115,-1.366,0.399505,0.583434,0.583434,-0.399505],[23566.7,-3.7136,1.2047,-1.3516,0.398749,0.583951,0.583951,-0.398749],[23600,-3.6741,1.1972,-1.3373,0.398238,0.5843,0.5843,-0.398238],[23633.3,-3.6346,1.1901,-1.3229,0.397988,0.58447,0.58447,-0.397988],[23666.7,-3.5951,1.1844,-1.3085,0.398008,0.584456,0.584456,-0.398008],[23700,-3.5556,1.1809,-1.2941,0.398298,0.584259,0.584259,-0.398298],[23733.3,-3.5161,1.1801,-1.2798,0.398847,0.583884,0.583884,-0.398847],[23766.7,-3.4765,1.1821,-1.2654,0.399638,0.583343,0.583343,-0.399638],[23800,-3.4371,1.1866,-1.251,0.400637,0.582658,0.582658,-0.400637],[23833.3,-3.3976,1.193,-1.2366,0.40181,0.581849,0.581849,-0.40181],[23866.7,-3.358,1.2004,-1.2222,0.403119,0.580943,0.580943,-0.403119],[23900,-3.3186,1.2077,-1.2079,0.40451,0.579976,0.579976,-0.40451],[23933.3,-3.2791,1.214,-1.1935,0.405936,0.578979,0.578979,-0.405936],[23966.7,-3.2395,1.2183,-1.1791,0.407351,0.577984,0.577984,-0.407351],[24000,-3.2,1.22,-1.1647,0.408697,0.577033,0.577033,-0.408697],[24033.3,-3.1606,1.2189,-1.1504,0.409931,0.576157,0.576157,-0.409931],[24066.7,-3.121,1.2151,-1.1359,0.411012,0.575386,0.575386,-0.411012],[24100,-3.0815,1.2093,-1.1216,0.411897,0.574753,0.574753,-0.411897],[24133.3,-3.042,1.2021,-1.1072,0.412558,0.574279,0.574279,-0.412558],[24166.7,-3.0025,1.1946,-1.0928,0.412973,0.57398,0.57398,-0.412973],[24200,-2.963,1.1879,-1.0784,0.413126,0.57387,0.57387,-0.413126],[24233.3,-2.9235,1.1829,-1.0641,0.413013,0.573951,0.573951,-0.413013],[24266.7,-2.8839,1.1803,-1.0497,0.412636,0.574222,0.574222,-0.412636],[24300,-2.8445,1.1804,-1.0353,0.412011,0.574671,0.574671,-0.412011],[24333.3,-2.805,1.1834,-1.0209,0.411158,0.575282,0.575282,-0.411158],[24366.7,-2.7654,1.1887,-1.0065,0.410103,0.576034,0.576034,-0.410103],[24400,-2.726,1.1955,-0.9922,0.40889,0.576896,0.576896,-0.40889],[24433.3,-2.6865,1.203,-0.9778,0.407558,0.577837,0.577837,-0.407558],[24466.7,-2.6469,1.2101,-0.9634,0.40615,0.578828,0.578828,-0.40615],[24500,-2.6074,1.2157,-0.949,0.404723,0.579827,0.579827,-0.404723],[24533.3,-2.568,1.2192,-0.9347,0.403324,0.580801,0.580801,-0.403324],[24566.7,-2.5284,1.2199,-0.9203,0.401999,0.581719,0.581719,-0.401999],[24600,-2.4889,1.2179,-0.9059,0.400803,0.582544,0.582544,-0.400803],[24633.3,-2.4494,1.2133,-0.8915,0.399775,0.583249,0.583249,-0.399775],[24666.7,-2.4099,1.2068,-0.8771,0.398951,0.583813,0.583813,-0.398951],[24700,-2.3704,1.1994,-0.8628,0.398365,0.584214,0.584214,-0.398365],[24733.3,-2.3309,1.1921,-0.8484,0.398035,0.584438,0.584438,-0.398035],[24766.7,-2.2913,1.1859,-0.834,0.397974,0.58448,0.58448,-0.397974],[24800,-2.2519,1.1817,-0.8196,0.398183,0.584337,0.584337,-0.398183],[24833.3,-2.2124,1.18,-0.8053,0.398656,0.584015,0.584015,-0.398656],[24866.7,-2.1728,1.1812,-0.7908,0.399378,0.583522,0.583522,-0.399378],[24900,-2.1334,1.185,-0.7765,0.400317,0.582878,0.582878,-0.400317],[24933.3,-2.0939,1.1909,-0.7621,0.401442,0.582103,0.582103,-0.401442],[24966.7,-2.0543,1.1981,-0.7477,0.402716,0.581223,0.581223,-0.402716],[25000,-2.0148,1.2056,-0.7333,0.404086,0.580271,0.580271,-0.404086],[25033.3,-1.9754,1.2123,-0.719,0.405507,0.579279,0.579279,-0.405507],[25066.7,-1.9358,1.2172,-0.7046,0.406932,0.578279,0.578279,-0.406932],[25100,-1.8963,1.2198,-0.6902,0.408302,0.577312,0.577312,-0.408302],[25133.3,-1.8568,1.2195,-0.6758,0.409575,0.57641,0.57641,-0.409575],[25166.7,-1.8173,1.2165,-0.6614,0.410707,0.575604,0.575604,-0.410707],[25200,-1.7778,1.2112,-0.6471,0.411653,0.574928,0.574928,-0.411653],[25233.3,-1.7383,1.2043,-0.6327,0.412384,0.574403,0.574403,-0.412384],[25266.7,-1.6987,1.1968,-0.6183,0.412876,0.57405,0.57405,-0.412876],[25300,-1.6593,1.1898,-0.6039,0.413108,0.573883,0.573883,-0.413108],[25333.3,-1.6198,1.1842,-0.5896,0.413075,0.573907,0.573907,-0.413075],[25366.7,-1.5802,1.1808,-0.5752,0.412776,0.574122,0.574122,-0.412776],[25400,-1.5408,1.1801,-0.5608,0.412224,0.574519,0.574519,-0.412224],[25433.3,-1.5013,1.1822,-0.5464,0.411436,0.575083,0.575083,-0.411436],[25466.7,-1.4617,1.1869,-0.532,0.410438,0.575796,0.575796,-0.410438],[25500,-1.4222,1.1933,-0.5177,0.409269,0.576627,0.576627,-0.409269],[25533.3,-1.3828,1.2007,-0.5033,0.407968,0.577548,0.577548,-0.407968],[25566.7,-1.3432,1.2081,-0.4889,0.406576,0.578529,0.578529,-0.406576],[25600,-1.3037,1.2142,-0.4745,0.405151,0.579528,0.579528,-0.405151],[25633.3,-1.2643,1.2184,-0.4601,0.403738,0.580513,0.580513,-0.403738],[25666.7,-1.2247,1.22,-0.4457,0.402384,0.581452,0.581452,-0.402384],[25700,-1.1852,1.2188,-0.4314,0.401146,0.582307,0.582307,-0.401146],[25733.3,-1.1457,1.2149,-0.417,0.400064,0.583051,0.583051,-0.400064],[25766.7,-1.1061,1.2089,-0.4026,0.399174,0.583661,0.583661,-0.399174],[25800,-1.0667,1.2017,-0.3882,0.398515,0.584111,0.584111,-0.398515],[25833.3,-1.0272,1.1942,-0.3739,0.398106,0.58439,0.58439,-0.398106],[25866.7,-0.9876,1.1876,-0.3595,0.397963,0.584487,0.584487,-0.397963],[25900,-0.9482,1.1827,-0.3451,0.398092,0.584399,0.584399,-0.398092],[25933.3,-0.9087,1.1802,-0.3307,0.398488,0.58413,0.58413,-0.398488],[25966.7,-0.8691,1.1805,-0.3163,0.399137,0.583686,0.583686,-0.399137],[26000,-0.8296,1.1836,-0.302,0.400014,0.583086,0.583086,-0.400014],[26033.3,-0.7902,1.189,-0.2876,0.401087,0.582348,0.582348,-0.401087],[26066.7,-0.7506,1.1959,-0.2732,0.402322,0.581496,0.581496,-0.402322],[26100,-0.7111,1.2034,-0.2588,0.403667,0.580563,0.580563,-0.403667],[26133.3,-0.6717,1.2104,-0.2445,0.405078,0.579579,0.579579,-0.405078],[26166.7,-0.6321,1.216,-0.2301,0.406508,0.578577,0.578577,-0.406508],[26200,-0.5926,1.2193,-0.2157,0.407899,0.577597,0.577597,-0.407899],[26233.3,-0.5531,1.2199,-0.2013,0.409206,0.576672,0.576672,-0.409206],[26266.7,-0.5135,1.2177,-0.1869,0.410385,0.575833,0.575833,-0.410385],[26300,-0.4741,1.213,-0.1726,0.41139,0.575116,0.575116,-0.41139],[26333.3,-0.4346,1.2065,-0.1582,0.412189,0.574544,0.574544,-0.412189],[26366.7,-0.395,1.199,-0.1438,0.412755,0.574137,0.574137,-0.412755],[26400,-0.3556,1.1918,-0.1294,0.413066,0.573913,0.573913,-0.413066],[26433.3,-0.3161,1.1856,-0.115,0.413113,0.57388,0.57388,-0.413113],[26466.7,-0.2765,1.1815,-0.1006,0.412893,0.574038,0.574038,-0.412893],[26500,-0.237,1.18,-0.0863,0.412415,0.574381,0.574381,-0.412415],[26533.3,-0.1976,1.1813,-0.0719,0.411696,0.574897,0.574897,-0.411696],[26566.7,-0.158,1.1852,-0.0575,0.410757,0.575568,0.575568,-0.410757],[26600,-0.1185,1.1912,-0.0431,0.409636,0.576366,0.576366,-0.409636],[26633.3,-0.0791,1.1985,-0.0288,0.40837,0.577264,0.577264,-0.40837],[26666.7,-0.0395,1.206,-0.0144,0.406999,0.578231,0.578231,-0.406999],[26700,0,1.2,0,0.40558,0.579228,0.579228,-0.40558],[26733.3,0,1.2,0,0.40558,0.579228,0.579228,-0.40558],[26766.7,0,1.2,0,0.40558,0.579228,0.579228,-0.40558],[26800,0,1.2,0,0.40558,0.579228,0.579228,-0.40558],[26833.3,0,1.2,0,0.40558,0.579228,0.579228,-0.40558],[26866.7,0,1.2,0,0.40558,0.579228,0.579228,-0.40558],[26900,0,1.2,0,0.40558,0.579228,0.579228,-0.40558],[26933.3,0,1.2,0,0.40558,0.579228,0.579228,-0.40558],[26966.7,0,1.2,0,0.40558,0.579228,0.579228,-0.40558],[27000,0,1.2,0,0.40558,0.579228,0.579228,-0.40558],[27033.3,0,1.2,0,0.40558,0.579228,0.579228,-0.40558],[27066.7,0,1.2,0,0.40558,0.579228,0.579228,-0.40558],[27100,0,1.2,0,0.40558,0.579228,0.579228,-0.40558],[27133.3,0,1.2,0,0.40558,0.579228,0.579228,-0.40558],[27166.7,0,1.2,0,0.40558,0.579228,0.579228,-0.40558],[27200,0,1.2,0,0.40558,0.579228,0.579228,-0.40558],[27233.3,0,1.2,0,0.40558,0.579228,0.579228,-0.40558],[27266.7,0,1.2,0,0.40558,0.579228,0.579228,-0.40558],[27300,0,1.2,0,0.40558,0.579228,0.579228,-0.40558],[27333.3,0,1.2,0,0.40558,0.579228,0.579228,-0.40558],[27366.7,0,1.2,0,0.40558,0.579228,0.579228,-0.40558],[27400,0,1.2,0,0.40558,0.579228,0.579228,-0.40558],[27433.3,0,1.2,0,0.40558,0.579228,0.579228,-0.40558],[27466.7,0,1.2,0,0.40558,0.579228,0.579228,-0.40558],[27500,0,1.2,0,0.40558,0.579228,0.579228,-0.40558],[27533.3,0,1.2,0,0.40558,0.579228,0.579228,-0.40558],[27566.7,0,1.2,0,0.40558,0.579228,0.579228,-0.40558],[27600,0,1.2,0,0.40558,0.579228,0.579228,-0.40558],[27633.3,0,1.2,0,0.40558,0.579228,0.579228,-0.40558],[27666.7,0,1.2,0,0.40558,0.579228,0.579228,-0.40558],[27700,0,1.2,0,0.40558,0.579228,0.579228,-0.40558]]},"poseSource":"webxr","marks":[{"t":500,"kind":"checkpoint","label":"door"},{"t":500,"kind":"entrance"},{"t":13100,"kind":"checkpoint","label":"aisle end"},{"t":26700,"kind":"checkpoint","label":"door"}],"events":[]}}
