{"type":"FeatureCollection","localFrame":true,"bearing":0,"features":[{"type":"Feature","geometry":{"type":"LineString","coordinates":[[0,0],[0,0],[0,0],[0,0],[0,0],[0,0],[0,0],[0,0],[0,0],[0,0],[0,0],[0,0],[0,0],[0,0],[0,0],[0,0],[0,0],[0,0],[0,0],[0,0],[0,0],[0,0],[0,0],[0,0],[0,0],[0,0],[0,0],[0,0],[0,0],[0,0],[0,0],[0,0],[0,0],[0,0],[0,0],[0,0],[0,0],[0,0],[0,0],[0,0],[0,0],[0,0],[0,0],[0,0],[0,0],[0,0],[0,0],[0,0],[0,0],[0,0],[0,0],[0,0],[0,0],[0,0],[0,0],[0,0],[0,0],[0,0],[0,0],[0,0],[0,0],[0,4e-7],[0,8e-7],[0,0.0000011],[0,0.0000015],[0,0.0000019],[0,0.0000023],[0,0.0000026],[0,0.000003],[0,0.0000034],[0,0.0000038],[0,0.0000042],[0,0.0000045],[0,0.0000049],[0,0.0000053],[0,0.0000057],[0,0.000006],[0,0.0000064],[0,0.0000068],[0,0.0000072],[0,0.0000076],[0,0.0000079],[0,0.0000083],[0,0.0000087],[0,0.0000091],[0,0.0000094],[0,0.0000098],[0,0.0000102],[0,0.0000106],[0,0.000011],[0,0.0000113],[0,0.0000117],[0,0.0000121],[0,0.0000125],[0,0.0000128],[0,0.0000132],[0,0.0000136],[0,0.000014],[0,0.0000144],[0,0.0000147],[0,0.0000151],[0,0.0000155],[0,0.0000159],[0,0.0000162],[0,0.0000166],[0,0.000017],[0,0.0000174],[0,0.0000178],[0,0.0000181],[0,0.0000185],[0,0.0000189],[0,0.0000193],[0,0.0000196],[0,0.00002],[0,0.0000204],[0,0.0000208],[0,0.0000211],[0,0.0000215],[0,0.0000219],[0,0.0000223],[0,0.0000227],[0,0.000023],[0,0.0000234],[0,0.0000238],[0,0.0000242],[0,0.0000245],[0,0.0000249],[0,0.0000253],[0,0.0000257],[0,0.0000261],[0,0.0000264],[0,0.0000268],[0,0.0000272],[0,0.0000276],[0,0.0000279],[0,0.0000283],[0,0.0000287],[0,0.0000291],[0,0.0000295],[0,0.0000298],[0,0.0000302],[0,0.0000306],[0,0.000031],[0,0.0000313],[0,0.0000317],[0,0.0000321],[0,0.0000325],[0,0.0000329],[0,0.0000332],[0,0.0000336],[0,0.000034],[0,0.0000344],[0,0.0000347],[0,0.0000351],[0,0.0000355],[0,0.0000359],[0,0.0000363],[0,0.0000366],[0,0.000037],[0,0.0000374],[0,0.0000378],[0,0.0000381],[0,0.0000385],[0,0.0000389],[0,0.0000393],[0,0.0000397],[0,0.00004],[0,0.0000404],[0,0.0000408],[0,0.0000412],[0,0.0000415],[0,0.0000419],[0,0.0000423],[0,0.0000427],[0,0.0000431],[0,0.0000434],[0,0.0000438],[0,0.0000442],[0,0.0000446],[0,0.0000449],[0,0.0000453],[0,0.0000457],[0,0.0000461],[0,0.0000465],[0,0.0000468],[0,0.0000472],[0,0.0000476],[0,0.000048],[0,0.0000483],[0,0.0000487],[0,0.0000491],[0,0.0000495],[0,0.0000499],[0,0.0000502],[0,0.0000506],[0,0.000051],[0,0.0000514],[0,0.0000517],[0,0.0000521],[0,0.0000525],[0,0.0000529],[0,0.0000533],[0,0.0000536],[0,0.000054],[0,0.0000544],[0,0.0000548],[0,0.0000551],[0,0.0000555],[0,0.0000559],[0,0.0000563],[0,0.0000567],[0,0.000057],[0,0.0000574],[0,0.0000578],[0,0.0000582],[0,0.0000585],[0,0.0000589],[0,0.0000593],[0,0.0000597],[0,0.00006],[0,0.0000604],[0,0.0000608],[0,0.0000612],[0,0.0000616],[0,0.0000619],[0,0.0000623],[0,0.0000627],[0,0.0000631],[0,0.0000634],[0,0.0000638],[0,0.0000642],[0,0.0000646],[0,0.000065],[0,0.0000653],[0,0.0000657],[0,0.0000661],[0,0.0000665],[0,0.0000668],[0,0.0000672],[0,0.0000676],[0,0.000068],[0,0.0000684],[0,0.0000687],[0,0.0000691],[0,0.0000695],[0,0.0000699],[0,0.0000702],[0,0.0000706],[0,0.000071],[0,0.0000714],[0,0.0000718],[0,0.0000721],[0,0.0000725],[0,0.0000729],[0,0.0000733],[0,0.0000736],[0,0.000074],[0,0.0000744],[0,0.0000748],[0,0.0000752],[0,0.0000755],[0,0.0000759],[0,0.0000763],[0,0.0000767],[0,0.000077],[0,0.0000774],[0,0.0000778],[0,0.0000782],[0,0.0000786],[0,0.0000789],[0,0.0000793],[0,0.0000797],[0,0.0000801],[0,0.0000804],[0,0.0000808],[0,0.0000812],[0,0.0000816],[0,0.000082],[0,0.0000823],[0,0.0000827],[0,0.0000831],[0,0.0000835],[0,0.0000838],[0,0.0000842],[0,0.0000846],[0,0.000085],[0,0.0000854],[0,0.0000857],[0,0.0000861],[0,0.0000865],[0,0.0000869],[0,0.0000872],[0,0.0000876],[0,0.000088],[0,0.000088],[0,0.000088],[0,0.000088],[0,0.000088],[0,0.000088],[0,0.000088],[0,0.000088],[0,0.000088],[0,0.000088],[0,0.000088],[0,0.000088],[0,0.000088],[0,0.000088],[0,0.000088],[0,0.000088],[0,0.000088],[0,0.000088],[0,0.000088],[0,0.000088],[0,0.000088],[0,0.000088],[0,0.000088],[0,0.000088],[0,0.000088],[0,0.000088],[0,0.000088],[0,0.000088],[0,0.000088],[0,0.000088],[0,0.000088],[0,0.000088],[0,0.000088],[0,0.000088],[0,0.000088],[0,0.000088],[0,0.000088],[0,0.000088],[0,0.000088],[0,0.000088],[0,0.000088],[0,0.000088],[0,0.000088],[0,0.000088],[0,0.000088],[0,0.000088],[3e-7,0.000088],[7e-7,0.000088],[0.0000011,0.000088],[0.0000015,0.000088],[0.0000019,0.000088],[0.0000022,0.000088],[0.0000026,0.000088],[0.000003,0.000088],[0.0000034,0.000088],[0.0000037,0.000088],[0.0000041,0.000088],[0.0000045,0.000088],[0.0000049,0.000088],[0.0000052,0.000088],[0.0000056,0.000088],[0.000006,0.000088],[0.0000064,0.000088],[0.0000068,0.000088],[0.0000071,0.000088],[0.0000075,0.000088],[0.0000079,0.000088],[0.0000083,0.000088],[0.0000086,0.000088],[0.000009,0.000088],[0.0000094,0.000088],[0.0000098,0.000088],[0.0000102,0.000088],[0.0000105,0.000088],[0.0000109,0.000088],[0.0000113,0.000088],[0.0000117,0.000088],[0.000012,0.000088],[0.0000124,0.000088],[0.0000128,0.000088],[0.0000132,0.000088],[0.0000136,0.000088],[0.0000139,0.000088],[0.0000143,0.000088],[0.0000147,0.000088],[0.0000151,0.000088],[0.0000154,0.000088],[0.0000158,0.000088],[0.0000162,0.000088],[0.0000166,0.000088],[0.000017,0.000088],[0.0000173,0.000088],[0.0000177,0.000088],[0.0000181,0.000088],[0.0000185,0.000088],[0.0000188,0.000088],[0.0000192,0.000088],[0.0000196,0.000088],[0.00002,0.000088],[0.0000204,0.000088],[0.0000207,0.000088],[0.0000211,0.000088],[0.0000215,0.000088],[0.0000219,0.000088],[0.0000222,0.000088],[0.0000226,0.000088],[0.000023,0.000088],[0.0000234,0.000088],[0.0000238,0.000088],[0.0000241,0.000088],[0.0000245,0.000088],[0.0000249,0.000088],[0.0000253,0.000088],[0.0000256,0.000088],[0.000026,0.000088],[0.0000264,0.000088],[0.0000268,0.000088],[0.0000272,0.000088],[0.0000275,0.000088],[0.0000279,0.000088],[0.0000283,0.000088],[0.0000287,0.000088],[0.000029,0.000088],[0.0000294,0.000088],[0.0000298,0.000088],[0.0000302,0.000088],[0.0000306,0.000088],[0.0000309,0.000088],[0.0000313,0.000088],[0.0000317,0.000088],[0.0000321,0.000088],[0.0000324,0.000088],[0.0000328,0.000088],[0.0000332,0.000088],[0.0000336,0.000088],[0.000034,0.000088],[0.0000343,0.000088],[0.0000347,0.000088],[0.0000351,0.000088],[0.0000355,0.000088],[0.0000358,0.000088],[0.0000362,0.000088],[0.0000366,0.000088],[0.000037,0.000088],[0.0000374,0.000088],[0.0000377,0.000088],[0.0000381,0.000088],[0.0000385,0.000088],[0.0000389,0.000088],[0.0000392,0.000088],[0.0000396,0.000088],[0.00004,0.000088],[0.0000404,0.000088],[0.0000408,0.000088],[0.0000411,0.000088],[0.0000415,0.000088],[0.0000419,0.000088],[0.0000423,0.000088],[0.0000426,0.000088],[0.000043,0.000088],[0.0000434,0.000088],[0.0000438,0.000088],[0.0000442,0.000088],[0.0000445,0.000088],[0.0000449,0.000088],[0.0000453,0.000088],[0.0000457,0.000088],[0.000046,0.000088],[0.0000464,0.000088],[0.0000468,0.000088],[0.0000472,0.000088],[0.0000475,0.000088],[0.0000479,0.000088],[0.0000483,0.000088],[0.0000487,0.000088],[0.0000491,0.000088],[0.0000494,0.000088],[0.0000498,0.000088],[0.0000502,0.000088],[0.0000506,0.000088],[0.0000509,0.000088],[0.0000513,0.000088],[0.0000517,0.000088],[0.0000521,0.000088],[0.0000525,0.000088],[0.0000528,0.000088],[0.0000532,0.000088],[0.0000536,0.000088],[0.000054,0.000088],[0.0000543,0.000088],[0.0000547,0.000088],[0.0000551,0.000088],[0.0000555,0.000088],[0.0000559,0.000088],[0.0000562,0.000088],[0.0000566,0.000088],[0.000057,0.000088],[0.0000574,0.000088],[0.0000577,0.000088],[0.0000581,0.000088],[0.0000585,0.000088],[0.0000589,0.000088],[0.0000593,0.000088],[0.0000596,0.000088],[0.00006,0.000088],[0.0000604,0.000088],[0.0000608,0.000088],[0.0000611,0.000088],[0.0000615,0.000088],[0.0000619,0.000088],[0.0000623,0.000088],[0.0000627,0.000088],[0.0000629,0.000088],[0.0000629,0.000088],[0.0000629,0.000088],[0.0000629,0.000088],[0.0000629,0.000088],[0.0000629,0.000088],[0.0000629,0.000088],[0.0000629,0.000088],[0.0000629,0.000088],[0.0000629,0.000088],[0.0000629,0.000088],[0.0000629,0.000088],[0.0000629,0.000088],[0.0000629,0.000088],[0.0000629,0.000088],[0.0000629,0.000088],[0.0000629,0.000088],[0.0000629,0.000088],[0.0000629,0.000088],[0.0000629,0.000088],[0.0000629,0.000088],[0.0000629,0.000088],[0.0000629,0.000088],[0.0000629,0.000088],[0.0000629,0.000088],[0.0000629,0.000088],[0.0000629,0.000088],[0.0000629,0.000088],[0.0000629,0.000088],[0.0000629,0.000088]]},"properties":{"mode":"vio","steps":0,"turns":0,"distanceMetres":16.8}},{"type":"Feature","geometry":{"type":"LineString","coordinates":[[0,0],[0,0.0000063],[0,0.0000126],[0,0.0000189],[0,0.0000252],[0,0.0000314],[0,0.0000377],[0,0.000044],[0,0.0000503],[0,0.0000566],[0,0.0000629],[0,0.0000692],[0,0.0000755],[0,0.0000817],[0,0.000088],[0.0000063,0.000088],[0.0000126,0.000088],[0.0000189,0.000088],[0.0000252,0.000088],[0.0000314,0.000088],[0.0000377,0.000088],[0.000044,0.000088],[0.0000503,0.000088],[0.0000566,0.000088],[0.0000629,0.000088]]},"properties":{"mode":"pdr:own:gyro:snap","steps":24,"turns":1,"distanceMetres":16.8}},{"type":"Feature","geometry":{"type":"LineString","coordinates":[[0,0],[1e-7,0.0000063],[0,0.0000126],[1e-7,0.0000189],[-1e-7,0.0000251],[0,0.0000314],[-2e-7,0.0000377],[-1e-7,0.000044],[-3e-7,0.0000503],[-2e-7,0.0000566],[-5e-7,0.0000629],[-4e-7,0.0000691],[-6e-7,0.0000754],[-6e-7,0.0000817],[-8e-7,0.000088],[0.0000055,0.000088],[0.0000117,0.0000883],[0.000018,0.0000883],[0.0000243,0.0000886],[0.0000306,0.0000886],[0.0000369,0.0000889],[0.0000432,0.000089],[0.0000494,0.0000893],[0.0000557,0.0000894],[0.000062,0.0000897]]},"properties":{"mode":"pdr:own:gyro","steps":24,"turns":0,"distanceMetres":16.8}},{"type":"Feature","geometry":{"type":"LineString","coordinates":[[0,0],[0,0.0000063],[0,0.0000126],[0,0.0000189],[0,0.0000252],[0,0.0000314],[0,0.0000377],[0,0.000044],[0,0.0000503],[0,0.0000566],[0,0.0000629],[0,0.0000692],[0,0.0000755],[0,0.0000817],[0,0.000088],[0.0000063,0.000088],[0.0000126,0.000088],[0.0000189,0.000088],[0.0000252,0.000088],[0.0000314,0.000088],[0.0000377,0.000088],[0.000044,0.000088],[0.0000503,0.000088],[0.0000566,0.000088],[0.0000629,0.000088]]},"properties":{"mode":"pdr:own:game:snap","steps":24,"turns":1,"distanceMetres":16.8}},{"type":"Feature","geometry":{"type":"LineString","coordinates":[[0,0],[1e-7,0.0000063],[-1e-7,0.0000126],[1e-7,0.0000189],[-1e-7,0.0000251],[0,0.0000314],[-2e-7,0.0000377],[0,0.000044],[-2e-7,0.0000503],[-1e-7,0.0000566],[-3e-7,0.0000629],[-1e-7,0.0000691],[-3e-7,0.0000754],[-2e-7,0.0000817],[-3e-7,0.000088],[0.000006,0.0000878],[0.0000123,0.000088],[0.0000185,0.0000878],[0.0000248,0.000088],[0.0000311,0.0000878],[0.0000374,0.000088],[0.0000437,0.0000878],[0.00005,0.000088],[0.0000563,0.0000878],[0.0000625,0.000088]]},"properties":{"mode":"pdr:own:game","steps":24,"turns":0,"distanceMetres":16.8}},{"type":"Feature","geometry":{"type":"LineString","coordinates":[[0,0],[0,0.0000063],[0,0.0000126],[0,0.0000189],[0,0.0000252],[0,0.0000314],[0,0.0000377],[0,0.000044],[0,0.0000503],[0,0.0000566],[0,0.0000629],[0,0.0000692],[0,0.0000755],[0,0.0000817],[0,0.000088],[0.0000063,0.000088],[0.0000126,0.000088],[0.0000189,0.000088],[0.0000252,0.000088],[0.0000314,0.000088],[0.0000377,0.000088],[0.000044,0.000088],[0.0000503,0.000088],[0.0000566,0.000088],[0.0000629,0.000088]]},"properties":{"mode":"pdr:hw:gyro:snap","steps":24,"turns":1,"distanceMetres":16.8}},{"type":"Feature","geometry":{"type":"LineString","coordinates":[[0,0],[1e-7,0.0000063],[0,0.0000126],[1e-7,0.0000189],[-1e-7,0.0000251],[0,0.0000314],[-2e-7,0.0000377],[-1e-7,0.000044],[-3e-7,0.0000503],[-2e-7,0.0000566],[-5e-7,0.0000629],[-4e-7,0.0000691],[-6e-7,0.0000754],[-6e-7,0.0000817],[-8e-7,0.000088],[0.0000055,0.000088],[0.0000117,0.0000883],[0.000018,0.0000883],[0.0000243,0.0000886],[0.0000306,0.0000886],[0.0000369,0.0000889],[0.0000432,0.000089],[0.0000494,0.0000893],[0.0000557,0.0000894],[0.000062,0.0000897]]},"properties":{"mode":"pdr:hw:gyro","steps":24,"turns":0,"distanceMetres":16.8}},{"type":"Feature","geometry":{"type":"LineString","coordinates":[[0,0],[0,0.0000063],[0,0.0000126],[0,0.0000189],[0,0.0000252],[0,0.0000314],[0,0.0000377],[0,0.000044],[0,0.0000503],[0,0.0000566],[0,0.0000629],[0,0.0000692],[0,0.0000755],[0,0.0000817],[0,0.000088],[0.0000063,0.000088],[0.0000126,0.000088],[0.0000189,0.000088],[0.0000252,0.000088],[0.0000314,0.000088],[0.0000377,0.000088],[0.000044,0.000088],[0.0000503,0.000088],[0.0000566,0.000088],[0.0000629,0.000088]]},"properties":{"mode":"pdr:hw:game:snap","steps":24,"turns":1,"distanceMetres":16.8}},{"type":"Feature","geometry":{"type":"LineString","coordinates":[[0,0],[1e-7,0.0000063],[-1e-7,0.0000126],[1e-7,0.0000189],[-1e-7,0.0000251],[0,0.0000314],[-2e-7,0.0000377],[0,0.000044],[-2e-7,0.0000503],[-1e-7,0.0000566],[-3e-7,0.0000629],[-1e-7,0.0000691],[-3e-7,0.0000754],[-2e-7,0.0000817],[-3e-7,0.000088],[0.000006,0.0000878],[0.0000122,0.000088],[0.0000185,0.0000879],[0.0000248,0.000088],[0.0000311,0.0000879],[0.0000374,0.000088],[0.0000437,0.0000879],[0.00005,0.000088],[0.0000562,0.0000879],[0.0000625,0.000088]]},"properties":{"mode":"pdr:hw:game","steps":24,"turns":0,"distanceMetres":16.8}},{"type":"Feature","geometry":{"type":"Point","coordinates":[0,0]},"properties":{"mark":"entrance","t":500,"mode":"pdr:own:gyro:snap"}},{"type":"Feature","geometry":{"type":"Point","coordinates":[0,0.000088]},"properties":{"mark":"checkpoint","label":"corner","t":9770,"mode":"pdr:own:gyro:snap"}},{"type":"Feature","geometry":{"type":"Point","coordinates":[0.0000629,0.000088]},"properties":{"mark":"checkout","t":16820,"mode":"pdr:own:gyro:snap"}}],"walk":{"format":"shop-walk","version":1,"id":"6f1c2a90-0d5e-4b7a-9c43-2f6a1d9e0002","name":"L shape","startedAt":"2026-09-28T10:10:00+02:00","durationMs":17820,"source":{"platform":"web","app":"recorder-fixture-generator","appVersion":"1"},"holding":"flat","settings":{"stepMetres":0.7,"cellMetres":0.5},"streams":{"motion":[[0,-0.0428,-0.1847,9.7645,-0.00528,0.00384,0.00366],[10,0.08,0.0791,9.7351,0.00246,0.00271,0.00779],[20,0.351,-0.1002,9.8086,-0.00511,-0.01964,0.01821],[30,0.0116,0.458,10.0774,0.00368,0.00629,0.00682],[40,-0.0697,0.0351,9.9044,-0.00239,0.00849,0.00443],[50,-0.0504,0.0489,9.7177,0.0222,-0.01168,0.0056],[60,-0.0447,-0.1292,9.78,0.0014,-0.00761,0.01079],[70,0.0919,0.0383,9.6637,0.00666,0.00933,0.0133],[80,0.0989,0.0188,9.7811,-0.00634,0.00603,0.00824],[90,0.0869,0.1183,9.5247,-0.00125,-0.00452,0.01043],[100,-0.0614,-0.1796,9.6713,-0.00241,0.01127,-0.00602],[110,0.1195,0.0871,10.0235,0.00621,-0.00516,0.00727],[120,-0.1397,0.0592,9.6472,0.00381,0.00409,-0.00906],[130,0.118,0.1498,9.7674,0.00356,0.01279,-0.00094],[140,0.03,0.1063,9.675,0.00492,-0.01483,-0.00979],[150,0.1253,-0.0012,9.6565,0.01431,-0.00165,0.01706],[160,-0.1478,-0.1343,9.599,0.00858,-0.00856,0.0057],[170,-0.2976,-0.0716,9.736,-0.00337,-0.01618,-0.00578],[180,-0.0946,0.0108,9.6545,-0.0015,-0.01073,-0.00425],[190,-0.2531,-0.0601,9.693,0.00591,0.0014,-0.00848],[200,0.1608,0.1395,9.8752,0.02214,-0.00882,0.00302],[210,-0.2035,0.0105,9.6178,0.00726,-0.00474,0.00036],[220,0.1882,-0.0826,9.8048,0.00013,0.00286,0.00562],[230,0.0039,-0.1004,9.6175,-0.00214,0.01019,-0.00412],[240,0.1082,-0.0611,9.8262,0.00196,0.01192,0.00184],[250,-0.1371,-0.2237,9.6557,-0.00935,0.00164,-0.00285],[260,0.2248,-0.0367,9.8256,0.00531,-0.00434,0.00016],[270,0.0015,-0.214,9.7367,0.00448,-0.00925,0.00635],[280,0.0373,0.104,9.7221,0.00522,-0.00625,-0.0003],[290,-0.1348,0.0419,9.8576,-0.00584,0.00767,-0.00321],[300,-0.2172,-0.0053,9.8015,-0.0012,-0.0051,0.00939],[310,0.05,0.0161,9.8209,-0.00641,-0.00098,-0.01132],[320,0.1824,-0.0781,9.8803,-0.00827,0.01964,0.00175],[330,0.0944,-0.0403,9.6509,-0.00604,0.00189,0.00337],[340,0.1475,0.1632,9.8962,-0.00197,-0.00317,0.01314],[350,-0.1469,-0.2203,9.8121,-0.00589,-0.01712,0.00431],[360,-0.0672,-0.1317,9.8674,0.00337,0.00882,0.00349],[370,0.0152,-0.1558,9.8517,0.00093,0.01023,0.01703],[380,-0.0102,-0.0032,9.9222,-0.00483,0.00688,0.00025],[390,-0.1127,-0.0689,9.8663,0.01638,-0.00851,-0.01079],[400,-0.0126,0.2466,9.9025,-0.00015,0.00991,-0.00266],[410,0.0316,-0.0877,9.8982,-0.0028,0.01653,-0.00647],[420,-0.0369,0.105,10.028,-0.01439,-0.00237,-0.01163],[430,-0.1925,0.003,9.7621,0.01304,-0.00179,-0.00338],[440,0.0368,0.1016,9.8477,0.00355,0.01146,0.00595],[450,0.0488,-0.0577,9.7545,-0.00681,0.00057,-0.00583],[460,-0.206,0.0121,9.8277,0.00181,-0.00548,0.01215],[470,-0.189,0.0125,9.7276,-0.00302,0.00661,0.00679],[480,-0.067,-0.1455,9.8228,0.01385,0.00105,0.00796],[490,0.2766,0.0634,9.9057,0.0067,0.00457,0.01218],[500,-0.1737,-0.0122,9.5756,0.00708,0.00726,0.00016],[510,0.1017,0.034,9.9441,0.01932,-0.00168,0.00885],[520,0.111,-0.0369,9.8464,0.00624,0.00337,-0.00229],[530,-0.0926,0.0755,9.8047,0.00215,0.01142,-0.00767],[540,0.0417,0.1313,9.9017,-0.00456,0.00917,0.00297],[550,0.0342,-0.0846,9.8638,0.01149,0.00223,-0.00026],[560,-0.0119,-0.1771,9.7884,-0.00997,-0.01839,0.00581],[570,-0.0329,-0.0856,9.9325,0.00753,-0.00215,0.02527],[580,0.0396,-0.0018,9.5829,-0.0044,0.00519,-0.00189],[590,0.1967,-0.0631,9.9261,0.01274,0.01801,-0.00253],[600,0.0411,0.1808,9.802,0.0083,0.00156,0.02207],[610,-0.1813,0.0144,9.9889,0.01664,-0.01873,-0.00666],[620,0.1999,0.0653,9.6506,0.00303,0.00214,0.00091],[630,-0.0507,-0.1329,9.9619,-0.00192,0.00718,0.00531],[640,-0.0326,0.2679,9.6186,0.009,0.00503,0.00951],[650,-0.2633,0.1065,9.7503,0.00499,0.00415,0.00096],[660,0.0627,-0.0539,9.7366,-0.00208,0.00619,-0.01011],[670,0.0876,-0.0506,9.8328,0.00468,-0.00521,-0.0057],[680,-0.0249,-0.1495,9.8272,0.00269,-0.00112,-0.00117],[690,-0.0421,0.1417,9.6811,0.00256,0.0097,0.00651],[700,0.22,0.1033,9.6825,-0.0021,-0.00184,-0.01112],[710,-0.0586,-0.2551,9.7925,0.00025,0.02465,-0.00229],[720,-0.2081,-0.0241,9.8122,-0.00231,0.0101,0.00624],[730,-0.0972,0.1081,9.8881,0.00897,-0.00242,0.0185],[740,0.0996,0.0355,10.0674,0.0021,0.01592,0.00382],[750,0.0335,-0.0917,9.9942,0.00158,-0.00682,-0.015],[760,0.2469,0.0799,9.7716,0.00423,-0.0061,0.00887],[770,-0.107,0.2258,9.7129,-0.00167,0.01715,-0.00425],[780,-0.0139,0.0055,9.9675,0.00117,-0.004,-0.01149],[790,0.1971,-0.168,10.0839,0.00168,-0.0075,-0.00256],[800,0.018,-0.2855,9.8432,-0.02647,0.01371,0.01071],[810,-0.1026,0.1011,9.848,0.00534,0.00555,0.00921],[820,0.0685,-0.3086,9.8263,-0.00293,0.0058,0.00355],[830,0.1593,0.1926,9.8338,-0.00304,-0.0049,0.0099],[840,0.1038,0.0711,9.706,-0.00027,0.00083,0.00459],[850,-0.01,0.0052,9.6995,-0.00771,0.00456,-0.00507],[860,-0.0189,-0.0626,9.8619,-0.00235,-0.0018,0.00015],[870,0.0887,-0.3462,9.6446,-0.00677,-0.00358,-0.00194],[880,-0.081,-0.1559,9.8432,0.00981,0.00012,0.02391],[890,0.1362,0.0755,9.7499,-0.00789,-0.00373,0.00202],[900,0.0223,-0.1478,9.9788,-0.00274,0.01071,-0.0105],[910,0.0064,0.0874,9.8152,-0.0016,0.0035,-0.00068],[920,-0.0249,0.0682,9.772,-0.00044,0.0111,-0.00298],[930,0.0405,-0.0497,9.8584,-0.00076,0.00381,0.01115],[940,0.1336,0.0349,9.8553,0.01677,-0.01016,-0.00253],[950,0.0685,-0.1401,9.5209,0.01021,-0.0047,0.00132],[960,-0.0826,-0.143,9.8676,0.01082,-0.00091,0.00273],[970,-0.0987,-0.0922,9.8922,-0.00067,0.01445,-0.0008],[980,-0.0719,-0.1077,9.8192,0.00293,0.01021,0.01117],[990,-0.0132,-0.1314,9.6352,-0.00841,-0.00281,-0.01058],[1000,-0.0259,-0.08,9.7391,0.01298,-0.00241,-0.00045],[1010,0.012,0.1975,9.8292,-0.00138,-0.00578,-0.00403],[1020,0.0002,-0.0111,9.7839,-0.00428,0.00401,0.00632],[1030,0.0416,0.1259,9.8266,0.00572,0.00469,0.00966],[1040,-0.0556,-0.1082,9.9954,0.0025,0.00982,0.02201],[1050,-0.2488,-0.0527,9.758,0.00493,-0.00617,-0.00562],[1060,-0.0499,-0.0495,9.8926,-0.00318,-0.01057,-0.00289],[1070,0.1944,0.1099,9.736,0.00046,0.01125,0.00457],[1080,-0.0501,-0.0331,9.5343,0.00661,0.01795,0.0071],[1090,-0.2267,-0.046,9.8988,0.01229,0.0035,-0.00367],[1100,-0.0797,0.0814,9.7058,-0.00037,-0.0038,-0.00282],[1110,-0.0329,0.0827,9.7308,-0.00447,-0.00421,0.00166],[1120,0.1009,0.3989,9.7757,0.00839,-0.0047,0.00879],[1130,0.0243,-0.0524,9.9301,0.00667,-0.00099,-0.02008],[1140,0.1829,-0.041,9.8186,0.00072,-0.01449,-0.00683],[1150,0.0266,-0.1268,9.8102,-0.00142,0.00016,-0.0051],[1160,-0.0813,0.0752,9.7344,-0.00459,-0.00543,-0.00387],[1170,-0.2345,0.228,9.7624,0.00253,0.00764,0.0044],[1180,0.0581,-0.0341,9.7968,0.01409,0.00378,-0.00034],[1190,-0.202,-0.1888,9.7735,0.00476,0.00807,0.00523],[1200,0.0433,0.1492,9.982,-0.00979,-0.00856,-0.01385],[1210,-0.0685,-0.0494,9.7491,0.00547,-0.00228,-0.00567],[1220,-0.1183,-0.0859,9.8237,-0.00315,-0.01588,-0.01048],[1230,0.1109,-0.1916,9.8858,0.00029,-0.00057,0.0048],[1240,-0.1937,-0.1994,9.7393,0.01027,-0.00932,0.00561],[1250,-0.1395,-0.0415,9.7731,-0.00376,0.0048,-0.00586],[1260,0.0668,-0.0121,9.9112,0.00201,-0.00427,0.01065],[1270,0.1314,0.0797,9.7081,0.00796,-0.00074,0.00068],[1280,0.0213,0.0628,9.8369,-0.0009,0.00277,0.00041],[1290,0.1625,0.0363,9.9001,-0.00166,0.01389,-0.00316],[1300,-0.1779,0.1136,9.983,0.01402,0.00216,-0.00755],[1310,0.1268,0.1986,9.798,-0.00264,0.01594,0.01897],[1320,-0.0785,0.0379,9.9341,-0.00067,0.00504,-0.00666],[1330,0.131,-0.0715,9.9159,-0.00885,0.02039,0.00077],[1340,0.1081,0.135,10.0484,-0.01299,0.00764,0.0104],[1350,-0.019,0.0187,9.6611,-0.00628,0.00057,-0.00758],[1360,0.0081,-0.027,9.8764,0.00969,0.00475,0.00382],[1370,-0.0245,-0.2604,9.8029,0.01035,0.00284,0.01685],[1380,-0.0405,-0.0959,9.6955,0.00945,-0.00164,0.00605],[1390,-0.0452,0.0261,9.7376,-0.00509,0.00272,0.01257],[1400,0.0859,0.0618,9.7898,-0.00002,0.00624,-0.00197],[1410,-0.0608,0.0577,9.7864,-0.00602,-0.01502,0.00846],[1420,0.0134,0.1438,9.8589,0.00021,-0.0081,0.00331],[1430,-0.0557,0.0478,9.986,-0.01029,-0.00935,0.00375],[1440,-0.0737,0.09,9.6741,0.00019,-0.00361,0.01018],[1450,-0.1051,0.1435,9.7837,0.00133,-0.00743,0.00368],[1460,0.0675,-0.0524,9.8601,-0.00584,0.00414,-0.01155],[1470,-0.0056,-0.0999,9.9469,0.01534,0.0029,0.01567],[1480,0.0498,0.1126,9.8464,-0.00034,0.00945,-0.00826],[1490,0.149,-0.0291,9.956,-0.01093,0.00772,0.0008],[1500,-0.1565,-0.0666,9.7409,-0.00975,-0.00293,-0.01539],[1510,0.0703,0.1654,9.6233,0.01733,-0.00456,-0.00784],[1520,0.0194,-0.0299,9.7818,0.00434,0.00078,-0.00109],[1530,-0.082,-0.042,9.4801,-0.00177,0.00664,0.00111],[1540,0.2179,0.1662,9.8478,-0.00086,0.00534,0.004],[1550,0.0683,0.066,9.8062,0.01522,-0.00275,-0.01267],[1560,-0.1144,-0.1283,9.9985,-0.00426,-0.00699,0.00995],[1570,0.0962,-0.0981,9.972,0.00598,-0.00936,0.01761],[1580,-0.0766,0.1531,9.9973,0.00737,-0.00536,0.00391],[1590,-0.063,0.2096,10.0415,0.01077,0.0002,0.00836],[1600,0.0145,0.1025,9.9933,0.00848,0.00244,0.00155],[1610,-0.1125,0.0486,9.6287,-0.00847,-0.00133,0.00213],[1620,0.073,-0.0763,9.6826,0.00871,0.01337,0.00492],[1630,0.0922,0.1182,10.0158,-0.00294,-0.00389,0.01742],[1640,-0.0457,-0.2142,9.8544,0.00923,0.00394,-0.00176],[1650,-0.1211,-0.013,10.0194,0.00638,0.00038,-0.0159],[1660,0.1499,0.0916,9.9016,-0.01389,-0.00928,0.00986],[1670,-0.2361,0.1516,9.4824,0.00198,0.00308,0.0012],[1680,0.139,0.0106,9.9994,-0.00468,0.0107,0.00905],[1690,0.2319,-0.1506,9.6916,-0.00433,-0.01331,-0.01051],[1700,-0.0783,-0.0717,9.7724,-0.00065,-0.0132,-0.00652],[1710,-0.1397,-0.0248,9.8059,-0.01949,-0.00593,0.00162],[1720,-0.1704,-0.1057,10.0058,-0.00064,0.00278,-0.01016],[1730,0.1837,0.0544,9.8963,0.00702,-0.00025,-0.00091],[1740,0.0495,-0.1053,9.629,-0.00445,-0.00994,-0.01002],[1750,-0.1738,-0.1388,9.8018,0.0016,0.00012,0.00581],[1760,0.1501,-0.2176,9.9507,0.01199,-0.0011,0.01713],[1770,0.102,0.0285,9.5822,0.00389,-0.00367,0.01091],[1780,0.2189,-0.0822,9.863,0.01078,-0.00138,0.00556],[1790,-0.0105,0.1882,9.8441,0.01003,0.009,0.01171],[1800,0.0647,-0.1653,9.8937,0.00897,0.01287,-0.01728],[1810,-0.1376,-0.0791,9.9636,0.01141,0.00185,0.00431],[1820,-0.0924,0.0496,9.6333,-0.00077,-0.01222,0.00282],[1830,-0.079,0.1264,9.8579,-0.0062,0.00187,0.00678],[1840,-0.0066,-0.0571,9.8585,0.00602,0.00046,-0.00657],[1850,-0.3485,-0.0326,9.958,-0.00407,0.00518,0.00421],[1860,-0.0823,-0.0122,9.926,0.0041,-0.01175,0.00244],[1870,0.1433,-0.0169,9.9101,0.00426,-0.00334,-0.00376],[1880,-0.2011,0.2321,9.9225,0.01369,0.01229,0.00746],[1890,0.1624,0.1041,9.7798,-0.00221,0.00788,-0.00253],[1900,-0.1768,-0.0595,9.6906,0.01567,0.01455,-0.00525],[1910,0.0264,0.0809,9.9633,0.00965,-0.00121,0.00803],[1920,0.0228,0.0424,9.8793,0.00318,0.00273,0.01821],[1930,0.0653,0.2709,10.0264,0.00126,0.00043,-0.00478],[1940,-0.0444,-0.0908,9.7834,-0.00092,0.00281,0.01119],[1950,-0.0471,0.1206,9.9097,-0.0001,-0.00512,0.00069],[1960,-0.024,-0.0122,9.8453,0.0022,0.01739,0.00373],[1970,0.1312,0.116,9.7133,-0.00116,-0.00037,-0.01386],[1980,-0.0286,0.066,9.5619,0.01644,0.00567,-0.00512],[1990,0.0531,-0.1809,9.7757,-0.00599,0.00908,0.02073],[2000,0.1046,0.6586,9.9068,0.00844,-0.01012,-0.14428],[2010,0.0835,0.7788,10.2716,-0.00153,-0.00012,-0.1391],[2020,-0.0124,0.7684,10.3971,0.00066,0.00233,-0.15243],[2030,0.1312,0.659,10.7823,-0.01474,-0.00836,-0.14641],[2040,0.1276,0.6254,11.1013,0.00302,0.00588,-0.13469],[2050,0.213,0.6184,11.2224,0.00657,0.00868,-0.15634],[2060,0.0136,0.322,11.1759,-0.00355,0.00547,-0.13602],[2070,0.025,0.3773,11.647,0.00073,-0.00215,-0.12935],[2080,0.2335,0.49,11.6976,0.00549,-0.0074,-0.12304],[2090,0.1432,0.5857,12.1425,0.00221,-0.02004,-0.13538],[2100,0.1744,0.573,12.1733,-0.00171,0.00476,-0.12437],[2110,0.2598,0.5057,12.0554,0.00704,0.00779,-0.11354],[2120,0.2023,0.5509,12.2942,-0.00071,0.00815,-0.11241],[2130,0.4009,0.3699,12.0465,0.00303,0.00463,-0.09627],[2140,0.0979,0.3167,12.3656,-0.00825,-0.01896,-0.10355],[2150,0.2692,0.0648,12.6052,-0.00673,-0.00051,-0.09036],[2160,0.2892,0.0155,12.1389,-0.00601,-0.00575,-0.08836],[2170,0.3721,0.0818,11.8405,-0.00659,0.00195,-0.07879],[2180,0.3158,-0.185,12.0101,0.00352,-0.00333,-0.07323],[2190,0.144,-0.1217,11.919,-0.01292,0.00176,-0.08891],[2200,0.5232,-0.1377,11.6853,0.00509,-0.00477,-0.05703],[2210,0.7066,-0.1533,11.5633,-0.00718,-0.01412,-0.04885],[2220,0.3692,-0.2612,11.3619,0.00127,0.00328,-0.03697],[2230,0.2994,-0.3529,10.8634,0.00583,0.0128,-0.05404],[2240,0.3366,-0.1808,10.687,-0.0075,0.00135,-0.02519],[2250,0.2023,-0.4581,10.2714,0.00081,0.0078,-0.01313],[2260,0.5091,-0.3669,10.4034,0.00276,0.0059,-0.02199],[2270,0.2746,-0.4814,9.6939,0.00332,-0.01047,0.01667],[2280,0.2572,-0.6102,9.5426,0.00954,-0.01122,-0.0085],[2290,0.3099,-0.6948,9.2957,0.00912,0.0047,0.01545],[2300,0.5113,-0.4648,8.906,0.00786,-0.01304,0.03278],[2310,0.6928,-0.5267,8.919,-0.00635,-0.00119,0.03816],[2320,0.3563,-0.6429,8.6159,0.00178,0.00598,0.0376],[2330,0.3355,-0.6743,8.3067,-0.00014,-0.00056,0.04284],[2340,0.2371,-0.6993,8.2169,0.02084,-0.00399,0.05168],[2350,0.2926,-0.7954,7.9579,0.01579,0.00325,0.08229],[2360,0.2253,-0.5045,7.7489,-0.00517,-0.00765,0.06618],[2370,0.4617,-0.529,7.6627,-0.00885,-0.00061,0.07812],[2380,0.5178,-0.5173,7.4953,0.00815,0.0012,0.07514],[2390,0.16,-0.2458,7.2692,0.00365,-0.01671,0.09955],[2400,0.2666,-0.3253,7.4493,-0.01006,0.00218,0.09177],[2410,-0.1379,-0.3158,7.2527,-0.00309,-0.01261,0.11218],[2420,0.0068,-0.3943,7.4956,-0.00819,0.00667,0.12418],[2430,0.2459,-0.2854,7.4558,-0.00251,0.00554,0.1215],[2440,0.139,0.1538,7.4609,-0.003,-0.00392,0.11373],[2450,0.0432,-0.2387,7.4517,0.00528,-0.01821,0.11655],[2460,-0.046,-0.2054,7.593,-0.00713,-0.00976,0.1403],[2470,0.2865,0.2544,7.7241,0.00279,-0.01023,0.12496],[2480,0.1045,-0.1595,8.0278,0.00771,0.00119,0.13763],[2490,0.0985,0.0168,8.1356,0.00792,0.00465,0.12919],[2500,0.0736,0.3724,8.2726,-0.00057,-0.00735,0.13387],[2510,0.1658,0.506,8.3125,0.00579,0.00277,0.13785],[2520,-0.0736,0.2567,8.8775,0.00267,-0.00093,0.15631],[2530,0.253,0.4,9.0644,0.0035,-0.00579,0.14461],[2540,0.011,0.414,9.381,-0.00886,-0.00412,0.15178],[2550,0.2926,0.3416,9.5368,-0.00371,0.01493,0.15049],[2560,-0.053,0.5068,10.1713,0.02109,-0.00213,0.15469],[2570,0.1321,0.6766,10.4206,0.00162,-0.0079,0.14696],[2580,0.0678,0.7559,10.4673,0.0001,-0.00279,0.1381],[2590,0.0227,0.7206,10.8527,0.00102,-0.01241,0.14577],[2600,-0.2206,0.9488,11.0787,0.00269,0.0153,0.14826],[2610,-0.0286,0.6195,11.1007,-0.00118,-0.01,0.13599],[2620,0.0115,0.7251,11.6751,-0.00395,-0.00415,0.13984],[2630,-0.2056,0.6791,11.704,-0.00213,-0.00998,0.12547],[2640,0.0326,0.6003,11.832,-0.00798,-0.00925,0.13237],[2650,-0.1716,0.5374,11.9577,0.01167,-0.00132,0.12259],[2660,-0.4338,0.6444,12.0653,0.00274,-0.00449,0.12482],[2670,-0.2579,0.5592,12.3492,-0.01212,0.0023,0.10537],[2680,-0.1766,0.4813,12.326,0.00699,-0.00555,0.10484],[2690,-0.2521,0.2943,12.3465,-0.0006,-0.00082,0.10413],[2700,-0.0238,0.4366,12.3312,0.00867,0.01026,0.08792],[2710,-0.2406,0.1919,12.0428,-0.01403,0.0119,0.09728],[2720,-0.0457,0.0594,12.2425,-0.00963,0.00927,0.09735],[2730,-0.3992,0.0858,12.1983,0.00697,-0.00552,0.08206],[2740,-0.5346,-0.1702,11.9298,-0.01103,0.00911,0.07337],[2750,-0.4903,-0.1362,11.8878,-0.00997,-0.01134,0.06572],[2760,-0.331,-0.1603,11.6536,0.00713,0.00778,0.05525],[2770,-0.2105,-0.1862,11.5224,-0.01381,-0.00774,0.05791],[2780,-0.2413,-0.2915,11.3965,0.00692,-0.01355,0.0432],[2790,-0.2531,-0.255,11.0644,-0.00524,-0.00527,0.04595],[2800,-0.4344,-0.3312,10.6385,0.00933,0.00775,0.02193],[2810,-0.3325,-0.5325,10.3308,-0.00237,-0.00004,0.02523],[2820,-0.3795,-0.4899,10.1513,0.00417,-0.01001,0.02583],[2830,-0.2977,-0.5619,9.862,-0.00105,-0.00572,0.00158],[2840,-0.2524,-0.5125,9.4647,0.01671,0.00856,-0.00033],[2850,-0.5649,-0.6072,9.4929,0.00417,-0.00098,-0.01302],[2860,-0.2424,-0.526,8.9124,-0.00247,0.0068,-0.01657],[2870,-0.2601,-0.5806,8.8666,0.00469,0.00626,-0.0254],[2880,-0.1081,-0.653,8.4004,-0.0026,-0.00587,-0.03643],[2890,-0.2223,-0.7368,8.1072,0.00886,0.00724,-0.05146],[2900,-0.3952,-0.638,8.0088,-0.00465,-0.00472,-0.04282],[2910,-0.1267,-0.6432,7.9557,-0.00448,0.00016,-0.06567],[2920,-0.3589,-0.4182,7.5361,0.00723,0.00077,-0.0656],[2930,-0.2636,-0.6412,7.322,-0.00501,0.01089,-0.06363],[2940,-0.1178,-0.5023,7.285,0.01068,-0.01175,-0.08822],[2950,-0.2152,-0.5691,7.2257,-0.00446,-0.0129,-0.09226],[2960,-0.2919,-0.4638,7.5179,-0.00159,0.00996,-0.1019],[2970,-0.2339,-0.3672,7.4408,0.00097,0.01457,-0.11942],[2980,-0.4157,-0.321,7.3736,-0.00166,-0.01032,-0.12038],[2990,-0.2294,-0.0663,7.528,0.00934,0.00194,-0.11249],[3000,-0.2673,-0.0859,7.4827,0.00104,0.0049,-0.12003],[3010,-0.1477,0.1289,7.693,0.00511,-0.00331,-0.11137],[3020,0.0255,0.049,7.6805,0.0077,0.01011,-0.1238],[3030,-0.3263,-0.1073,7.7855,0.00558,-0.01202,-0.12176],[3040,0.0864,0.3306,8.014,-0.01072,-0.00411,-0.13875],[3050,-0.0914,0.402,8.1734,-0.00054,0.00138,-0.13651],[3060,-0.139,0.3371,8.3479,0.00494,-0.00385,-0.14911],[3070,0.0233,0.2922,8.7003,-0.00455,0.00186,-0.13477],[3080,-0.3696,0.3356,8.8459,0.00109,0.01784,-0.14547],[3090,-0.0826,0.4306,9.2377,0.01661,0.00535,-0.14196],[3100,0.0036,0.6408,9.4745,0.00188,0.00713,-0.15401],[3110,-0.0844,0.5134,9.6728,-0.00455,0.00846,-0.14566],[3120,0.0279,0.5693,10.09,-0.01159,-0.00911,-0.1544],[3130,-0.0603,0.4271,10.4132,0.00438,-0.01141,-0.1453],[3140,-0.0524,0.4358,10.7511,-0.01033,0.00103,-0.14046],[3150,-0.0571,0.8215,10.7792,0.00152,0.01405,-0.14272],[3160,-0.1029,0.8525,11.3751,-0.00874,-0.00095,-0.14185],[3170,0.3056,0.4911,11.3315,-0.00216,-0.01149,-0.13205],[3180,0.1476,0.3007,11.5948,-0.00269,-0.00142,-0.13056],[3190,0.215,0.4179,11.6949,-0.01415,0.00922,-0.12395],[3200,0.3095,0.4513,11.8144,0.00105,-0.00239,-0.12112],[3210,-0.1514,0.4227,11.899,0.00553,0.0205,-0.1305],[3220,0.293,0.4858,12.0578,-0.00168,-0.00565,-0.1213],[3230,0.3471,0.3308,12.1031,0.01152,-0.00269,-0.11191],[3240,0.0175,0.4459,12.4207,0.01535,-0.00689,-0.10347],[3250,0.296,0.2789,12.3012,0.00165,-0.00001,-0.1002],[3260,0.3146,0.2382,12.2753,-0.00121,-0.00193,-0.09007],[3270,0.4538,0.1031,12.293,0.00439,-0.00256,-0.08565],[3280,0.5817,0.1544,12.2799,0.00099,0.00844,-0.09153],[3290,0.4813,0.0747,11.9307,-0.00282,0.00568,-0.07924],[3300,0.182,0.0998,12.1837,-0.00465,-0.00801,-0.0713],[3310,0.2164,-0.1108,11.8037,-0.00056,0.01711,-0.0469],[3320,0.2685,-0.1985,11.5009,-0.00587,0.00544,-0.03849],[3330,0.2711,-0.2557,11.2818,0.00078,0.00799,-0.04272],[3340,0.3155,-0.1802,11.2544,-0.01692,-0.00533,-0.02087],[3350,0.501,-0.2764,10.8938,0.00003,0.00873,-0.02558],[3360,0.244,-0.2426,10.6629,0.0132,0.00869,-0.02138],[3370,0.4085,-0.5046,10.3166,0.00278,-0.00149,-0.01007],[3380,0.4131,-0.3738,9.8207,-0.01355,0.00532,-0.00279],[3390,0.303,-0.3375,9.5244,-0.00556,0.01068,-0.00854],[3400,0.2281,-0.6439,9.6446,-0.00611,0.0093,-0.00073],[3410,0.2865,-0.637,9.2706,-0.01006,-0.00495,0.0062],[3420,0.376,-0.4756,8.7252,-0.00757,0.00209,0.0355],[3430,0.2733,-0.9207,8.7492,0.009,0.01096,0.03785],[3440,0.347,-0.904,8.3157,0.00355,-0.00621,0.04645],[3450,0.4004,-0.6441,8.1311,0.00514,-0.00753,0.0458],[3460,0.3841,-0.4586,7.7677,0.00507,-0.00027,0.07225],[3470,0.2586,-0.5795,7.7863,0.00799,-0.01142,0.07836],[3480,0.3345,-0.5441,7.7605,0.00684,0.00209,0.08489],[3490,0.2221,-0.4553,7.6288,0.0129,0.00577,0.08226],[3500,0.4392,-0.4108,7.3743,0.00738,0.00032,0.07732],[3510,0.2304,-0.1641,7.4256,-0.00115,-0.0032,0.09621],[3520,0.3808,-0.2176,7.2444,-0.0017,0.0001,0.10378],[3530,0.2436,-0.3705,7.2494,0.00114,0.00111,0.10614],[3540,0.1344,-0.188,7.2611,0.00481,0.00382,0.10278],[3550,0.1588,0.0485,7.4413,0.00106,0.0063,0.11496],[3560,0.2497,-0.1829,7.4594,-0.00667,0.01093,0.12855],[3570,0.1736,-0.2081,7.8455,0.00515,-0.01768,0.1238],[3580,0.2732,-0.0733,7.6505,0.00378,0.00568,0.14446],[3590,0.0559,-0.0974,7.8751,-0.00378,-0.00508,0.13347],[3600,0.1055,0.1365,8.0924,0.00107,-0.0084,0.14035],[3610,-0.0384,0.3896,8.6138,0.00297,-0.00966,0.15289],[3620,0.0281,0.2636,8.5459,0.00345,0.00822,0.15049],[3630,-0.0307,0.4212,8.9578,0.00579,-0.02151,0.15675],[3640,-0.1071,0.4446,9.3106,-0.01649,-0.00075,0.14589],[3650,-0.0344,0.6363,9.3004,0.01001,0.00385,0.15608],[3660,-0.1669,0.4103,9.5188,-0.01796,0.00152,0.15257],[3670,-0.226,0.4024,10.0836,0.00927,-0.0031,0.1365],[3680,0.0081,0.6493,10.4012,-0.01038,0.00262,0.14515],[3690,-0.13,0.6006,10.5489,-0.01559,-0.00754,0.14126],[3700,-0.1353,0.6148,10.8544,0.01201,0.00301,0.14452],[3710,-0.0729,0.8036,11.0101,0.01647,-0.00505,0.15282],[3720,0.0144,0.5218,11.1355,0.01532,-0.0093,0.15309],[3730,-0.1001,0.6549,11.5994,-0.00595,-0.0243,0.13997],[3740,-0.0716,0.7119,11.6621,0.01538,0.00048,0.13334],[3750,-0.1011,0.69,11.8785,-0.00672,0.00235,0.14356],[3760,-0.1874,0.5761,11.9709,-0.00774,0.00258,0.1378],[3770,-0.1709,0.3848,12.0966,-0.02099,0.00648,0.12665],[3780,-0.2161,0.2945,12.1023,0.0098,-0.00704,0.12603],[3790,-0.1763,0.3198,12.1687,0.00918,-0.00229,0.11316],[3800,-0.1606,0.3256,12.3501,0.00041,-0.00737,0.11252],[3810,-0.0775,0.2966,12.2653,0.00534,-0.00558,0.08991],[3820,-0.2786,0.4274,12.2415,-0.00285,-0.01102,0.08333],[3830,-0.3549,0.1486,12.1052,-0.004,-0.00122,0.09007],[3840,-0.4129,0.0522,12.1791,-0.00696,-0.01166,0.08048],[3850,-0.4035,0.0266,12.0602,0.00589,-0.00853,0.07464],[3860,-0.3372,-0.0956,11.9106,0.00005,0.00064,0.06516],[3870,-0.5503,-0.2413,11.4424,-0.01385,-0.00482,0.05283],[3880,-0.2115,-0.1623,11.4623,0.00675,0.00873,0.05496],[3890,-0.3055,-0.1332,11.1777,-0.00681,-0.00887,0.04176],[3900,-0.3334,-0.2372,10.9262,-0.00188,0.01553,0.02737],[3910,-0.5274,-0.4002,10.7242,-0.00854,0.00136,0.02468],[3920,-0.3693,-0.7015,10.4791,0.00321,0.00588,0.02287],[3930,-0.4609,-0.4657,10.2065,-0.00161,-0.02171,-0.00616],[3940,-0.3487,-0.7005,9.9919,-0.0057,-0.00502,0.00788],[3950,-0.2187,-0.6281,9.5615,0.00029,0.01073,-0.00573],[3960,-0.2746,-0.7337,9.1182,-0.00966,0.01579,-0.00484],[3970,-0.5099,-0.5321,8.8205,0.00525,-0.01481,-0.0122],[3980,-0.5231,-0.5457,8.7427,0.00858,0.00575,-0.0413],[3990,-0.4554,-0.7891,8.4871,0.00394,-0.00726,-0.04109],[4000,-0.5806,-0.5815,8.1775,-0.00426,-0.00862,-0.03974],[4010,-0.3838,-0.6963,8.2126,0.00023,-0.00391,-0.04614],[4020,-0.4931,-0.4424,7.7906,0.00944,-0.00026,-0.05806],[4030,-0.4048,-0.462,7.6565,-0.00252,-0.00813,-0.07417],[4040,-0.1597,-0.451,7.5076,0.01401,-0.0063,-0.07205],[4050,-0.3821,-0.3218,7.3467,0.01428,0.00132,-0.07966],[4060,-0.2586,-0.3639,7.5079,-0.00081,0.0111,-0.09573],[4070,-0.2865,-0.3953,7.3334,-0.00049,0.0045,-0.10524],[4080,-0.3362,-0.3408,7.2692,0.01387,-0.0022,-0.10625],[4090,-0.3504,-0.2067,7.3372,-0.00067,0.00313,-0.11182],[4100,-0.3249,-0.1719,7.203,0.00269,-0.01392,-0.09872],[4110,-0.3644,-0.327,7.5151,0.00892,0.00739,-0.12156],[4120,-0.1067,0.0947,7.4938,-0.01379,-0.00087,-0.13319],[4130,-0.0339,0.359,7.7528,0.00492,0.00296,-0.12122],[4140,-0.1734,0.1337,7.7904,-0.00009,-0.00071,-0.11827],[4150,-0.0975,0.2286,8.0412,0.00151,-0.00107,-0.13276],[4160,-0.2204,0.2693,8.0635,-0.00108,-0.00141,-0.13391],[4170,-0.0468,0.1605,8.5978,0.01312,0.0022,-0.14925],[4180,-0.3272,0.3849,8.6977,-0.00587,0.01303,-0.13203],[4190,0.0817,0.2996,9.0507,0.00089,-0.01215,-0.15336],[4200,0.1351,0.5308,9.4241,0.00559,-0.00455,-0.15382],[4210,-0.1404,0.6123,9.4333,-0.00268,0.00981,-0.15331],[4220,-0.0011,0.5278,9.898,-0.01199,-0.00559,-0.14036],[4230,-0.0379,0.6041,9.972,0.01564,0.00111,-0.14369],[4240,-0.0416,0.5767,10.3785,-0.00204,0.0052,-0.14299],[4250,-0.0238,0.8238,10.4552,0.01166,-0.00458,-0.15626],[4260,0.1933,0.6822,11.0474,0.00561,-0.01166,-0.14379],[4270,-0.0556,0.5255,10.9652,0.00361,-0.00104,-0.13931],[4280,0.1004,0.7446,11.536,0.00517,0.00463,-0.13731],[4290,0.0156,0.5591,11.5221,-0.00237,-0.01977,-0.11513],[4300,0.0012,0.62,11.7664,0.00448,-0.00743,-0.13537],[4310,0.3459,0.4476,12.0866,-0.01256,-0.01961,-0.12066],[4320,0.1131,0.7032,11.9747,-0.00544,-0.00253,-0.13236],[4330,0.0523,0.4613,12.2375,-0.01075,-0.0024,-0.11623],[4340,0.2475,0.2819,12.2318,0.00792,0.00205,-0.10267],[4350,0.2841,0.2001,12.2899,0.00377,0.00109,-0.09015],[4360,0.5665,0.2668,12.0821,0.00614,0.00434,-0.09721],[4370,0.2703,0.2745,12.3416,-0.00982,-0.01803,-0.1012],[4380,0.5105,0.3953,12.2862,-0.00512,-0.00483,-0.07661],[4390,0.224,0.062,12.2669,-0.00427,-0.00416,-0.08172],[4400,0.37,-0.0847,12.1365,-0.00785,-0.0037,-0.08244],[4410,0.3961,0.1048,11.7688,0.00543,-0.0064,-0.07411],[4420,0.321,-0.2608,11.6851,0.00882,0.00063,-0.06796],[4430,0.483,-0.1678,11.6212,-0.00408,0.00744,-0.03778],[4440,0.2629,-0.0757,11.4026,0.01081,0.0017,-0.03778],[4450,0.3926,-0.2723,11.1255,0.00631,0.00276,-0.03911],[4460,0.35,-0.425,10.8199,-0.00655,0.0082,-0.03062],[4470,0.3084,-0.5547,10.8774,0.00604,0.01351,-0.01465],[4480,0.5486,-0.4705,10.4591,0.00085,0.02548,-0.01133],[4490,0.1005,-0.4018,10.2395,-0.00017,-0.00162,-0.00202],[4500,0.3974,-0.6291,9.8054,0.00501,0.01162,0.00933],[4510,0.389,-0.321,9.4408,-0.01406,-0.01434,0.01035],[4520,0.284,-0.6074,9.2682,0.00602,0.00598,0.0137],[4530,0.4068,-0.5467,9.0437,-0.01079,-0.00541,0.00882],[4540,0.4941,-0.6112,8.4764,-0.00209,0.00736,0.04361],[4550,0.2021,-0.6729,8.2655,-0.00821,0.00749,0.03558],[4560,0.1611,-0.5652,8.298,-0.01631,-0.00487,0.06096],[4570,-0.0122,-0.4368,7.8781,0.00274,-0.00446,0.04926],[4580,0.2264,-0.5192,7.7504,0.00264,-0.00334,0.06654],[4590,0.3797,-0.3755,7.7839,0.00394,-0.00854,0.07075],[4600,0.2791,-0.3373,7.3843,-0.0014,0.01129,0.08389],[4610,0.2676,-0.2987,7.2404,0.00355,0.00847,0.08379],[4620,0.4586,-0.3806,7.4173,-0.00723,-0.00636,0.11562],[4630,0.1897,-0.4917,7.2099,0.00128,-0.02018,0.10521],[4640,0.1942,-0.2418,7.3161,0.01521,-0.00325,0.10554],[4650,0.2165,-0.1132,7.4204,0.00596,0.00762,0.12283],[4660,0.0902,-0.1601,7.1843,0.00198,-0.01614,0.11316],[4670,0.234,-0.0637,7.4783,0.01268,-0.00447,0.11937],[4680,0.1257,-0.1305,7.607,-0.00044,0.00262,0.12927],[4690,0.0702,0.1445,7.823,0.01148,0.01406,0.13143],[4700,0.2231,0.1833,8.0581,0.00222,0.02122,0.12858],[4710,0.3393,0.3591,8.1499,-0.00258,-0.00182,0.13623],[4720,0.2173,0.1767,8.3951,0.01485,-0.00458,0.13956],[4730,0.2496,0.1672,8.4306,0.01901,-0.00236,0.15017],[4740,-0.0286,0.2028,8.8731,-0.00167,-0.00353,0.15124],[4750,0.0928,0.2823,8.809,0.01307,-0.00591,0.14496],[4760,0.2661,0.5548,9.4482,0.00319,0.0002,0.15148],[4770,-0.0313,0.3822,9.7189,0.00604,-0.00447,0.15921],[4780,-0.1181,0.5447,9.8854,0.00398,-0.01623,0.14728],[4790,-0.1401,0.628,10.1716,-0.00683,0.00166,0.15508],[4800,0.03,0.6472,10.6714,0.00374,0.00489,0.14604],[4810,0.0242,0.7494,10.8607,-0.00437,0.00149,0.15318],[4820,-0.1513,0.6626,11.0373,0.01633,-0.0036,0.14633],[4830,-0.0931,0.6322,11.312,-0.00355,0.00904,0.14381],[4840,-0.0977,0.6458,11.5225,0.00686,-0.00861,0.13108],[4850,-0.2161,0.5832,11.638,-0.00857,-0.00188,0.12807],[4860,-0.2804,0.5984,11.8603,-0.00462,-0.00374,0.11531],[4870,-0.134,0.324,12.1179,-0.0028,-0.00771,0.13359],[4880,0.0604,0.6005,12.1132,-0.00271,-0.00607,0.12044],[4890,-0.1638,0.4803,12.1868,0.002,-0.00102,0.11155],[4900,-0.1267,0.4819,12.2055,0.00669,0.00336,0.12082],[4910,-0.2406,0.3413,12.2763,0.00295,0.00273,0.10124],[4920,-0.2735,0.3488,12.2761,0.01083,-0.00633,0.09931],[4930,-0.1939,0.393,12.1598,0.00724,-0.01039,0.10339],[4940,-0.2985,0.0812,12.2711,-0.00846,0.00743,0.09775],[4950,-0.1619,0.0991,12.0814,-0.00477,0.00177,0.09589],[4960,-0.2947,0.073,12.0266,0.0098,-0.00549,0.06853],[4970,-0.1423,-0.334,11.6259,-0.00866,0.00049,0.06549],[4980,-0.4121,-0.167,11.6791,-0.01055,0.0196,0.05632],[4990,-0.1974,-0.1876,11.5555,-0.00209,0.00678,0.06542],[5000,-0.2207,-0.433,11.1344,0.00035,0.01192,0.04074],[5010,-0.3055,-0.2018,11.1005,0.00656,0.00072,0.03535],[5020,-0.5034,-0.449,10.652,0.00522,0.00151,0.04188],[5030,-0.3717,-0.3604,10.4053,0.0001,-0.00407,0.01736],[5040,-0.3986,-0.3198,10.088,-0.00066,0.00148,0.00785],[5050,-0.5513,-0.337,9.8156,0.00384,-0.00384,-0.00079],[5060,-0.3626,-0.4239,9.7345,-0.01233,0.01027,-0.01141],[5070,-0.393,-0.5983,9.2028,-0.01143,-0.00078,-0.00076],[5080,-0.2778,-0.538,9.0031,-0.00279,0.0077,-0.01724],[5090,-0.2378,-0.5971,8.586,0.0006,0.0081,-0.03185],[5100,-0.4761,-0.5014,8.4912,0.00906,0.00304,-0.02537],[5110,-0.4377,-0.6701,8.5035,-0.00785,0.00042,-0.05898],[5120,-0.287,-0.6912,8.2185,-0.00022,-0.00099,-0.05497],[5130,-0.1476,-0.7654,7.8702,-0.00309,-0.00139,-0.0528],[5140,-0.3213,-0.5064,7.5327,-0.00972,0.00782,-0.05735],[5150,-0.3269,-0.43,7.4643,0.00664,-0.00717,-0.07439],[5160,-0.1906,-0.2952,7.3592,0.02531,-0.0202,-0.08944],[5170,-0.4587,-0.4903,7.5182,-0.00979,-0.00487,-0.08915],[5180,-0.2203,-0.366,7.3137,0.00992,-0.00095,-0.08981],[5190,-0.2171,-0.3586,7.3393,0.00618,-0.00427,-0.1172],[5200,-0.2712,-0.2168,7.3739,0.01283,0.01138,-0.1024],[5210,-0.2741,-0.0794,7.3514,0.00631,0.01154,-0.10275],[5220,-0.1007,0.0487,7.4068,0.00231,-0.00216,-0.11162],[5230,-0.2476,-0.2326,7.4783,-0.00761,-0.00139,-0.13572],[5240,-0.2138,0.1104,7.6195,0.00387,-0.00157,-0.1291],[5250,-0.0813,0.1031,8.0036,0.00567,0.00388,-0.12724],[5260,-0.0472,0.23,7.9749,-0.00101,0.01071,-0.14853],[5270,-0.0867,0.0984,8.1089,0.00478,-0.00501,-0.14369],[5280,-0.1288,0.3057,8.5691,-0.00483,0.01038,-0.15044],[5290,-0.0669,0.3739,8.6797,0.00102,0.01215,-0.14578],[5300,-0.03,0.3002,8.8251,0.00005,0.01239,-0.14389],[5310,-0.1189,0.2306,9.2753,-0.00208,0.00378,-0.15129],[5320,-0.2324,0.4713,9.4897,0.00933,0.01324,-0.13527],[5330,0.1748,0.5434,9.7832,-0.00354,-0.00291,-0.14832],[5340,0.0111,0.5102,10.1073,-0.00997,0.00381,-0.15293],[5350,-0.0795,0.4905,10.1347,-0.00667,0.00176,-0.12053],[5360,0.0525,0.5699,10.7661,0.00948,-0.0105,-0.16053],[5370,0.0799,0.6019,10.8518,-0.00175,0.00818,-0.14403],[5380,0.0892,0.7974,11.166,0.00062,-0.01831,-0.12915],[5390,0.1616,0.4821,11.3246,0.00653,-0.00553,-0.12554],[5400,0.109,0.6776,11.6097,0.00354,0.00272,-0.13322],[5410,0.128,0.556,11.9367,0.00396,0.00811,-0.12655],[5420,0.2469,0.4239,12.0163,0.00904,0.00351,-0.12246],[5430,0.1212,0.5629,12.1168,0.00473,-0.00318,-0.1314],[5440,0.0853,0.4182,12.1783,0.01882,0.02173,-0.1269],[5450,0.1556,0.2788,12.1242,-0.01494,-0.01104,-0.10995],[5460,0.166,0.4027,12.3876,0.00128,-0.00087,-0.1176],[5470,0.0658,0.4417,12.3507,-0.00422,0.00082,-0.10626],[5480,0.3724,0.3158,12.2094,0.00379,0.01358,-0.10455],[5490,0.4904,0.0309,12.4568,-0.00968,-0.00394,-0.10182],[5500,0.2995,0.1078,12.0765,0.01508,0.00459,-0.07976],[5510,0.4957,-0.0612,11.9676,0.00453,-0.00789,-0.07471],[5520,0.2328,-0.1398,11.7928,0.0087,0.00097,-0.05868],[5530,0.4232,0.012,11.8379,0.00996,-0.00285,-0.06725],[5540,0.5187,-0.0141,11.2627,0.00395,0.01119,-0.04614],[5550,0.2829,-0.1185,11.3384,-0.00356,-0.00356,-0.02811],[5560,0.1653,-0.2873,11.1621,-0.00379,0.00324,-0.03406],[5570,0.328,-0.2926,10.6594,-0.003,-0.00851,-0.03767],[5580,0.323,-0.3984,10.4991,-0.01389,0.00882,-0.0167],[5590,0.3348,-0.3991,10.3822,0.01246,-0.00045,-0.01769],[5600,0.3004,-0.4552,10.1289,0.0094,-0.00251,-0.01219],[5610,0.4351,-0.618,9.8735,-0.00507,0.00925,-0.00293],[5620,0.6283,-0.6431,9.5378,0.004,0.00011,0.01994],[5630,0.2068,-0.4372,9.1252,0.00021,0.00337,0.02443],[5640,0.3951,-0.5433,8.9249,-0.00311,0.01322,0.02012],[5650,0.3736,-0.6,8.6032,0.01551,-0.00132,0.03508],[5660,0.2956,-0.5317,8.5401,-0.01546,-0.00585,0.04795],[5670,0.2614,-0.7421,8.251,0.00364,-0.00247,0.04263],[5680,0.3983,-0.4953,8.0363,-0.00053,0.00716,0.05517],[5690,0.1596,-0.3168,7.668,0.0028,-0.00683,0.06496],[5700,0.3006,-0.5574,7.6298,0.00758,0.00212,0.08382],[5710,0.2714,-0.5421,7.359,-0.01205,-0.00115,0.09151],[5720,0.1934,-0.3087,7.3085,-0.0144,0.00526,0.08866],[5730,0.2239,-0.4671,7.4047,0.00036,-0.00747,0.09525],[5740,0.4532,-0.3602,7.2417,0.01196,0.00221,0.11077],[5750,0.2514,-0.3522,7.3855,-0.02361,0.00455,0.11428],[5760,0.3176,-0.334,7.4032,-0.0088,0.0055,0.11228],[5770,0.4041,-0.0644,7.2057,-0.00513,0.01452,0.11518],[5780,0.0417,-0.0433,7.4947,-0.00931,0.0206,0.13347],[5790,0.0493,-0.1058,7.7554,-0.00082,-0.0065,0.12573],[5800,0.1962,-0.1104,7.9184,-0.00216,0.00293,0.13932],[5810,0.3725,0.1599,8.0107,0.00178,0.00654,0.13347],[5820,0.1754,0.1335,8.0167,0.00742,-0.01126,0.14252],[5830,0.1754,0.2336,8.6277,-0.00277,-0.00322,0.14721],[5840,0.0666,0.2902,8.6207,-0.00492,0.00039,0.14703],[5850,0.0291,0.3305,8.8839,0.00053,-0.00646,0.12818],[5860,0.0534,0.4804,9.3165,0.00622,-0.00437,0.14734],[5870,0.0225,0.3858,9.3336,0.00131,-0.00986,0.17001],[5880,-0.0785,0.5332,9.5624,-0.00528,0.00666,0.1494],[5890,0.0135,0.7021,9.8623,0.0062,-0.02043,0.14633],[5900,-0.0544,0.4255,10.2311,-0.00286,-0.00634,0.14235],[5910,0.0087,0.6475,10.5697,0.00701,0.00286,0.14233],[5920,0.1075,0.5712,10.8667,-0.01208,0.00349,0.14446],[5930,-0.0237,0.5849,11.0088,-0.00713,0.01308,0.14584],[5940,-0.2366,0.6333,11.1864,-0.01912,-0.00214,0.14151],[5950,-0.1755,0.5846,11.4135,-0.0038,-0.00152,0.13274],[5960,-0.3784,0.5051,11.7184,-0.01119,0.00596,0.13098],[5970,-0.2126,0.5455,11.7994,0.00159,-0.00737,0.13645],[5980,-0.1398,0.5507,12.1948,-0.00364,0.00131,0.11983],[5990,-0.3085,0.47,12.1237,-0.008,-0.00626,0.1152],[6000,0.0224,0.4588,12.1421,0.01613,0.00078,0.12481],[6010,-0.1563,0.3752,12.3837,-0.00716,0.00269,0.10481],[6020,-0.2375,0.6028,12.2649,0.00183,-0.0044,0.12554],[6030,-0.3294,0.1014,12.3334,0.01094,0.00573,0.08771],[6040,-0.3138,0.3684,12.0849,-0.00105,0.00822,0.09206],[6050,-0.3263,0.0493,12.4719,0.00182,-0.01055,0.07976],[6060,-0.2766,0.1117,12.28,0.00398,0.00192,0.08612],[6070,-0.2993,-0.1644,11.8676,0.00375,0.0073,0.0728],[6080,-0.1242,-0.0598,11.7484,0.00369,0.00745,0.06549],[6090,-0.2573,-0.1106,11.7938,0.00422,-0.00249,0.06337],[6100,-0.3505,-0.0219,11.4515,-0.01328,-0.00457,0.04862],[6110,-0.4139,-0.3808,11.1368,-0.01661,0.00091,0.03858],[6120,-0.1601,-0.4055,11.0232,-0.01892,0.00921,0.03065],[6130,-0.6412,-0.3195,10.8414,0.00637,0.0012,0.02834],[6140,-0.3217,-0.4773,10.5353,0.01519,-0.00669,0.00376],[6150,-0.3233,-0.3994,10.2261,-0.00301,-0.01072,0.01128],[6160,-0.5086,-0.6855,10.0867,-0.00517,0.01199,-0.00363],[6170,-0.3934,-0.4789,9.5827,0.00215,0.00044,-0.01074],[6180,-0.3072,-0.5695,9.0037,-0.00088,0.00052,-0.01105],[6190,-0.231,-0.6329,8.8493,0.00441,-0.01318,-0.02345],[6200,-0.5491,-0.4012,8.8095,0.00745,-0.00196,-0.01861],[6210,-0.1908,-0.7505,8.6513,0.00391,-0.00213,-0.03523],[6220,-0.4362,-0.6965,8.314,0.00311,0.01446,-0.04552],[6230,-0.2912,-0.494,8.084,0.01033,0.00942,-0.03057],[6240,-0.1458,-0.2884,7.8185,0.00266,-0.00038,-0.0619],[6250,-0.2618,-0.5109,7.7008,0.00296,0.00746,-0.07601],[6260,-0.2524,-0.4472,7.5393,-0.00564,-0.00627,-0.083],[6270,-0.2015,-0.4123,7.228,0.00473,0.00243,-0.07832],[6280,-0.2877,-0.4328,7.4333,-0.009,0.00328,-0.09294],[6290,-0.2879,-0.3484,7.3081,-0.01388,0.00303,-0.09397],[6300,-0.385,-0.2005,7.3338,-0.01126,0.00208,-0.1058],[6310,-0.274,-0.1162,7.069,0.01233,0.01456,-0.11264],[6320,-0.2972,-0.1194,7.3537,-0.01224,0.00175,-0.11884],[6330,-0.2209,-0.0867,7.5133,0.0111,-0.00049,-0.1248],[6340,-0.0313,0.0469,7.6849,0.00946,0.00683,-0.14403],[6350,-0.2839,0.0326,7.6177,-0.00588,0.00038,-0.12366],[6360,-0.026,-0.0779,7.8874,0.00134,-0.01188,-0.1163],[6370,-0.0631,-0.0201,8.0511,-0.00077,-0.00042,-0.14704],[6380,-0.3173,0.067,8.0955,0.00795,-0.00849,-0.13483],[6390,-0.0648,0.234,8.5038,-0.01543,0.00099,-0.13647],[6400,0.0692,0.2026,8.6627,0.00045,0.00057,-0.14468],[6410,-0.0888,0.198,8.9483,-0.00453,0.00614,-0.14472],[6420,-0.152,0.363,9.3132,-0.00664,0.01095,-0.13282],[6430,-0.1452,0.7028,9.5681,0.01043,0.00147,-0.14848],[6440,0.0885,0.5692,9.8256,-0.00853,0.0013,-0.14342],[6450,-0.0219,0.5881,10.0915,0.01106,-0.00234,-0.1479],[6460,0.0182,0.4673,10.6222,-0.009,-0.00568,-0.14593],[6470,-0.0544,0.4462,10.6021,-0.0018,0.01182,-0.1264],[6480,-0.0861,0.7182,10.9232,0.00501,-0.0065,-0.13662],[6490,-0.0412,0.5182,11.4033,-0.00978,0.01602,-0.14898],[6500,0.1538,0.5902,11.3223,-0.00596,-0.0008,-0.13283],[6510,0.2855,0.2652,11.6414,0.00282,0.00331,-0.14546],[6520,-0.0091,0.5084,11.8844,0.00628,0.0001,-0.11849],[6530,0.2667,0.5101,11.8225,0.01088,0.00014,-0.12943],[6540,0.1998,0.5783,12.062,0.00174,-0.00466,-0.12363],[6550,0.2261,0.6502,12.1497,-0.00796,0.00523,-0.13428],[6560,0.2288,0.4651,12.1856,0.00947,-0.00052,-0.11604],[6570,0.2984,0.2517,12.1612,-0.00747,-0.00268,-0.117],[6580,0.3395,0.3418,12.2484,0.00656,0.0106,-0.11559],[6590,0.3625,0.2842,12.429,-0.009,0.01716,-0.09067],[6600,0.1512,0.0198,12.0445,0.01058,0.00932,-0.08356],[6610,0.1113,-0.018,12.0162,0.0073,0.00405,-0.09545],[6620,0.4735,0.1847,11.9542,-0.00233,-0.00532,-0.0724],[6630,0.3621,-0.013,11.8508,0.00735,-0.01357,-0.06102],[6640,0.3276,0.07,11.8353,-0.00077,0.01105,-0.06759],[6650,0.3106,-0.2897,11.4681,0.00301,-0.0185,-0.05581],[6660,0.1768,-0.1812,11.3034,-0.00152,-0.01545,-0.0498],[6670,0.4886,-0.292,11.1848,0.00853,-0.00181,-0.03955],[6680,0.3696,-0.2846,10.8152,-0.00328,0.01338,-0.01308],[6690,0.3378,-0.5294,10.4323,-0.00324,-0.00263,-0.01297],[6700,0.4571,-0.5726,10.3408,-0.00399,-0.00825,-0.00106],[6710,0.5512,-0.388,10.0288,0.01203,0.00177,-0.00635],[6720,0.2131,-0.4281,9.5311,0.00202,0.00661,-0.00007],[6730,0.3173,-0.5319,9.5074,0.00541,-0.00062,0.01624],[6740,0.2739,-0.5068,9.0472,-0.00181,-0.01433,0.02017],[6750,0.3834,-0.4888,8.8746,0.00126,-0.01072,0.03537],[6760,0.3065,-0.4248,8.5821,-0.01178,-0.00865,0.03687],[6770,0.3197,-0.5838,8.305,0.01278,0.00633,0.05314],[6780,0.4562,-0.7679,8.1723,0.01371,0.00021,0.05176],[6790,0.4915,-0.5556,8.1306,0.00172,-0.00761,0.06266],[6800,0.3071,-0.6061,7.9961,-0.00459,-0.00265,0.07342],[6810,0.3228,-0.4261,7.4746,-0.00431,0.01633,0.09457],[6820,0.3417,-0.4195,7.5233,0.00278,0.01121,0.09704],[6830,0.3081,-0.4007,7.4268,0.00283,-0.00834,0.08611],[6840,0.1979,-0.5031,7.5668,-0.00723,0.00243,0.09223],[6850,0.1353,-0.354,7.1861,0.01319,0.00686,0.10546],[6860,0.429,-0.2805,7.3027,0.00118,0.00109,0.11528],[6870,0.1529,-0.2769,7.3364,0.00589,-0.01013,0.11463],[6880,0.1533,-0.0656,7.5116,-0.00253,-0.00327,0.11391],[6890,0.0905,0.0136,7.6321,-0.01421,-0.00497,0.12328],[6900,0.1036,-0.0768,7.5233,0.00243,0.00561,0.12962],[6910,0.1502,0.1019,7.4864,0.00315,0.01164,0.13164],[6920,0.3348,-0.061,7.8694,-0.0051,0.00958,0.14596],[6930,-0.0768,0.023,8.0485,-0.00218,-0.00022,0.13553],[6940,-0.0634,0.1363,8.3993,-0.00476,0.00191,0.1437],[6950,0.1595,0.1869,8.6047,-0.01184,0.00875,0.13201],[6960,-0.1189,0.3108,8.9241,0.01027,0.00451,0.15066],[6970,-0.1847,0.5944,9.1406,0.01615,-0.00274,0.15461],[6980,0.3246,0.4059,9.3084,0.00687,-0.00525,0.14831],[6990,0.1317,0.4634,9.6494,-0.00211,-0.00397,0.14666],[7000,-0.0823,0.6091,9.9547,0.00276,0.00215,0.14392],[7010,0.0633,0.652,10.1079,0.00356,0.0171,0.15822],[7020,0.0608,0.6204,10.4673,-0.0079,-0.00379,0.14318],[7030,-0.0904,0.4462,11.1775,0.00823,-0.00235,0.12575],[7040,-0.266,0.2994,11.1495,-0.01287,-0.00558,0.14658],[7050,0.0449,0.6822,11.1566,-0.01539,-0.00511,0.13922],[7060,-0.0322,0.7747,11.37,-0.00339,0.0075,0.13836],[7070,-0.2917,0.6514,11.6574,-0.0047,0.00642,0.13645],[7080,-0.2649,0.2929,12.0325,0.00494,-0.01449,0.14347],[7090,-0.13,0.7256,12.0222,-0.00647,0.00282,0.13105],[7100,-0.21,0.5787,11.9913,-0.00259,-0.01494,0.13676],[7110,-0.278,0.6198,12.2563,-0.0038,0.00375,0.13771],[7120,-0.0952,0.271,12.4043,-0.0149,0.00306,0.09744],[7130,-0.449,0.3222,12.285,-0.00364,0.00631,0.10363],[7140,-0.1638,0.4757,12.4554,0.00818,0.00918,0.10493],[7150,-0.3954,0.1726,12.2295,-0.00476,0.0033,0.09579],[7160,-0.3368,0.1198,12.1182,0.00924,-0.01332,0.08716],[7170,-0.379,0.2294,12.1397,0.01227,-0.00446,0.0894],[7180,-0.2516,-0.0564,11.946,-0.01403,0.01846,0.05849],[7190,-0.5091,-0.0488,11.7217,-0.00339,-0.00439,0.08024],[7200,-0.4285,0.029,11.5268,-0.00265,-0.00344,0.07293],[7210,-0.6236,-0.2418,11.638,-0.00544,-0.01161,0.05115],[7220,-0.3343,-0.3839,11.0832,-0.00476,-0.00629,0.04091],[7230,-0.2472,-0.3443,10.9267,-0.00066,-0.00671,0.03902],[7240,-0.4305,-0.5905,10.7307,0.014,0.00531,0.03349],[7250,-0.4529,-0.4733,10.8356,-0.00123,-0.00015,0.01681],[7260,-0.3496,-0.5474,9.8512,-0.00474,-0.00565,0.00659],[7270,-0.2724,-0.5004,9.8656,0.00422,0.01789,-0.0137],[7280,-0.4193,-0.3316,9.693,-0.00064,-0.01195,-0.00583],[7290,-0.405,-0.5018,9.3967,0.0044,-0.00118,-0.00287],[7300,-0.1945,-0.6398,9.1208,0.00065,0.00768,-0.01306],[7310,-0.2844,-0.7894,8.8438,0.0128,0.00224,-0.03138],[7320,-0.4317,-0.6895,8.3833,0.00169,-0.00563,-0.03701],[7330,-0.3124,-0.8039,8.1688,-0.00027,-0.00237,-0.03829],[7340,-0.4665,-0.7251,8.1933,0.00921,-0.00253,-0.06698],[7350,-0.1988,-0.7638,7.9215,0.0081,-0.00704,-0.05913],[7360,-0.4605,-0.5515,7.8846,-0.00328,-0.01535,-0.07317],[7370,-0.2859,-0.4074,7.5238,-0.01288,-0.02124,-0.0792],[7380,-0.2414,-0.4587,7.5693,-0.0021,0.01922,-0.0791],[7390,-0.2399,-0.3362,7.41,0.01383,0.00072,-0.10288],[7400,-0.4166,-0.3499,7.305,0.00382,0.00842,-0.0946],[7410,-0.1156,-0.4695,7.3686,-0.00004,0.00356,-0.11784],[7420,-0.1991,-0.3647,7.3846,-0.00176,0.00636,-0.1082],[7430,-0.1867,-0.2317,7.2877,0.00234,-0.00308,-0.11361],[7440,-0.0862,-0.1527,7.5081,-0.01687,0.0008,-0.12308],[7450,-0.3239,-0.0733,7.7844,-0.00375,0.00546,-0.11056],[7460,-0.1714,-0.0254,7.475,-0.00211,-0.00163,-0.11756],[7470,-0.2258,-0.0264,7.8831,0.00336,0.0016,-0.12596],[7480,0.0686,0.1799,8.0177,-0.00737,-0.00185,-0.13756],[7490,0.0138,0.2607,8.3023,0.00552,0.0072,-0.13629],[7500,0.1416,0.416,8.3739,0.00681,-0.00747,-0.14461],[7510,0.0071,0.4875,8.7732,0.00057,-0.00106,-0.13059],[7520,0.094,0.5391,9.1665,0.00567,0.00197,-0.14374],[7530,-0.1261,0.3949,9.3453,-0.00835,-0.00026,-0.14161],[7540,-0.0769,0.5911,9.6108,0.00858,0.0071,-0.14745],[7550,0.0282,0.4439,9.7645,-0.00197,0.00794,-0.14985],[7560,0.0088,0.5169,9.8913,-0.00231,-0.00444,-0.14028],[7570,-0.161,0.5847,10.2403,0.00544,0.0105,-0.15691],[7580,-0.038,0.4455,10.4923,0.00316,0.00153,-0.13841],[7590,-0.0022,0.613,10.9287,-0.00015,-0.01071,-0.13783],[7600,-0.0357,0.7543,11.0975,-0.00019,-0.00303,-0.15318],[7610,-0.0134,0.5115,11.3888,0.00164,-0.00511,-0.13742],[7620,0.1259,0.6573,11.4785,-0.00521,0.00119,-0.15178],[7630,-0.077,0.6211,11.5831,-0.00858,-0.00058,-0.1184],[7640,0.2817,0.6682,12.0638,0.00481,-0.00087,-0.13661],[7650,0.1676,0.4173,12.0082,0.00838,0.02067,-0.12188],[7660,0.0011,0.3627,12.1639,0.01375,0.00222,-0.11491],[7670,0.0485,0.388,12.2229,-0.01036,0.0068,-0.11472],[7680,-0.0307,0.368,12.1921,-0.00987,-0.00515,-0.10124],[7690,0.2798,0.3333,12.1223,-0.00205,-0.01201,-0.10734],[7700,0.263,0.1128,12.4263,0.00931,-0.00014,-0.11014],[7710,0.4647,0.3244,12.1955,-0.00144,-0.00609,-0.08415],[7720,0.1858,0.0363,12.3443,-0.00549,-0.01666,-0.09647],[7730,0.1529,0.2121,12.0828,-0.0033,0.00514,-0.08255],[7740,0.1857,-0.1903,11.7037,-0.00188,0.00067,-0.06048],[7750,0.343,-0.1118,11.6822,0.0204,0.00332,-0.06014],[7760,0.5286,-0.4578,11.6303,0.00288,0.01443,-0.04785],[7770,0.3378,-0.2288,11.1316,-0.00834,-0.00424,-0.04686],[7780,0.1645,-0.2838,11.129,-0.01141,0.00946,-0.05339],[7790,0.2086,-0.2033,10.9965,-0.00299,-0.00209,-0.02771],[7800,0.4965,-0.3761,10.4534,0.00676,0.00095,-0.02243],[7810,0.5274,-0.429,10.2202,-0.00058,0.00358,-0.00818],[7820,0.4084,-0.5298,10.0795,0.00263,0.00433,-0.00766],[7830,0.4015,-0.6912,9.6953,0.01713,0.0057,0.00705],[7840,0.3683,-0.609,9.4619,-0.01408,-0.0042,-0.00794],[7850,0.4532,-0.5353,9.3087,0.00591,-0.01216,0.02448],[7860,0.4244,-0.4882,8.839,0.00825,-0.0134,0.03342],[7870,0.1261,-0.5389,8.7078,0.00787,-0.00176,0.05644],[7880,0.2738,-0.563,8.4237,0.00684,-0.00583,0.04375],[7890,0.3812,-0.627,8.0564,-0.00013,0.00151,0.06285],[7900,0.2114,-0.5705,7.681,0.0001,0.00266,0.06841],[7910,0.3477,-0.5523,7.84,0.00712,0.0099,0.07904],[7920,0.4409,-0.5572,7.514,0.00691,-0.00513,0.07889],[7930,0.3121,-0.4682,7.3961,-0.0096,0.00578,0.06852],[7940,-0.0246,-0.4062,7.5728,-0.00175,-0.0025,0.09116],[7950,0.379,-0.3108,7.3058,-0.00112,0.00666,0.11272],[7960,0.2071,-0.205,7.3165,-0.001,0.00076,0.09349],[7970,0.3321,-0.1518,7.1472,-0.0022,-0.00332,0.09202],[7980,0.1696,-0.1035,7.4642,0.0058,0.00132,0.11417],[7990,0.243,-0.2394,7.2503,-0.00397,-0.01001,0.12756],[8000,0.3273,-0.281,7.3263,0.01072,0.0137,0.12212],[8010,0.1949,0.2522,7.604,0.00449,-0.00396,0.12715],[8020,0.265,-0.0266,7.6784,0.0059,0.01158,0.14477],[8030,0.2068,0.3716,8.1161,-0.00154,-0.00404,0.15228],[8040,0.3075,0.1495,8.2264,0.00042,-0.0035,0.12586],[8050,0.0488,0.2806,8.1389,-0.01069,0.00215,0.1376],[8060,-0.007,0.1119,8.5845,0.0099,0.00821,0.14677],[8070,-0.0069,0.4354,9.0318,-0.00194,0.00199,0.14771],[8080,0.0334,0.2821,9.1896,0.00302,0.00294,0.14961],[8090,-0.1196,0.3718,9.6271,0.0092,-0.01715,0.1486],[8100,0.0427,0.5168,9.6876,0.00176,-0.00063,0.1582],[8110,-0.0024,0.6426,9.8515,-0.00521,0.00357,0.163],[8120,-0.0417,0.6262,10.4083,0.00263,0.00213,0.14534],[8130,-0.0145,0.3676,10.3801,0.00222,-0.00863,0.16512],[8140,0.0828,0.551,10.9907,-0.01284,0.00471,0.15251],[8150,-0.0785,0.7084,11.1749,-0.00841,0.00675,0.14292],[8160,-0.3364,0.6445,11.1824,-0.00203,0.01024,0.14638],[8170,-0.2421,0.466,11.4443,-0.02097,-0.00167,0.14021],[8180,-0.026,0.5268,11.7987,-0.0003,0.01607,0.12508],[8190,-0.1413,0.5182,11.7604,0.00359,-0.00259,0.13679],[8200,-0.1787,0.6196,11.9007,0.01021,0.00035,0.1199],[8210,-0.3663,0.548,12.1121,-0.0007,-0.00719,0.12413],[8220,-0.2034,0.5411,12.3103,-0.012,-0.01024,0.13021],[8230,-0.2506,0.4999,12.1906,0.00821,-0.00311,0.10911],[8240,-0.4225,0.3072,12.3829,-0.01623,0.0021,0.10172],[8250,-0.2119,0.2004,12.474,-0.00169,0.0111,0.10754],[8260,-0.1461,0.2485,12.2566,0.00518,0.00477,0.10832],[8270,-0.249,0.2768,12.2509,-0.00662,0.00325,0.09466],[8280,-0.3296,0.1484,12.1386,0.0053,0.00037,0.06955],[8290,-0.3135,0.0144,11.8691,-0.00136,0.0062,0.07726],[8300,-0.4601,0.1436,11.7507,-0.01316,0.01088,0.06819],[8310,-0.2676,-0.1065,11.6162,-0.00188,0.01527,0.07462],[8320,-0.0985,-0.2746,11.5003,0.01012,-0.00251,0.0616],[8330,-0.2126,-0.4262,11.3309,-0.00885,0.00579,0.04708],[8340,-0.5193,-0.4322,10.9392,0.00055,0.00671,0.04566],[8350,-0.6048,-0.328,10.5988,-0.01306,-0.00029,0.01537],[8360,-0.4061,-0.4551,10.6936,0.01615,-0.00598,0.02111],[8370,-0.332,-0.5243,10.1132,0.00661,-0.00661,0.0163],[8380,-0.4535,-0.4438,10.1189,0.00671,-0.00385,0.00088],[8390,-0.1783,-0.492,9.428,0.00722,-0.00076,-0.00684],[8400,-0.2781,-0.4168,9.4669,0.01232,0.00263,0.00562],[8410,-0.4357,-0.5061,9.0162,-0.00593,-0.00688,-0.0207],[8420,-0.2902,-0.5382,8.8733,-0.00368,-0.01891,-0.02857],[8430,-0.4912,-0.5065,8.5413,0.00427,-0.00424,-0.03672],[8440,-0.1814,-0.4824,8.3599,-0.00798,0.00715,-0.05529],[8450,-0.4191,-0.5573,8.3643,0.00556,-0.01279,-0.06452],[8460,-0.2325,-0.3315,7.8856,-0.00302,0.00657,-0.06803],[8470,-0.2562,-0.3532,7.6528,-0.00924,-0.01992,-0.07105],[8480,-0.3268,-0.5334,7.3138,0.00584,0.00975,-0.09016],[8490,-0.3267,-0.4074,7.4422,-0.0116,-0.00276,-0.08244],[8500,-0.2064,-0.2947,7.4979,0.00103,0.00133,-0.08495],[8510,-0.2062,-0.4406,7.2681,0.00901,0.00576,-0.07832],[8520,-0.3181,-0.5105,7.3134,-0.00137,-0.00757,-0.11597],[8530,-0.4177,-0.2139,7.125,-0.00167,-0.00464,-0.10588],[8540,-0.4354,-0.1396,7.477,0.00543,-0.00197,-0.1267],[8550,-0.2179,-0.0989,7.5433,-0.01581,0.00195,-0.13232],[8560,-0.0035,-0.0284,7.304,0.01411,0.00697,-0.11863],[8570,-0.2217,-0.1166,7.7323,-0.00195,-0.00484,-0.1241],[8580,-0.0219,-0.0959,7.7276,0.00037,-0.00773,-0.14456],[8590,-0.0801,0.1107,8.0078,0.00941,-0.00792,-0.12953],[8600,-0.2615,0.4266,8.2903,-0.00707,-0.00393,-0.15289],[8610,-0.0651,0.2284,8.5986,-0.00195,-0.00075,-0.13756],[8620,0.055,0.2883,8.8885,-0.00302,-0.00799,-0.14272],[8630,-0.0992,0.2446,8.9868,0.00352,0.00273,-0.14604],[8640,-0.0437,0.4672,9.2541,-0.00994,0.00612,-0.15473],[8650,-0.035,0.6257,9.4023,0.00718,-0.01281,-0.15538],[8660,-0.022,0.2958,9.7694,0,0.00524,-0.13799],[8670,0.0727,0.5855,10.2861,0.01874,-0.00652,-0.1635],[8680,0.0562,0.7548,10.3618,-0.00574,-0.00713,-0.12698],[8690,0.1064,0.7125,10.5879,0.01716,0.0074,-0.13708],[8700,-0.0202,0.5721,10.9958,-0.01189,-0.00568,-0.13501],[8710,0.049,0.5439,11.0758,-0.0156,-0.00223,-0.14371],[8720,0.0238,0.7598,11.3323,-0.00898,0.00498,-0.12328],[8730,0.2265,0.675,11.6065,-0.00164,-0.01417,-0.12102],[8740,0.0436,0.6285,11.8498,-0.00076,0.00119,-0.1176],[8750,0.2818,0.8104,11.9517,-0.00376,-0.0025,-0.11649],[8760,0.1318,0.3111,11.9965,0.01928,-0.01323,-0.11098],[8770,0.0393,0.2409,12.3356,0.0042,-0.00685,-0.13034],[8780,0.4733,0.3305,12.2581,0.00331,0.00761,-0.12312],[8790,0.3085,0.4312,12.5053,0.00741,0.00472,-0.12079],[8800,0.3485,0.2332,12.3857,0.00072,-0.00246,-0.10721],[8810,0.4548,0.2199,12.3522,-0.00477,-0.00029,-0.09851],[8820,0.4301,0.1941,12.325,-0.00383,0.00822,-0.07929],[8830,0.2953,-0.01,12.0871,0.01069,0.00765,-0.08546],[8840,0.2359,-0.1757,12.1069,-0.01139,-0.0112,-0.07642],[8850,0.1237,0.1319,12.0366,-0.01161,0.00772,-0.07954],[8860,0.3019,-0.0525,11.7017,-0.00003,-0.00735,-0.06907],[8870,0.2998,-0.2293,11.3853,-0.00915,-0.00374,-0.05016],[8880,0.229,-0.2722,11.5443,0.00921,0.0027,-0.04883],[8890,0.6148,-0.2334,10.9923,-0.00854,0.00551,-0.03915],[8900,0.2902,-0.0878,10.619,0.00067,0.00216,-0.02959],[8910,0.5233,-0.4124,10.5119,-0.00809,-0.00887,-0.01224],[8920,0.4777,-0.354,10.4121,0.00553,0.01192,-0.01296],[8930,0.3306,-0.4519,10.0778,-0.00498,0.00841,-0.00887],[8940,0.4377,-0.5673,9.661,-0.00123,0.0064,0.00027],[8950,0.2693,-0.3477,9.221,-0.00645,-0.00687,0.01701],[8960,0.457,-0.4366,9.2318,0.00114,0.01121,0.03009],[8970,0.623,-0.6439,8.7902,0.00712,-0.00593,0.02598],[8980,0.2408,-0.5836,8.7023,0.0077,-0.00123,0.03495],[8990,0.1713,-0.695,8.4877,-0.00488,0.00881,0.05153],[9000,0.2145,-0.3793,8.1402,-0.00956,0.00763,0.05697],[9010,0.3522,-0.5402,7.9381,0.00862,-0.0053,0.04821],[9020,0.2887,-0.7022,7.9904,-0.00699,-0.01622,0.06344],[9030,-0.0062,-0.3272,7.5605,-0.00649,0.00641,0.07774],[9040,0.2522,-0.4698,7.2608,0.01864,0.00397,0.09106],[9050,0.2204,-0.4338,7.4642,-0.01134,-0.00867,0.0863],[9060,0.4058,-0.398,7.3776,-0.00216,0.00187,0.10056],[9070,0.1752,-0.4171,7.3173,0.00344,0.00193,0.10437],[9080,0.385,-0.3135,7.204,-0.00838,0.01009,0.11645],[9090,0.1439,-0.2323,7.3321,0.00744,0.00056,0.10575],[9100,0.3279,-0.2684,7.4026,0.0105,-0.00356,0.12251],[9110,0.1453,-0.0044,7.1624,-0.00171,-0.00333,0.12372],[9120,0.1602,0.1123,7.5268,-0.01205,-0.01411,0.12776],[9130,0.1838,-0.1851,7.8096,-0.01609,-0.00133,0.13293],[9140,0.3006,0.2308,7.8665,0.00467,0.00627,0.12758],[9150,-0.1226,0.3358,7.9977,0.00406,0.00983,0.12652],[9160,0.1243,0.4291,8.3642,-0.00337,0.01114,0.14045],[9170,0.0836,0.3932,8.3561,-0.00974,-0.00476,0.13532],[9180,0.2698,0.4841,8.9326,0.00558,-0.00603,0.14527],[9190,0.1428,0.4658,9.2629,-0.00515,0.00041,0.15775],[9200,0.0289,0.5609,9.4471,-0.00166,0.00411,0.14142],[9210,0.0344,0.6655,9.6863,-0.00153,0.00727,0.15376],[9220,-0.0188,0.5591,10.0324,0.01228,0.01174,0.14785],[9230,0.0545,0.6825,10.0554,-0.01123,-0.00333,0.14652],[9240,-0.1254,0.688,10.4636,-0.01415,-0.00067,0.13261],[9250,0.0188,0.4821,10.9834,-0.00842,0.00597,0.14838],[9260,0.0069,0.4277,10.922,0.0068,0.00766,0.15041],[9270,-0.295,0.6188,11.5152,-0.00592,-0.0022,0.13759],[9280,-0.3359,0.6472,11.3299,-0.00035,0.00254,0.13446],[9290,-0.2972,0.7755,11.5549,0.00387,0.00081,0.12398],[9300,-0.3026,0.5771,11.7309,-0.01013,-0.00507,0.13263],[9310,-0.3087,0.4697,11.8129,0.01019,0.00198,0.13169],[9320,-0.0413,0.4581,12.2892,0.00067,-0.00559,0.13054],[9330,-0.2102,0.3372,12.167,-0.00495,0.01199,0.1108],[9340,-0.1687,0.3924,12.1716,-0.00256,-0.01061,0.11742],[9350,-0.3309,0.4113,12.3866,0.00967,0.00948,0.1032],[9360,-0.2205,0.2516,12.2958,0.0041,0.00938,0.11486],[9370,-0.2568,0.1577,12.3891,-0.0046,0.00158,0.10177],[9380,-0.4516,0.0903,12.4434,-0.00429,0.00158,0.09306],[9390,-0.2091,-0.0311,12.164,0.00022,0,0.09237],[9400,-0.3341,-0.1823,11.8394,-0.01524,0.00582,0.09246],[9410,-0.7297,-0.2663,11.8325,-0.01072,-0.00249,0.07405],[9420,-0.173,-0.1076,11.5685,-0.00423,0.00872,0.06904],[9430,-0.2291,-0.1215,11.6497,-0.00395,-0.0088,0.0598],[9440,-0.4295,-0.3347,11.0183,-0.00778,-0.00369,0.05225],[9450,-0.2971,-0.236,10.8766,-0.00272,0.00283,0.04076],[9460,-0.4418,-0.5406,10.9333,0.01188,0.00485,0.02603],[9470,-0.3809,-0.3483,10.3727,-0.00515,-0.00262,0.01663],[9480,-0.1274,-0.5732,10.0068,0.00746,-0.00312,0.0114],[9490,-0.1274,-0.532,9.8128,0.01716,-0.00889,0.01139],[9500,-0.4924,-0.4044,9.499,0.0111,0.01023,-0.00379],[9510,-0.1408,-0.3322,9.1796,0.01371,0.00166,-0.01426],[9520,-0.4765,-0.4251,8.9899,0.01509,0.00754,-0.01797],[9530,-0.4569,-0.5429,8.6705,0.00612,-0.01106,-0.01928],[9540,-0.3127,-0.6468,8.5031,-0.0104,0.01953,-0.04266],[9550,-0.3136,-0.5971,8.1743,0.00565,-0.00265,-0.04506],[9560,-0.2989,-0.7793,8.3002,0.00311,0.00069,-0.06452],[9570,-0.3295,-0.3811,7.7489,-0.01469,0.00458,-0.05796],[9580,-0.0673,-0.5842,7.5766,-0.00178,0.00772,-0.08094],[9590,-0.3555,-0.4778,7.4449,0.00155,-0.0057,-0.07731],[9600,-0.1482,-0.4201,7.5413,-0.0102,0.00885,-0.08885],[9610,-0.2309,-0.3513,7.4102,-0.0014,-0.00822,-0.07997],[9620,-0.3761,-0.4278,7.2444,0.01844,-0.00246,-0.09343],[9630,-0.1514,-0.3632,7.3238,-0.00618,-0.00852,-0.09314],[9640,-0.417,-0.1026,7.3609,-0.00518,0.00862,-0.10603],[9650,-0.1802,-0.0908,7.3119,0.00334,-0.00364,-0.11235],[9660,-0.2799,-0.0088,7.38,-0.00047,0.00107,-0.11664],[9670,-0.1024,-0.0644,7.3107,-0.003,0.00797,-0.11513],[9680,-0.2721,-0.008,7.5953,-0.01824,-0.00758,-0.14607],[9690,-0.1598,0.0715,7.7212,0.00027,0.00158,-0.14629],[9700,-0.0938,-0.0911,8.0624,-0.0021,0.00015,-0.13873],[9710,-0.189,0.0456,8.2876,-0.02259,-0.00742,-0.12321],[9720,-0.1624,0.0247,8.6412,0.00038,-0.00911,-0.13205],[9730,-0.114,0.3152,8.8006,-0.00559,0.0113,-0.13374],[9740,0.0864,0.3463,8.8346,0.00675,0.00805,-0.14191],[9750,-0.2013,0.3373,9.2183,0.00562,-0.00275,-0.13995],[9760,-0.1581,0.6463,9.4326,-0.00383,0.00138,-0.14708],[9770,0.0365,0.0018,9.896,-0.00814,0.00099,-0.00653],[9780,0.1757,-0.0083,9.8072,-0.01314,0.0118,0.00238],[9790,0.0117,0.0074,9.9922,0.00684,-0.02046,-0.02645],[9800,0.1057,0.0699,9.9751,0.00044,0.00119,-0.0298],[9810,0.0755,0.251,9.9064,-0.00538,0.01083,-0.04509],[9820,-0.0294,-0.1356,9.5983,0.00414,0.00604,-0.08317],[9830,-0.0799,-0.0903,9.6014,-0.0007,-0.01037,-0.12111],[9840,-0.1664,-0.1724,9.812,0.00639,0.00063,-0.1532],[9850,-0.1289,0.007,9.8578,0.01093,-0.01229,-0.17707],[9860,0.1511,-0.2078,9.6083,-0.00028,0.00268,-0.24705],[9870,0.0374,-0.0138,9.6709,-0.01049,-0.01022,-0.31161],[9880,0.1228,0.0735,9.7057,-0.01322,-0.00348,-0.35335],[9890,0.0627,0.0854,9.9041,-0.00575,0.00476,-0.41883],[9900,0.0612,-0.0661,9.9402,0.02811,-0.00287,-0.48668],[9910,0.0193,0.0013,9.9139,-0.01295,-0.00397,-0.55168],[9920,-0.1618,0.1057,9.7578,-0.00177,-0.01189,-0.65933],[9930,-0.2301,-0.0197,9.8983,0.00007,-0.00108,-0.75781],[9940,-0.3547,-0.1889,9.5471,0.00718,-0.00344,-0.80753],[9950,0.1191,-0.0176,10.0905,0.00501,-0.0259,-0.89372],[9960,0.0244,-0.0075,9.7637,-0.00831,-0.0049,-0.99676],[9970,0.0188,-0.0454,9.8274,0.01019,0.01027,-1.07315],[9980,0.2654,0.0521,10.0857,-0.00325,-0.01748,-1.18729],[9990,-0.2192,0.0629,9.8066,-0.00397,-0.00171,-1.27125],[10000,-0.0039,-0.1233,9.8307,-0.00065,-0.0069,-1.37297],[10010,-0.0912,-0.0661,9.9597,-0.01108,-0.01828,-1.47717],[10020,0.1817,-0.0814,9.7608,-0.00403,-0.00962,-1.57845],[10030,0.2285,0.0698,9.7076,-0.00704,0.00435,-1.66581],[10040,0.028,0.149,9.7234,-0.01131,0.00495,-1.77045],[10050,0.1865,0.2192,9.7199,0.018,-0.00025,-1.85254],[10060,-0.1656,-0.0505,9.6555,0.00886,0.00022,-1.96359],[10070,-0.1099,0.3226,9.6721,0.00107,-0.0043,-2.04942],[10080,0.0575,-0.0381,9.6865,0.00558,-0.0034,-2.14413],[10090,0.0353,0.1149,9.9695,0.0031,-0.00045,-2.23881],[10100,0.0465,-0.0554,9.8554,-0.01,-0.00904,-2.33019],[10110,0.0137,0.1044,9.6853,0.01074,0.01021,-2.41068],[10120,-0.0346,0.0183,9.9352,0.00243,0.00165,-2.49538],[10130,-0.0386,-0.0047,9.7669,-0.0027,0.00008,-2.56558],[10140,-0.0054,0.1246,9.749,-0.00823,0.00418,-2.64288],[10150,-0.0858,0.0814,9.7392,-0.01871,-0.00361,-2.71127],[10160,0.1094,0.0589,9.7343,0.00988,0.00403,-2.77192],[10170,-0.1103,0.1165,9.8621,-0.00018,0.00878,-2.82447],[10180,-0.0633,0.0036,9.6995,0.00761,0.00126,-2.8863],[10190,0.0056,0.045,10.022,-0.00145,0.00242,-2.93275],[10200,-0.2357,-0.136,9.6455,0.01403,-0.00837,-2.97765],[10210,0.0616,-0.1215,9.6968,0.00449,-0.00109,-3.00665],[10220,0.0477,-0.0936,9.5989,0.00576,0.00625,-3.05816],[10230,0.0432,-0.0201,9.7016,-0.00252,-0.0019,-3.08167],[10240,-0.0719,-0.0567,9.6482,-0.02123,-0.00689,-3.10989],[10250,-0.0145,0.0045,9.5785,0.00656,-0.00592,-3.12775],[10260,0.0985,0.1232,9.8043,-0.00614,0.00144,-3.12952],[10270,-0.0925,-0.0557,9.6677,0.00625,0.00369,-3.13747],[10280,0.0993,0.1072,9.8241,-0.00076,0.00452,-3.13171],[10290,0.1197,-0.0959,9.685,0.00084,0.0064,-3.13054],[10300,0.234,0.0267,9.9494,0.00693,0.00057,-3.10848],[10310,-0.0232,-0.0091,9.8766,0.00406,-0.00067,-3.09204],[10320,-0.121,0.1012,9.9105,0.01741,-0.02258,-3.06894],[10330,0.0487,-0.093,9.7892,0.00268,-0.00308,-3.02916],[10340,-0.0414,0.0551,9.5775,0.00688,0.00512,-2.99596],[10350,-0.0969,-0.1621,9.7924,0.0096,-0.0001,-2.94212],[10360,-0.0798,-0.116,9.5801,-0.00168,0.00448,-2.89349],[10370,-0.0995,-0.0463,9.881,0.00803,0.01335,-2.83352],[10380,-0.0096,-0.1529,9.8089,0.00018,0.00737,-2.76295],[10390,0.1963,-0.012,9.7919,0.00111,0.00402,-2.71501],[10400,0.0651,0.0387,9.7846,0.00425,0.00863,-2.64477],[10410,-0.113,-0.0637,9.8507,-0.0034,-0.00322,-2.57364],[10420,0.2567,-0.1231,10.0333,0.00123,-0.00541,-2.48746],[10430,-0.1501,-0.0058,10.0644,0.00699,0.00577,-2.41152],[10440,-0.1829,0.0003,9.6823,-0.00005,0.00569,-2.33074],[10450,-0.0446,-0.2307,9.7293,0.00762,-0.01481,-2.23735],[10460,-0.0763,0.0179,9.9801,0.00857,0.0041,-2.14588],[10470,0.0487,-0.0311,9.7378,-0.00793,-0.00376,-2.04647],[10480,-0.0938,0.3239,9.7964,0.01772,-0.00797,-1.96035],[10490,-0.0871,0.0329,9.8881,0.00848,-0.00477,-1.86843],[10500,-0.1288,0.1528,9.7721,-0.01954,-0.01401,-1.76574],[10510,0.0966,0.0932,9.7824,0.00799,0.01173,-1.66678],[10520,-0.0481,0.1073,9.908,0.0005,-0.00024,-1.57544],[10530,0.1341,-0.2093,9.6373,-0.01356,0.00832,-1.45958],[10540,0.1873,0.0774,9.9429,0.01166,0.01626,-1.3754],[10550,0.1448,0.1463,9.8915,-0.01315,0.02038,-1.25785],[10560,-0.1308,0.0212,9.8848,-0.00785,0.00626,-1.1794],[10570,0.075,-0.0648,9.6415,0.01178,0.01393,-1.08558],[10580,-0.0883,-0.0366,9.8927,0.00664,-0.01496,-0.98588],[10590,-0.0812,0.1156,9.814,0.00838,-0.00109,-0.89519],[10600,-0.0542,-0.0888,9.873,-0.00783,-0.00227,-0.81911],[10610,0.0053,-0.0325,9.7829,-0.01006,-0.00046,-0.71896],[10620,-0.281,-0.0021,9.799,0.01181,-0.01016,-0.63048],[10630,-0.008,0.022,9.8624,0.00917,0.00239,-0.57631],[10640,-0.1011,0.0259,10.0108,-0.01131,0.00116,-0.49365],[10650,-0.0149,-0.0084,9.8731,-0.00227,0.00812,-0.42397],[10660,-0.0233,0.1384,9.848,0.00379,-0.00227,-0.35734],[10670,-0.0113,0.1547,9.7978,0.01665,-0.0035,-0.30763],[10680,0.0243,-0.0653,9.7616,-0.0014,0.00303,-0.24239],[10690,0.2168,-0.1267,9.7792,-0.01458,0.00462,-0.17959],[10700,0.1635,0.0213,9.8573,-0.01755,0.00038,-0.14169],[10710,-0.0352,-0.0659,9.6897,0.00098,-0.00387,-0.10766],[10720,-0.0145,-0.01,9.7169,-0.00606,0.00172,-0.07618],[10730,-0.0153,0.0951,9.7964,-0.00858,0.0027,-0.04967],[10740,-0.1059,0.1506,9.803,-0.00753,-0.00045,-0.01805],[10750,-0.0167,-0.2126,9.9565,0.00167,0.01673,-0.02457],[10760,-0.0325,0.1528,9.9117,-0.0032,0.00231,-0.0114],[10770,0.1008,-0.0771,9.9265,0.01018,-0.00152,-0.00279],[10780,0.0222,0.1956,10.0008,0.01005,0.01296,-0.00029],[10790,-0.0512,0.1481,9.7001,-0.00131,0.00483,0.0086],[10800,0.0966,-0.238,9.6643,-0.00184,0.0028,0.00087],[10810,0.2409,-0.0067,9.8585,-0.00906,0.00383,-0.01039],[10820,0.1088,0.1224,9.7362,0.00035,0.00083,-0.00381],[10830,0.0311,-0.1401,9.6271,0.00505,0.0004,-0.00653],[10840,0.1032,-0.0966,9.6758,0.00289,0.00439,0.00407],[10850,0.0693,-0.0599,9.8274,0.01018,-0.00575,0.01642],[10860,-0.0529,0.0576,10.013,-0.00217,-0.00724,0.01227],[10870,0.1009,0.0106,9.9288,-0.00152,-0.00954,0.00779],[10880,0.0139,0.1104,9.894,0.00087,-0.00533,-0.00514],[10890,0.2158,0.1228,9.9187,0.00537,-0.00477,-0.00115],[10900,0.0283,-0.1757,9.7388,0.00381,-0.0152,-0.00302],[10910,0.1878,-0.2977,9.7144,0.01219,-0.01504,0.00451],[10920,0.0077,-0.0922,9.8264,0.00409,-0.00497,0.00245],[10930,0.0172,0.0729,9.8043,-0.00318,0.01101,-0.00404],[10940,0.1179,-0.0943,9.7986,0.00488,0.00096,0.00245],[10950,-0.1026,-0.1753,9.7183,-0.00146,0.00595,-0.00238],[10960,0.0511,0.0559,10.0964,0.01786,-0.00395,-0.00514],[10970,0.0213,0.151,9.8009,0.02052,0.01271,0.00756],[10980,0.1512,0.0898,9.9816,0.0097,-0.01096,-0.00594],[10990,-0.1302,-0.2664,9.9666,0.00247,0.00902,-0.00182],[11000,-0.098,0.024,9.603,-0.00885,0.00465,0.00463],[11010,0.0931,0.0012,9.5715,-0.00067,-0.01321,-0.00062],[11020,-0.1784,-0.0836,9.907,-0.01075,0.00154,-0.00483],[11030,-0.0051,0.0263,10.0074,-0.01151,-0.0098,0.0248],[11040,-0.0042,-0.0294,9.6307,0.00492,0.01316,0.00141],[11050,0.2079,-0.1507,10.031,0.01519,0.00848,0.00653],[11060,0.19,-0.0961,9.7802,-0.01714,-0.01059,-0.0063],[11070,0.1033,-0.1423,9.6737,-0.019,-0.0203,0.00016],[11080,-0.151,0.0006,9.643,-0.00527,0.00111,0.01593],[11090,0.1646,-0.0261,9.9829,-0.00911,-0.00369,-0.00855],[11100,-0.1074,0.0455,9.7809,-0.00014,-0.00978,0.00489],[11110,-0.0661,0.0503,9.719,-0.00755,-0.01102,-0.01771],[11120,-0.0353,0.0095,9.8543,-0.01036,-0.00923,0.00902],[11130,0.1461,-0.01,9.987,0.01366,-0.00888,-0.00835],[11140,-0.0208,0.0491,9.9384,0.00516,-0.00243,0.00165],[11150,0.0013,-0.2176,9.7681,0.00982,-0.00702,-0.00797],[11160,0.129,-0.0817,9.5735,0.01361,0.0094,0.00202],[11170,-0.0531,0.0982,9.9264,0.0068,-0.01068,0.01185],[11180,-0.0136,-0.0516,9.898,0.0077,0.00134,0.00492],[11190,-0.1926,0.2523,9.8437,0.00285,0.01034,0.00616],[11200,0.2118,0.0902,9.9077,0.00605,0.00977,0.00757],[11210,0.0625,-0.1381,9.9262,0.00798,-0.00129,0.00136],[11220,0.0374,-0.0707,10.0527,0.00423,-0.0028,-0.00338],[11230,-0.0307,0.0337,9.8713,0.00546,0.01438,-0.00088],[11240,0.0266,-0.1981,9.8332,-0.00875,0.00017,0.00214],[11250,0.0727,-0.2179,9.7302,0.00517,0.011,0.00584],[11260,-0.0514,0.0737,9.5838,-0.00316,-0.00361,0.00349],[11270,-0.2098,0.5085,9.5516,-0.00834,-0.00434,-0.14422],[11280,0.0694,0.7541,9.9812,0.00161,-0.0003,-0.14957],[11290,0.0771,0.5483,10.3245,-0.0012,0.00568,-0.15913],[11300,-0.0173,0.4441,10.6837,0.00222,0.00493,-0.14343],[11310,0.2013,0.2971,10.9229,0.00907,0.00812,-0.13069],[11320,0.1122,0.7197,10.9425,-0.00214,-0.00247,-0.13302],[11330,0.261,0.5428,11.5641,-0.00595,-0.00723,-0.14447],[11340,0.1481,0.5674,11.4753,0.00359,0.00172,-0.14933],[11350,0.0567,0.7297,12.0081,0.00386,0.00443,-0.12509],[11360,0.1469,0.4977,11.9887,-0.00075,-0.01111,-0.12875],[11370,0.2117,0.4378,12.1598,0.00086,0.00319,-0.11646],[11380,0.2058,0.2927,12.4683,-0.00078,-0.00897,-0.10904],[11390,0.0668,0.4318,12.2828,0.00228,0.00384,-0.10856],[11400,0.3983,0.3358,12.3338,-0.00394,-0.00082,-0.10045],[11410,0.1812,0.1051,12.3377,0.01355,-0.00604,-0.11089],[11420,0.2359,0.0719,12.3065,0.01438,-0.01265,-0.09291],[11430,0.1848,-0.0009,12.1614,-0.00646,-0.00696,-0.06672],[11440,0.2731,0.0442,11.9644,-0.00236,-0.01253,-0.0789],[11450,0.2447,0.0493,12.1456,0.00209,-0.00633,-0.0742],[11460,0.2944,-0.0049,11.9001,-0.00502,0.00319,-0.06663],[11470,0.1627,0.0783,11.8361,-0.00625,-0.00441,-0.0714],[11480,0.2913,-0.2216,11.7349,-0.00834,-0.00267,-0.05229],[11490,0.3221,-0.2909,11.3098,0.01143,0.00729,-0.0527],[11500,0.322,-0.315,11.0501,-0.0095,-0.01328,-0.0416],[11510,0.2989,-0.4423,10.9976,-0.00803,0.00229,-0.02709],[11520,0.236,-0.2753,10.7454,-0.00392,-0.00059,-0.03067],[11530,0.4288,-0.2754,10.433,-0.01159,-0.00273,-0.01167],[11540,0.4746,-0.8516,10.0681,-0.00211,0.00169,0.00745],[11550,0.3168,-0.4966,9.5713,-0.00363,0.00674,0.00513],[11560,0.1634,-0.8103,9.4341,-0.00066,0.00048,0.00159],[11570,0.3847,-0.5078,9.0258,-0.00202,0.00632,0.02535],[11580,0.3832,-0.4074,8.9785,-0.00223,-0.00681,0.03604],[11590,0.3962,-0.6948,8.8607,0.01642,0.00354,0.03937],[11600,0.4675,-0.7819,8.3498,-0.00455,-0.00593,0.04472],[11610,0.456,-0.8166,8.2117,0.01996,0.00167,0.04978],[11620,0.1714,-0.6566,7.8335,0.00781,0.00253,0.06977],[11630,0.0083,-0.4885,8.1465,0.01016,0.00735,0.06785],[11640,0.2597,-0.299,7.4657,-0.00668,0.0143,0.06579],[11650,0.4399,-0.5894,7.565,0.0003,0.00823,0.08931],[11660,0.0589,-0.5547,7.6248,0.01124,0.00306,0.08698],[11670,0.36,-0.4242,7.4192,0.00953,-0.01094,0.09416],[11680,0.5157,-0.2393,7.3481,-0.00608,0.0108,0.10241],[11690,0.3243,-0.369,7.4561,0.00885,-0.00016,0.11398],[11700,0.2795,-0.2505,7.4619,0.01302,0.0026,0.11398],[11710,0.2987,-0.0557,7.4402,-0.00116,0.00645,0.13229],[11720,0.0067,0.0027,7.4437,-0.01151,0.00789,0.11666],[11730,0.0858,0.2446,7.6725,0.00339,-0.01365,0.14031],[11740,0.1471,-0.0461,7.6428,-0.00995,0.00258,0.12139],[11750,0.4089,0.1684,7.9672,-0.01067,-0.00039,0.13696],[11760,-0.0446,0.0058,7.9498,0.00831,-0.0072,0.14747],[11770,0.3121,0.2869,8.4142,0.00758,-0.00205,0.14598],[11780,0.1849,0.4326,8.6638,-0.00231,-0.01478,0.13559],[11790,-0.055,0.0373,8.8913,-0.00196,-0.00867,0.1414],[11800,0.0292,0.3821,9.5031,-0.00247,-0.00573,0.14862],[11810,-0.0152,0.5099,9.2085,0.00505,-0.00003,0.15051],[11820,0.0145,0.4829,9.7017,-0.00391,-0.00294,0.14009],[11830,-0.1847,0.5852,9.9782,-0.0038,-0.00182,0.14009],[11840,0.0374,0.6971,10.3269,-0.0001,0.00044,0.1427],[11850,0.0101,0.3994,10.2907,-0.00042,-0.00374,0.15587],[11860,-0.0346,0.6748,10.7116,0.01741,-0.0152,0.16318],[11870,-0.0974,0.6634,11.0884,-0.00053,-0.005,0.14601],[11880,-0.2292,0.6698,11.2224,-0.01599,-0.00793,0.15195],[11890,-0.5133,0.5846,11.6312,0.00268,0.0102,0.14236],[11900,-0.1528,0.4242,11.6823,-0.00409,0.00635,0.13815],[11910,-0.0481,0.7743,11.8021,-0.00846,-0.00569,0.14483],[11920,-0.0982,0.8764,11.9814,0.00651,0.00637,0.13129],[11930,-0.298,0.3907,12.0608,0.00152,-0.00509,0.14028],[11940,-0.3777,0.4308,12.2372,-0.00382,0.00682,0.13764],[11950,-0.4824,0.425,12.1612,-0.00347,0.00427,0.10379],[11960,-0.2628,0.5396,12.3088,0.00534,-0.00274,0.11845],[11970,-0.0446,0.3797,12.2812,0.01312,-0.00384,0.10798],[11980,-0.5968,0.2579,12.3561,0.0072,0.00211,0.0947],[11990,-0.1438,0.242,12.2872,0.00183,0.00178,0.09137],[12000,-0.3405,-0.1619,11.9969,0.01026,-0.00875,0.0944],[12010,-0.28,-0.0256,11.8215,-0.00134,0.01149,0.08777],[12020,-0.3849,-0.1337,11.8826,-0.01397,-0.00748,0.06447],[12030,-0.3441,0.0496,11.5114,-0.00827,-0.01061,0.08934],[12040,-0.4333,-0.2977,11.3736,-0.00998,0.00851,0.03677],[12050,-0.53,-0.2277,11.2298,-0.00691,0.00661,0.03337],[12060,-0.285,-0.3852,11.0292,0.01159,0.002,0.01493],[12070,-0.2262,-0.1413,10.6468,0.01121,0.00777,0.02928],[12080,-0.2761,-0.3729,10.5228,-0.00057,-0.00728,0.0172],[12090,-0.1712,-0.6667,9.8928,0.01308,0.0044,0.01479],[12100,-0.4503,-0.3145,9.7828,-0.01592,-0.00227,-0.00047],[12110,-0.27,-0.5259,9.4942,0.00209,0.0098,0.0003],[12120,-0.3004,-0.5199,9.412,0.00191,0.0082,-0.00657],[12130,-0.3763,-0.7255,9.123,-0.00002,0.02224,-0.01292],[12140,-0.5321,-0.5769,8.7115,0.01222,-0.00434,-0.03671],[12150,-0.5029,-0.6693,8.5867,-0.00855,-0.01055,-0.01815],[12160,-0.1952,-0.3625,8.2916,0.00475,-0.0045,-0.04013],[12170,-0.2411,-0.631,8.3241,-0.00576,-0.00874,-0.06528],[12180,-0.3073,-0.1803,7.8313,0.00371,0.00703,-0.05473],[12190,-0.2008,-0.3966,7.5439,0.0109,0.00625,-0.0759],[12200,-0.4832,-0.5622,7.4738,-0.00466,-0.00699,-0.07152],[12210,-0.3157,-0.6427,7.5308,0.00384,0.00982,-0.07356],[12220,-0.1703,-0.4985,7.3761,0.00356,0.01224,-0.09932],[12230,-0.2421,-0.2907,7.3252,0.01142,-0.00641,-0.11796],[12240,0.0062,-0.1722,7.2982,0.00762,-0.00951,-0.09414],[12250,-0.2763,-0.3373,7.2986,0.01255,-0.00889,-0.10905],[12260,-0.0626,-0.1023,7.7238,0.00268,0.01234,-0.11703],[12270,-0.163,-0.0234,7.2913,0.00581,0.00148,-0.11935],[12280,-0.466,0.0433,7.5219,-0.0005,0.01578,-0.12662],[12290,-0.2691,-0.0569,7.6702,-0.00782,0.0057,-0.12869],[12300,0.0057,-0.014,7.8021,-0.00163,0.00898,-0.12591],[12310,-0.3698,0.3537,8.0896,0.01023,-0.00778,-0.13421],[12320,0.0014,0.1486,8.1756,-0.00474,0.00548,-0.12811],[12330,-0.2842,0.2133,8.5505,-0.0103,0.00397,-0.1489],[12340,-0.083,0.362,8.7082,0.00413,-0.00507,-0.14659],[12350,-0.1751,0.4912,8.713,0.00038,0.009,-0.13943],[12360,-0.0476,0.3827,9.2385,-0.00039,-0.00833,-0.15141],[12370,0.0029,0.7564,9.6326,-0.0083,-0.0104,-0.15338],[12380,0.02,0.4255,10.0273,0.00979,0.01406,-0.14066],[12390,-0.0866,0.3257,10.005,0.00886,0.00621,-0.13426],[12400,-0.1154,0.7379,10.2652,0.00501,-0.01356,-0.14097],[12410,0.2107,0.3116,10.5136,0.01322,-0.00585,-0.14641],[12420,0.0669,0.598,10.8631,0.00625,-0.00473,-0.13882],[12430,0.1095,0.5246,11.052,0.00735,0.01328,-0.12789],[12440,0.0288,0.7695,11.2857,-0.00036,0.00499,-0.12707],[12450,0.0889,0.7196,11.6159,0.00989,0.00563,-0.11813],[12460,-0.006,0.3715,11.7166,0.00313,0.01407,-0.11207],[12470,0.0205,0.6557,11.8382,-0.00471,-0.00061,-0.11858],[12480,0.3533,0.4791,11.9739,-0.00835,-0.00267,-0.1274],[12490,0.2432,0.5471,12.2675,-0.00426,-0.00817,-0.12074],[12500,0.1356,0.4086,12.1832,-0.01055,-0.01165,-0.11944],[12510,0.3137,0.3293,12.2461,0.01059,-0.01802,-0.10751],[12520,0.2704,0.5237,12.3,0.00164,0.00733,-0.09932],[12530,0.4761,0.0657,12.2264,-0.00226,-0.01536,-0.07919],[12540,0.2803,0.0558,12.2907,0.01075,-0.00171,-0.07768],[12550,0.1269,0.1554,11.9819,0.00145,0.00812,-0.08337],[12560,0.4355,0.0171,12.0292,0.00329,0.00711,-0.07925],[12570,0.3412,-0.1348,11.8657,0.00153,0.00108,-0.09081],[12580,0.4346,-0.1469,11.7779,0.00146,0.00529,-0.06284],[12590,0.344,-0.2436,11.4886,-0.00038,-0.0005,-0.05672],[12600,0.3105,-0.0987,11.3961,-0.01204,-0.00861,-0.05394],[12610,0.2074,-0.3311,11.1369,-0.00743,-0.0114,-0.03682],[12620,0.3209,-0.1699,10.8588,-0.00483,-0.00984,-0.0332],[12630,0.3158,-0.3414,10.5613,-0.00153,-0.00224,-0.0189],[12640,0.147,-0.4578,10.5195,0.00056,0.0169,-0.00838],[12650,0.5756,-0.4126,10.0348,0.00379,0.00812,0.01048],[12660,0.2777,-0.3921,9.7015,-0.01722,0.00107,-0.00722],[12670,0.3686,-0.6319,9.5547,0.00424,-0.00744,0.01293],[12680,0.253,-0.3611,9.0729,-0.00854,-0.01357,0.03661],[12690,0.3645,-0.6466,9.0392,-0.00361,0.00083,0.04721],[12700,0.2674,-0.6488,8.6749,-0.01503,-0.00984,0.02327],[12710,0.655,-0.6079,8.4583,-0.00019,0.00639,0.04046],[12720,0.5147,-0.6273,7.9978,-0.00812,0.01479,0.05138],[12730,0.1771,-0.6182,8.1365,-0.01198,-0.01031,0.06838],[12740,0.3565,-0.5014,7.7252,0.02391,-0.00789,0.07209],[12750,0.3217,-0.4759,7.6329,0.01188,0.00173,0.07391],[12760,0.559,-0.4913,7.5306,-0.00268,0.00774,0.06632],[12770,0.1014,-0.6119,7.2732,-0.00744,0.02055,0.10178],[12780,0.2572,-0.2907,7.3908,-0.00746,0.00435,0.10288],[12790,0.0983,-0.4368,7.2048,0.00358,-0.00008,0.11185],[12800,0.4298,-0.1594,7.3656,-0.01018,0.00814,0.12484],[12810,0.2471,-0.0689,7.243,-0.00488,-0.00446,0.12],[12820,0.0851,0.0998,7.5449,0.00338,-0.00359,0.11995],[12830,0.2629,-0.196,7.3732,0.00364,0.01208,0.13531],[12840,0.2184,0.1163,7.6728,0.00342,-0.00567,0.13216],[12850,0.5297,0.2964,7.5909,0.00908,-0.01228,0.13122],[12860,0.3126,0.241,7.979,-0.00499,0.00825,0.13945],[12870,0.3209,0.0132,8.2171,0.00197,0.00702,0.14176],[12880,0.0648,0.1881,8.3436,-0.00486,-0.00733,0.15558],[12890,0.2351,0.4094,8.4968,-0.00511,-0.00298,0.1355],[12900,0.028,0.3904,8.7569,-0.00793,0.01314,0.1589],[12910,0.0767,0.3356,9.128,-0.00411,0.00293,0.13707],[12920,-0.0258,0.4219,9.3756,0.00089,-0.00322,0.14789],[12930,0.0626,0.539,9.6595,-0.00239,0.00798,0.14725],[12940,-0.0203,0.451,10.0895,-0.0032,0.00474,0.15237],[12950,0.0571,0.7039,10.41,0.00535,-0.00431,0.14991],[12960,-0.0344,0.3167,10.3656,0.00468,0.00213,0.15462],[12970,-0.0794,0.8537,10.8247,0.00755,-0.01453,0.15659],[12980,0.0561,0.8343,11.2674,0.00327,0.01281,0.15477],[12990,0,0.6134,11.2847,0.00087,0.00914,0.15417],[13000,-0.0983,0.6023,11.4958,-0.00409,0.01449,0.14281],[13010,-0.0604,0.4866,11.7742,-0.01383,-0.00692,0.14182],[13020,-0.2647,0.2127,11.9069,-0.00157,0.01833,0.13944],[13030,-0.2356,0.3253,12.0416,-0.00183,-0.00195,0.15237],[13040,-0.1489,0.4901,12.1677,-0.00868,0.00447,0.12851],[13050,-0.1502,0.1368,12.2484,0.00949,0.00101,0.12045],[13060,-0.107,0.402,12.354,0.00126,0.00159,0.09669],[13070,-0.3752,0.3193,12.3364,-0.00593,-0.00578,0.11551],[13080,-0.4185,0.3459,12.3234,-0.01075,-0.00754,0.09726],[13090,-0.2111,0.225,12.4876,0.01801,-0.00118,0.09749],[13100,-0.3197,0.1142,12.0923,0.00693,-0.00088,0.09518],[13110,-0.3394,-0.0011,12.1518,0.00154,-0.00643,0.08108],[13120,-0.2697,0.0758,11.9818,0.00496,-0.01608,0.08672],[13130,-0.3359,-0.1522,11.7771,0.00182,-0.00827,0.08127],[13140,-0.4417,-0.006,11.602,0.01416,-0.00599,0.06151],[13150,-0.1465,-0.1713,11.3417,-0.01221,-0.01238,0.05489],[13160,-0.3884,-0.3133,11.3692,-0.00481,-0.00157,0.0377],[13170,-0.4121,-0.1961,11.2372,-0.00852,-0.00137,0.03252],[13180,-0.3149,-0.3216,10.6101,-0.00762,-0.00137,0.03405],[13190,-0.3145,-0.5342,10.5228,-0.01941,-0.00708,0.01477],[13200,-0.4161,-0.5748,10.0516,-0.01134,-0.00621,0.00087],[13210,-0.1308,-0.5928,9.7554,0.0097,-0.00378,0.00387],[13220,-0.2061,-0.5061,9.2989,0.0038,-0.00072,0.0091],[13230,-0.4112,-0.839,9.1657,-0.00259,0.00251,-0.00093],[13240,-0.2518,-0.5453,9.0646,0.00676,-0.00586,-0.0137],[13250,-0.2528,-0.5795,8.7242,-0.00002,-0.00599,-0.02866],[13260,-0.1501,-0.5082,8.421,-0.00178,-0.01028,-0.02526],[13270,-0.4345,-0.6087,8.2876,-0.00217,0.00612,-0.04669],[13280,-0.2759,-0.5917,8.074,0.01583,0.01266,-0.05013],[13290,-0.2476,-0.4241,7.766,-0.00708,-0.00034,-0.06896],[13300,-0.3858,-0.5379,7.7487,0.00294,-0.00922,-0.06],[13310,-0.3123,-0.6674,7.8482,0.00813,0.00518,-0.09016],[13320,-0.3248,-0.5083,7.3798,-0.0139,0.01284,-0.08601],[13330,-0.3823,-0.4576,7.2964,0.00938,-0.0058,-0.08487],[13340,-0.313,-0.2083,7.3546,-0.01285,0.00739,-0.09413],[13350,-0.3251,-0.3804,7.1996,-0.01321,0.00894,-0.10277],[13360,-0.2416,-0.1611,7.2089,0.00954,0.00572,-0.10904],[13370,-0.2476,-0.0884,7.3792,-0.00576,-0.00589,-0.10192],[13380,-0.0645,-0.0657,7.4197,-0.00517,0.00174,-0.12842],[13390,-0.0367,-0.0488,7.5168,0.00457,-0.01158,-0.10654],[13400,-0.0463,-0.1137,7.448,-0.00034,0.00034,-0.11191],[13410,-0.2629,0.0503,7.6408,0.00691,-0.00471,-0.14035],[13420,-0.0638,0.3503,8.1149,-0.01116,-0.0012,-0.12629],[13430,-0.0523,0.3262,8.1971,0.0099,0.00105,-0.14965],[13440,-0.2231,0.4995,8.6115,-0.00536,-0.00037,-0.14822],[13450,-0.0894,0.5103,8.6614,0.00641,0.00596,-0.15066],[13460,0.1231,0.39,9.0014,-0.00403,-0.01035,-0.15896],[13470,0.0242,0.396,9.2578,0.01182,-0.00481,-0.15934],[13480,-0.052,0.3989,9.4919,-0.00798,-0.01102,-0.15412],[13490,0.1182,0.5786,9.7655,0.01199,0.00473,-0.14306],[13500,0.1811,0.4805,10.0707,-0.00775,0.00044,-0.14275],[13510,0.0135,0.549,10.4857,-0.00971,-0.00564,-0.16012],[13520,-0.1641,0.3577,10.6517,0.00259,-0.01569,-0.15836],[13530,-0.1549,0.4741,11.0269,-0.00116,0.00645,-0.15172],[13540,0.3531,0.7023,11.3498,-0.00329,0.00465,-0.14108],[13550,0.0549,0.5438,11.4309,0.00233,0.0048,-0.12962],[13560,0.3781,0.5684,11.8144,0.0125,0.00526,-0.14498],[13570,0.2053,0.3701,11.7393,0.00598,0.00205,-0.13243],[13580,-0.0698,0.5994,12.0254,0.0031,-0.00387,-0.12185],[13590,0.2236,0.4215,12.1989,0.0089,-0.00868,-0.12012],[13600,0.3341,0.5043,12.1172,0.00232,0.00014,-0.10221],[13610,0.4096,0.5125,12.2768,-0.01408,0.00241,-0.11262],[13620,0.3445,0.4099,12.2138,-0.00666,-0.0207,-0.10779],[13630,0.1069,0.5287,12.467,0.00205,-0.00083,-0.10767],[13640,0.1479,0.1675,12.3232,0.01374,-0.00961,-0.09758],[13650,0.1461,0.2903,12.2454,0.0111,0.0016,-0.083],[13660,0.2689,0.0523,12.1021,-0.01041,0.00569,-0.08734],[13670,0.3,0.0955,12.0177,0.00406,-0.00964,-0.06817],[13680,0.26,-0.1173,11.8288,0.00715,-0.00558,-0.05827],[13690,0.2802,-0.0434,11.7199,-0.00287,-0.00237,-0.05533],[13700,0.6206,-0.1965,11.5942,0.00989,-0.00855,-0.03331],[13710,0.1866,-0.3076,11.3125,0.00101,-0.00544,-0.05237],[13720,0.1869,-0.1977,11.0523,0.01293,-0.00667,-0.03575],[13730,0.3555,-0.0752,10.8707,0.00778,0.0041,-0.02472],[13740,0.2263,-0.3819,10.4643,0.01553,0.00138,-0.02416],[13750,0.3031,-0.3879,10.3194,-0.00075,-0.00048,-0.01732],[13760,0.2497,-0.3246,10.0752,0.00351,0.00465,-0.00746],[13770,0.2125,-0.7341,9.6477,-0.01084,-0.0127,0.00745],[13780,0.0602,-0.533,9.3521,0.005,-0.00079,0.01171],[13790,0.4159,-0.3169,9.3055,-0.00337,-0.0112,0.01042],[13800,0.5132,-0.5017,8.8303,0.0015,0.00016,0.03554],[13810,0.2798,-0.2454,8.7359,-0.00983,-0.01072,0.03711],[13820,0.433,-0.5962,8.3246,0.01042,-0.00494,0.0489],[13830,0.302,-0.7273,8.1167,0.0022,0.00254,0.07121],[13840,0.1275,-0.5381,7.9647,0.01804,-0.00516,0.04954],[13850,0.4199,-0.6648,7.8473,-0.01539,0.00162,0.06519],[13860,0.4049,-0.6459,7.456,0.00029,-0.00617,0.06964],[13870,0.295,-0.4601,7.6115,-0.00432,0.00546,0.07124],[13880,0.0936,-0.3143,7.5821,0.00022,-0.00587,0.09897],[13890,0.3678,-0.504,7.4117,0.0121,-0.01012,0.09585],[13900,0.2636,-0.235,7.1968,-0.00133,-0.00549,0.09651],[13910,0.0487,-0.184,7.2675,0.00277,0.00238,0.10391],[13920,0.2227,-0.2007,7.4519,0.00908,0.00475,0.1122],[13930,0.2437,-0.2328,7.5903,0.00778,0.00069,0.11812],[13940,-0.031,-0.0524,7.3958,-0.00007,-0.00092,0.1212],[13950,0.4156,0.0498,7.5146,-0.00108,-0.01123,0.12416],[13960,0.2402,0.0116,7.726,-0.0037,-0.01006,0.13776],[13970,0.2301,0.0625,7.9282,0.00995,0.0086,0.13317],[13980,0.1053,0.2791,8.3211,0.00084,-0.00036,0.13909],[13990,0.0469,0.1845,8.2281,-0.00806,0.01866,0.14788],[14000,0.1316,0.3068,8.4528,-0.00078,0.00754,0.15533],[14010,0.0933,0.3172,8.7687,-0.00301,0.00853,0.14679],[14020,0.0933,0.2989,9.1509,-0.0099,-0.00028,0.13652],[14030,0.2071,0.4114,9.3455,-0.0008,0.00803,0.13932],[14040,-0.1483,0.4491,9.6012,0.00178,-0.00699,0.14838],[14050,-0.1663,0.7498,10.1348,-0.0148,-0.0097,0.15338],[14060,-0.0669,0.6843,10.2998,0.00488,-0.00061,0.14926],[14070,-0.2878,0.5026,10.4671,0.00752,-0.00507,0.13575],[14080,-0.2484,0.5175,10.6875,0.0002,0.01392,0.14401],[14090,-0.0104,0.6315,10.8943,0.0068,-0.00104,0.15059],[14100,-0.1275,0.7301,11.4096,-0.00031,0.00855,0.15467],[14110,0.0343,0.489,11.6147,0.00168,-0.00375,0.13468],[14120,-0.3159,0.4609,11.6364,0.00644,0.00341,0.13309],[14130,-0.0744,0.7133,11.9396,0.00196,0.00163,0.12593],[14140,-0.1102,0.5688,12.033,0.00563,-0.0033,0.13837],[14150,-0.3526,0.4598,12.0963,-0.00174,-0.01523,0.127],[14160,-0.0771,0.5633,12.0985,0.01246,-0.01076,0.11735],[14170,-0.2123,0.1771,12.4102,0.00217,0.00657,0.11155],[14180,-0.4468,0.3463,12.3196,0.01501,-0.00219,0.09708],[14190,-0.389,0.1465,12.142,-0.00912,-0.00698,0.10414],[14200,-0.2614,0.0894,12.2834,0.00162,-0.0019,0.10698],[14210,-0.2544,-0.0195,12.3694,-0.00498,0.00297,0.09087],[14220,-0.044,0.2823,12.2046,-0.00499,0.00408,0.09491],[14230,-0.3457,0.1787,11.909,0.00218,-0.00088,0.06561],[14240,-0.3669,0.0269,11.8861,-0.01001,-0.00509,0.06401],[14250,-0.0996,0.0378,11.6936,0.0191,0.00279,0.05917],[14260,-0.3334,-0.2701,11.4566,0.00535,0.01206,0.06555],[14270,-0.3365,-0.335,11.0792,0.00535,-0.01167,0.05664],[14280,-0.4145,-0.3643,10.8287,-0.01549,0.00186,0.01861],[14290,-0.304,-0.4214,10.6295,-0.00921,-0.00227,0.0395],[14300,-0.2222,-0.4441,10.6234,-0.00637,-0.00424,0.01067],[14310,-0.3699,-0.4062,10.2233,0.00265,0.00078,0.02642],[14320,-0.467,-0.5952,9.9524,0.00942,-0.00867,0.00916],[14330,-0.4869,-0.6536,9.7189,-0.0045,0.01087,0.00117],[14340,-0.1913,-0.5327,9.2438,0.0072,-0.00782,-0.02353],[14350,-0.4746,-0.5436,8.9147,0.00525,-0.00586,-0.01044],[14360,-0.4168,-0.8428,8.7569,-0.00819,-0.00449,-0.02749],[14370,-0.383,-0.6526,8.6464,0.00379,0.00545,-0.04218],[14380,-0.382,-0.5589,8.3237,0.00718,-0.00332,-0.04074],[14390,-0.4203,-0.6222,8.16,-0.00583,-0.00705,-0.05823],[14400,-0.4419,-0.6845,7.8356,0.02036,0.00172,-0.0586],[14410,-0.3421,-0.3599,7.7311,-0.00607,0.00008,-0.06381],[14420,-0.2071,-0.4647,7.5516,0.00582,0.00856,-0.07991],[14430,-0.1382,-0.5328,7.2465,-0.01287,-0.00699,-0.08056],[14440,-0.2841,-0.4173,7.3192,-0.00417,-0.0023,-0.08549],[14450,-0.5006,-0.4751,7.3665,0.01917,0.00962,-0.10038],[14460,-0.2705,-0.4594,7.0941,-0.00869,-0.00154,-0.09025],[14470,-0.2884,-0.2337,7.1789,0.00978,-0.00186,-0.10858],[14480,-0.0923,-0.2494,7.4018,0.01401,0.0087,-0.11592],[14490,-0.1948,0.0721,7.3288,-0.01554,-0.00172,-0.12075],[14500,-0.0096,-0.055,7.5873,0.00845,-0.00067,-0.12526],[14510,-0.2758,-0.0563,7.4957,-0.00648,-0.00306,-0.13674],[14520,-0.2755,0.2343,7.988,0.00068,0.001,-0.1251],[14530,-0.0642,0.0827,7.9338,0.00342,0.00611,-0.14086],[14540,-0.1533,0.2841,8.0552,-0.01028,-0.00726,-0.13217],[14550,-0.2118,0.3594,8.5579,-0.00518,0.00094,-0.14896],[14560,0.0857,0.5749,8.8889,-0.00533,0.00031,-0.13994],[14570,-0.097,0.2028,8.9675,0.00174,-0.00087,-0.13777],[14580,-0.0429,0.5984,9.3075,0.00409,-0.01354,-0.14588],[14590,-0.017,0.4846,9.4128,0.00342,0.00127,-0.14617],[14600,-0.0815,0.6204,9.9484,-0.00946,0.01215,-0.15014],[14610,-0.0541,0.4892,9.9211,0.00155,0.00967,-0.14994],[14620,-0.1052,0.4207,10.3644,0.00422,0.00663,-0.15618],[14630,0.0994,0.7607,10.5628,0.00768,-0.00228,-0.14174],[14640,0.1692,0.4993,10.8616,0.01411,-0.00756,-0.12798],[14650,0.0445,0.4879,11.1921,0.002,0.00977,-0.12774],[14660,-0.0498,0.7345,11.2485,-0.00707,-0.00702,-0.14047],[14670,0.1071,0.5855,11.4691,0.00731,0.00694,-0.1446],[14680,0.2249,0.7068,11.6928,-0.00267,0.01008,-0.1343],[14690,0.3233,0.5917,12.0218,0.00373,-0.00668,-0.1277],[14700,0.2066,0.4645,12.1571,0.00323,-0.00982,-0.12473],[14710,0.3107,0.5379,12.1275,0.00736,-0.00641,-0.12026],[14720,0.2735,0.4675,12.0614,0.00198,-0.00256,-0.10703],[14730,0.2763,0.3468,12.5715,-0.00945,0.00341,-0.10258],[14740,0.2948,0.3472,12.1438,0.01108,-0.00124,-0.10582],[14750,0.284,0.0488,12.3976,0.00677,0.00144,-0.09124],[14760,0.4781,0.2273,12.5179,0.00262,-0.01136,-0.09095],[14770,0.3652,0.1057,12.1315,0.01018,0.01276,-0.08538],[14780,0.2205,-0.1038,12.3187,0.00952,0.01104,-0.07452],[14790,0.2503,-0.2183,12.0472,-0.00733,0.00121,-0.06259],[14800,0.3786,0.0296,11.6801,-0.01115,-0.01398,-0.06287],[14810,0.271,0.0381,11.5022,0.00063,-0.01205,-0.05767],[14820,0.2981,-0.1564,11.4125,-0.01367,-0.004,-0.04419],[14830,0.4465,-0.3245,11.1056,-0.00821,0.00381,-0.04002],[14840,0.6343,-0.1996,10.9268,0.00248,-0.00762,-0.02755],[14850,0.181,-0.2641,10.3345,0.00603,-0.00938,-0.01236],[14860,0.2475,-0.5889,10.2833,-0.00865,-0.00005,0.00066],[14870,0.3424,-0.3828,10.0744,-0.00941,-0.01004,-0.00041],[14880,0.1951,-0.5902,9.6948,-0.00181,-0.00938,0.00121],[14890,0.2841,-0.5396,9.4375,-0.00071,0.00188,0.00899],[14900,0.2855,-0.682,9.1587,0.00853,0.00383,0.02152],[14910,0.4726,-0.6982,8.8006,-0.00358,0.01282,0.02526],[14920,0.235,-0.6085,8.5591,0.01565,-0.00119,0.02379],[14930,0.3199,-0.4975,8.3849,0.00466,0.00531,0.05671],[14940,0.304,-0.5325,8.2966,0.0038,-0.01794,0.05901],[14950,0.4234,-0.5103,8.1385,-0.00335,0.0108,0.05139],[14960,0.3942,-0.7,7.9022,0.01798,0.00612,0.06704],[14970,0.3817,-0.5883,7.5829,-0.00575,-0.01424,0.07608],[14980,0.1084,-0.3671,7.4625,-0.00276,0.00612,0.08818],[14990,0.3646,-0.5687,7.5038,-0.00804,0.01026,0.09282],[15000,0.2567,-0.4687,7.2372,-0.01227,-0.00263,0.10009],[15010,0.1194,-0.295,7.277,0.00428,-0.00235,0.10585],[15020,0.1847,-0.4028,7.2323,0.00463,-0.00272,0.0996],[15030,0.3577,-0.1499,7.5109,0.00527,0.00375,0.1269],[15040,0.1534,-0.3235,7.4072,0.00214,0.0091,0.11958],[15050,0.1508,-0.0112,7.3932,0.0016,0.00724,0.14477],[15060,0.0783,0.0453,7.7665,0.00422,0.00754,0.14223],[15070,0.2385,-0.0659,7.7686,-0.00698,-0.00791,0.12495],[15080,0.0806,0.055,7.9433,-0.00903,0.01664,0.13331],[15090,0.0888,0.3405,7.9217,0.00029,-0.00377,0.13225],[15100,0.0937,0.2853,8.3815,0.01898,0.00782,0.14064],[15110,0.1244,0.4193,8.6056,0.00507,-0.01872,0.1342],[15120,-0.0991,0.402,8.8832,-0.00641,-0.00746,0.14683],[15130,0.0429,0.5694,9.0536,0.0027,-0.01277,0.13906],[15140,0.0245,0.371,9.2484,-0.00027,-0.00677,0.1443],[15150,0.0647,0.3055,9.5633,-0.00417,0.00244,0.14055],[15160,0.0949,0.5714,10.089,0.01022,-0.00022,0.13559],[15170,0.15,0.6726,10.0956,0.00115,0.00022,0.13455],[15180,-0.0377,0.2971,10.2933,-0.01813,0.01741,0.14416],[15190,0.1157,0.5505,11.0734,0.00422,0.00273,0.1499],[15200,-0.1147,0.5828,11.2716,0.00035,0.00925,0.16074],[15210,-0.191,0.5903,11.2289,-0.00538,-0.00263,0.14925],[15220,-0.1959,0.4911,11.5015,0.00507,-0.00716,0.12443],[15230,0.0216,0.5711,11.4961,0.01371,-0.01181,0.14804],[15240,0.0303,0.5043,11.8574,0.00032,0.00642,0.13366],[15250,-0.1838,0.5817,12.0456,-0.0059,0.00265,0.13166],[15260,-0.3392,0.5928,12.249,-0.00001,0.00926,0.11487],[15270,-0.2913,0.6752,12.1506,0.00284,-0.00202,0.12954],[15280,-0.0833,0.3332,12.3194,0.00115,-0.01124,0.097],[15290,-0.4093,0.5282,12.0199,0.00764,-0.00237,0.11096],[15300,-0.2536,0.3637,12.145,0.01492,-0.00457,0.09998],[15310,-0.378,0.0758,12.0613,-0.00213,-0.00323,0.10386],[15320,-0.3187,0.2216,12.1732,0.0044,0.00762,0.10046],[15330,-0.308,0.2029,12.1063,0.00202,-0.00808,0.09061],[15340,-0.1923,-0.0123,12.0134,0.00974,-0.00514,0.07334],[15350,-0.5767,-0.0883,11.7428,0.00356,-0.00737,0.05538],[15360,-0.2752,-0.1828,11.6752,0.01075,-0.00483,0.0549],[15370,-0.3114,-0.0398,11.4618,0.00987,-0.0065,0.05485],[15380,-0.201,-0.2574,11.2931,0.00834,-0.01084,0.04532],[15390,-0.358,-0.3,10.8043,-0.00022,0.00845,0.02433],[15400,-0.2514,-0.4056,10.5916,-0.01523,0.00782,0.03263],[15410,-0.1931,-0.3509,10.1915,-0.0014,0.00597,0.02275],[15420,-0.1605,-0.1578,10.1539,-0.00661,0.00646,0.0175],[15430,-0.5056,-0.5039,9.7853,0.00411,-0.00217,0.00084],[15440,-0.3565,-0.5439,9.7582,0.01077,-0.00794,-0.00497],[15450,-0.4334,-0.5193,9.2531,-0.00304,0.00351,-0.0102],[15460,-0.2888,-0.4541,9.1936,-0.00656,-0.00601,-0.03566],[15470,-0.2223,-0.4931,8.8246,0.00035,0.01086,-0.0341],[15480,-0.4934,-0.4288,8.4627,-0.00206,0.0044,-0.04746],[15490,-0.2502,-0.716,8.4195,-0.00773,-0.00282,-0.04819],[15500,-0.5555,-0.5544,8.1185,-0.00966,0.00011,-0.05765],[15510,-0.5262,-0.7979,7.8427,-0.00083,-0.00551,-0.07491],[15520,-0.1658,-0.685,7.693,0.00108,-0.00354,-0.06468],[15530,-0.2859,-0.4996,7.6917,-0.01411,0.0134,-0.0775],[15540,-0.4447,-0.2859,7.4896,0.00185,0.00812,-0.07542],[15550,-0.4713,-0.5237,7.293,0.00767,-0.01075,-0.11341],[15560,-0.3859,-0.4997,7.3775,-0.00647,0.00126,-0.09104],[15570,-0.4462,-0.1017,7.0753,-0.00029,0.00591,-0.10822],[15580,-0.1966,-0.2012,7.3287,-0.01344,0.01056,-0.11079],[15590,-0.1288,-0.2287,7.4803,0.00453,0.0021,-0.11461],[15600,-0.4444,-0.3001,7.5229,0.00335,-0.00257,-0.13127],[15610,-0.0675,-0.1021,7.6402,-0.00342,-0.00955,-0.1149],[15620,0.0476,0.0536,7.8494,0.00269,0.01055,-0.13334],[15630,-0.0441,0.0717,7.7781,-0.00906,-0.00314,-0.13111],[15640,-0.1181,-0.0345,7.886,-0.00149,0.00305,-0.14361],[15650,-0.1633,0.4058,8.0117,0.00566,-0.00589,-0.14448],[15660,-0.0603,0.0974,8.4004,-0.00351,0.01012,-0.13651],[15670,-0.0375,0.2627,8.5901,0.00425,-0.00047,-0.14004],[15680,-0.1328,0.2899,8.993,-0.00637,0.01118,-0.15038],[15690,-0.15,0.3754,9.1627,0.00048,-0.0073,-0.15203],[15700,0.1157,0.4656,9.6717,-0.00937,-0.01321,-0.14709],[15710,-0.0914,0.5512,9.9403,0.01097,0.00559,-0.15201],[15720,0.1451,0.5846,10.263,-0.00077,-0.01291,-0.15318],[15730,0.072,0.585,10.2008,0.00728,-0.00526,-0.12726],[15740,-0.1547,0.5224,10.9536,0.00391,0.00151,-0.15738],[15750,0.1819,0.3286,10.7584,0.00834,0.01124,-0.13259],[15760,0.0234,0.5965,11.3886,-0.00197,0.011,-0.13681],[15770,-0.0131,0.659,11.3113,-0.03142,-0.00162,-0.13536],[15780,0.2306,0.6338,11.6568,-0.00409,0.01064,-0.13764],[15790,0.1502,0.4273,11.5849,-0.00429,0.0031,-0.12248],[15800,0.1475,0.4691,12.0051,-0.00673,-0.00748,-0.1285],[15810,0.3542,0.5513,11.8514,-0.00511,-0.00171,-0.12555],[15820,0.0851,0.5011,12.021,0.00393,0.0068,-0.12708],[15830,0.1622,0.3526,12.3376,0.00085,0.00052,-0.12312],[15840,0.2055,0.18,12.2366,0.01164,-0.00477,-0.09421],[15850,0.2905,0.2142,12.2106,0.00279,-0.00959,-0.08907],[15860,0.239,0.2074,12.1563,0.00044,0.00003,-0.09862],[15870,0.1102,0.2276,12.3638,-0.00679,0.00742,-0.09134],[15880,0.2199,-0.0931,12.1582,0.00877,-0.01552,-0.07811],[15890,0.2522,0.1155,11.8799,0.00657,-0.00044,-0.06181],[15900,0.3272,-0.0548,11.917,-0.00843,-0.00797,-0.07054],[15910,0.3045,-0.0145,11.6608,0.00282,0.00569,-0.07239],[15920,0.3985,-0.0596,11.6619,-0.0002,0.01328,-0.04167],[15930,0.4659,-0.33,11.294,0.00853,0.00308,-0.04717],[15940,0.429,-0.5269,11.0553,-0.00762,-0.00601,-0.03295],[15950,0.2684,-0.4863,10.8482,0.02509,-0.01225,-0.03118],[15960,0.1697,-0.6023,10.6134,0.0051,-0.01071,-0.01093],[15970,0.1739,-0.487,10.3614,0.01264,0.00278,-0.02614],[15980,0.2329,-0.6659,10.0523,0.00789,-0.01845,-0.01295],[15990,0.3881,-0.5909,9.5267,0.01339,-0.01447,0.01523],[16000,0.2327,-0.6328,9.4791,-0.01948,-0.00662,0.0201],[16010,0.3698,-0.511,9.186,-0.00286,0.00231,0.0214],[16020,0.1839,-0.6052,8.8933,0.00847,0.02211,0.033],[16030,0.3595,-0.5353,8.6065,-0.00646,-0.00563,0.04401],[16040,0.4715,-0.7953,8.467,0.01004,0.00585,0.05964],[16050,0.4362,-0.5224,8.2367,0.00078,0.00493,0.05729],[16060,0.1584,-0.5872,8.0157,-0.00644,0.00352,0.06705],[16070,0.4213,-0.4753,7.8497,0.00615,0.00379,0.07533],[16080,0.2051,-0.5338,7.6978,0.01033,0.00139,0.07656],[16090,0.1445,-0.3505,7.5619,0.00368,-0.01376,0.07955],[16100,0.2022,-0.462,7.5378,-0.00141,0.00879,0.08598],[16110,-0.0465,-0.5337,7.4669,0.00891,0.00801,0.09999],[16120,0.0167,-0.3195,6.9905,-0.00787,0.00424,0.10792],[16130,0.3273,-0.3847,7.1491,0.00556,-0.0145,0.09527],[16140,0.3363,-0.1423,7.442,-0.00973,0.0028,0.12883],[16150,0.2263,-0.1969,7.2806,0.00705,-0.00605,0.1246],[16160,0.158,-0.0037,7.4162,-0.00636,-0.00168,0.13434],[16170,0.2963,-0.0142,7.4992,-0.00591,-0.00199,0.12402],[16180,0.167,0.2504,7.5776,-0.01451,0.00278,0.13355],[16190,0.1946,0.1008,8.0182,-0.00205,0.00591,0.13635],[16200,0.25,0.399,8.1433,-0.01422,0.00382,0.12844],[16210,-0.0342,0.376,8.2547,-0.00031,0.00417,0.12634],[16220,0.0641,0.1733,8.5822,-0.00654,0.00207,0.14342],[16230,0.2294,0.5316,8.7669,-0.00194,0.00093,0.16767],[16240,0.0098,0.3087,9.1023,-0.01224,0.0063,0.14159],[16250,0.0483,0.5172,9.5505,0.00363,0.00459,0.1565],[16260,-0.1723,0.4194,9.5907,0.00903,-0.00208,0.14467],[16270,0.0321,0.8582,10.0172,0.00856,0.00177,0.14554],[16280,0.0125,0.5856,10.1357,-0.00732,0.01225,0.15523],[16290,-0.0467,0.5934,10.5615,0.01086,-0.00155,0.16146],[16300,-0.1407,0.2926,10.6936,0.0099,0.00647,0.15506],[16310,-0.1123,0.8409,11.0334,-0.00218,-0.00562,0.13213],[16320,0.1656,0.6147,11.2513,-0.00266,-0.01439,0.14541],[16330,0.1096,0.5509,11.3407,0.01748,-0.00419,0.14647],[16340,-0.1051,0.4968,11.6107,-0.00271,-0.00172,0.14142],[16350,-0.1868,0.5467,11.7688,0.00275,-0.00289,0.13438],[16360,-0.3085,0.4256,12.0502,0.00335,-0.00314,0.1364],[16370,-0.1181,0.3473,12.2802,-0.00163,0.00246,0.12617],[16380,-0.34,0.5236,11.9936,0.00635,-0.0061,0.12036],[16390,-0.2018,0.3133,12.1967,0.00719,0.00453,0.10942],[16400,-0.1361,0.5103,12.0879,0.00462,-0.0195,0.11661],[16410,-0.3596,0.3681,12.3508,-0.00627,0.00423,0.10304],[16420,-0.1189,0.0715,12.0576,0.00375,-0.00976,0.09871],[16430,-0.227,0.3254,12.2097,0.00626,0.00053,0.09619],[16440,-0.3464,0.0395,11.9788,0.01046,-0.00908,0.09388],[16450,-0.2444,0.1587,12.0683,-0.00854,-0.00234,0.08185],[16460,-0.2678,-0.0039,11.891,-0.00002,0.00382,0.06344],[16470,-0.3651,-0.1667,11.5195,-0.00798,-0.00337,0.0648],[16480,-0.294,-0.0198,11.3395,-0.00001,-0.00481,0.05185],[16490,-0.4257,-0.3953,10.9895,-0.002,0.00322,0.03837],[16500,-0.2387,-0.3434,10.8559,-0.00586,0.00467,0.01954],[16510,-0.1611,-0.3978,10.9003,-0.00033,-0.00024,0.03439],[16520,-0.3877,-0.177,10.1676,-0.00247,-0.00317,0.0324],[16530,-0.1447,-0.8354,10.3222,-0.0035,-0.00278,0.01478],[16540,-0.4095,-0.2043,9.9324,0.00089,0.00102,-0.01099],[16550,-0.4477,-0.6399,9.6268,0.00746,-0.00897,-0.02095],[16560,-0.3131,-0.5865,9.3531,0.00037,-0.00159,-0.00001],[16570,-0.2664,-0.4516,9.2431,-0.00955,0.00126,-0.03088],[16580,-0.3323,-0.6356,8.7436,-0.0007,0.00541,-0.02639],[16590,-0.3249,-0.5923,8.3591,0.00054,0.00367,-0.02984],[16600,-0.1982,-0.7053,8.2222,-0.00634,-0.00798,-0.05389],[16610,-0.3697,-0.6104,8.0028,0.00191,-0.00975,-0.03208],[16620,-0.2731,-0.6082,7.9993,-0.00485,0.00327,-0.07567],[16630,-0.4644,-0.553,7.9943,-0.00837,-0.00569,-0.05556],[16640,-0.3258,-0.4816,7.6433,-0.0036,0.00315,-0.07223],[16650,-0.2536,-0.4151,7.5765,0.00668,0.00362,-0.07423],[16660,-0.2861,-0.4142,7.2815,-0.01001,0.00344,-0.08634],[16670,-0.3141,-0.4537,7.1444,0.00467,0.00649,-0.08078],[16680,-0.2081,-0.3373,7.346,-0.01162,0.00571,-0.09357],[16690,-0.2942,-0.3371,7.1507,-0.00311,-0.00371,-0.12378],[16700,-0.0672,-0.3173,7.4739,0.0012,0.00029,-0.1021],[16710,-0.3223,-0.3286,7.5876,0.01334,-0.00783,-0.11227],[16720,-0.1623,-0.0885,7.5404,-0.00036,-0.00181,-0.11183],[16730,-0.0276,-0.0335,7.6582,-0.00391,0.00474,-0.13003],[16740,-0.1318,0.0091,7.9119,0.00389,-0.01176,-0.13696],[16750,0.048,0.2321,7.9535,0.00475,-0.00029,-0.13047],[16760,-0.2296,0.1694,8.2254,-0.0016,-0.00091,-0.14722],[16770,-0.2558,0.432,8.32,0.00971,-0.01711,-0.13486],[16780,-0.052,0.2475,8.934,0.00428,0.00838,-0.13899],[16790,0.1369,0.3213,8.892,0.00529,-0.00187,-0.14088],[16800,-0.1505,0.348,9.2935,0.01289,-0.01349,-0.14572],[16810,-0.0237,0.711,9.603,0.01407,0.00817,-0.14425],[16820,0.2014,0.0615,9.7523,0.01632,-0.00126,0.00335],[16830,0.0214,0.0882,9.7342,0.00955,-0.00278,0.00825],[16840,-0.0428,-0.0439,9.7822,-0.01852,-0.00692,-0.02406],[16850,-0.2281,-0.0458,9.9188,-0.01631,0.00317,0.00251],[16860,-0.1626,-0.1779,9.753,0.00153,-0.00101,0.00076],[16870,-0.0497,-0.1909,9.822,-0.00108,0.00036,0.00401],[16880,-0.2174,-0.226,9.7483,-0.00047,0.00427,-0.00437],[16890,-0.1666,-0.1493,9.9772,-0.00027,-0.00944,0.00711],[16900,0.0283,-0.1658,9.6963,0.00266,-0.01132,-0.01365],[16910,-0.095,0.0424,9.6613,0.01161,0.01603,-0.00259],[16920,0.0111,0.1978,9.9287,-0.01139,0.00942,0.00757],[16930,0.1335,-0.0225,9.8232,-0.00245,-0.01218,0.00202],[16940,0.1072,-0.056,9.7378,-0.00575,-0.00422,-0.02196],[16950,0.0378,-0.0886,9.7119,-0.00876,0.00401,0.0102],[16960,-0.1473,-0.1201,9.9627,0.00368,0.01008,-0.00165],[16970,-0.0362,-0.2245,9.7817,0.00717,-0.00564,-0.00658],[16980,0.0397,0.1343,9.9391,-0.00932,-0.00645,-0.00205],[16990,0.0772,0.1077,9.5122,0.00029,-0.00943,-0.01658],[17000,-0.1593,-0.0186,9.6019,-0.00751,-0.01285,0.00237],[17010,0.1052,-0.0842,9.6862,0.00988,0.01211,0.01746],[17020,-0.1628,-0.0275,9.8623,0.00551,-0.00027,0.00639],[17030,0.1061,-0.1754,9.5891,-0.00647,-0.01003,-0.0012],[17040,-0.001,0.1484,9.9803,0.00414,-0.01272,0.01294],[17050,0.1721,-0.0301,9.7376,0.00148,0.00037,0.00912],[17060,0.0632,0.2236,9.6407,0.01134,-0.01098,0.00844],[17070,-0.101,-0.2654,9.7305,0.01403,-0.00685,0.00431],[17080,0.0771,0.0676,9.6935,-0.00919,-0.02337,0.01167],[17090,-0.042,-0.0229,9.8033,0.0107,0.0093,-0.00098],[17100,0.0184,0.0986,10.0654,-0.0082,-0.00059,0.00804],[17110,-0.011,-0.2179,9.6296,-0.00045,0.0016,0.01013],[17120,-0.0832,0.1426,9.6029,-0.00438,-0.00585,0.00255],[17130,-0.2796,0.1101,9.7235,-0.00292,0.00857,-0.02013],[17140,0.0948,-0.1327,9.749,-0.00609,0.00101,0.00096],[17150,0.0646,-0.0825,9.9969,0.00155,0.00185,0.00173],[17160,0.1231,-0.0514,9.9231,0.00753,-0.00793,0.00648],[17170,0.0822,0.0842,9.787,-0.00474,-0.00072,0.00604],[17180,-0.0363,0.0587,9.7696,0.00334,-0.01037,0.00559],[17190,0.0696,-0.113,9.9869,0.00328,0.01788,0.00666],[17200,0.0867,-0.1313,9.8847,-0.0047,-0.0023,-0.0002],[17210,0.1908,0.1346,9.7705,-0.00271,-0.00367,-0.00178],[17220,-0.177,0.0382,9.8975,0.01188,-0.00029,-0.00164],[17230,-0.1146,-0.082,9.5534,0.00269,0.00687,0.01636],[17240,-0.16,-0.2584,9.8764,-0.00769,-0.00348,0.00775],[17250,0.0767,-0.1916,9.8244,0.00445,-0.01119,0.00215],[17260,-0.0761,0.0646,9.8073,-0.0041,-0.00184,0.00362],[17270,0.182,-0.089,9.6977,0.00449,-0.00261,0.00328],[17280,0.0869,0.0456,9.8132,-0.00876,0.00116,-0.00709],[17290,-0.1979,-0.1201,9.897,0.01446,0.01364,-0.01014],[17300,-0.112,-0.1111,10.197,-0.0026,0.00431,-0.00514],[17310,0.1776,-0.1131,9.8404,-0.00511,-0.0004,-0.00091],[17320,-0.0093,0.0205,9.895,-0.00016,-0.00589,0.00652],[17330,0.0342,-0.1243,9.9447,-0.00475,0.00994,-0.0069],[17340,0.1042,0.0353,9.8953,-0.00478,-0.00377,0.00485],[17350,0.0063,0.1305,9.6832,0.01982,0.00161,0.0118],[17360,0.1016,-0.0359,9.742,-0.01612,-0.0099,0.00494],[17370,0.016,-0.1207,9.9374,0.00762,0.00007,0.00871],[17380,0.0118,0.0914,9.7778,0.00108,0.00552,0.00065],[17390,0.1131,0.068,9.5594,0.01208,0.00213,-0.00959],[17400,0.0531,0.0422,9.7477,0.00315,0.01076,0.00576],[17410,-0.0227,0.0881,9.7396,0.01343,0.00755,-0.00363],[17420,0.0041,0.149,9.8385,0.01468,-0.00731,-0.01868],[17430,-0.0455,0.0158,9.9703,0.00275,0.00797,0.00374],[17440,0.0239,0.2057,9.8724,-0.00037,0.00391,0.00178],[17450,-0.0259,0.0887,9.6659,0.00599,-0.00079,-0.00307],[17460,-0.1676,-0.0727,9.8405,0.0037,-0.00704,-0.01],[17470,0.1507,0.0874,9.8893,-0.00199,0.00392,0.00602],[17480,0.1439,-0.067,9.9722,0.01458,0.00438,-0.01285],[17490,-0.0137,-0.0148,9.7599,0.00999,-0.00237,0.00838],[17500,-0.0646,0.0954,9.9631,0.00401,-0.00398,0.00436],[17510,-0.1898,0.0344,9.9462,0.00542,-0.00247,0.00097],[17520,-0.1181,-0.0247,9.8852,0.00097,-0.00227,-0.00021],[17530,-0.0059,0.0579,9.6598,0.01136,-0.01007,0.00974],[17540,-0.0274,-0.0518,9.943,-0.00279,0.00015,-0.00299],[17550,0.1136,0.0756,9.8368,0.00478,0.0079,-0.00421],[17560,0.4039,0.0187,9.8024,0.00244,0.02078,0.00493],[17570,0.0541,0.084,9.9473,-0.00948,0.01604,-0.00036],[17580,0.0881,-0.1639,9.6652,0.01487,0.00796,-0.00185],[17590,-0.0285,0.0238,9.6604,0.00093,0.00852,0.00377],[17600,-0.0159,0.1984,9.9355,0.00826,-0.00632,0.00017],[17610,0.2199,-0.2454,9.676,0.00383,-0.00291,-0.00961],[17620,-0.1204,-0.0243,9.641,0.00273,-0.00103,0.00571],[17630,0.1025,-0.009,9.8285,0.0014,0.00621,0.00027],[17640,-0.0115,-0.1521,9.8148,-0.00032,0.00152,-0.00025],[17650,-0.0796,0.0176,9.7801,-0.00666,-0.0189,0.00693],[17660,-0.0835,0.051,9.8378,-0.00198,-0.01682,-0.00474],[17670,-0.0854,-0.036,9.5643,-0.00243,-0.01081,0.0041],[17680,-0.1114,-0.0809,9.8278,-0.0064,0.00556,0.01001],[17690,-0.0647,0.1281,9.7723,-0.00593,-0.0193,-0.00369],[17700,0.1077,-0.1041,9.8346,-0.0042,0.00694,0.00849],[17710,-0.1453,-0.0946,9.7303,0.01628,-0.00966,0.00299],[17720,-0.0091,0.0022,9.9194,-0.00628,-0.00172,0.00971],[17730,-0.0369,0.084,9.7938,-0.00092,-0.00257,0.01091],[17740,-0.1047,-0.2007,9.733,-0.00811,0.01052,0.00979],[17750,0.2536,0.2096,9.7616,0.003,-0.00836,0.01505],[17760,-0.141,-0.0171,9.6894,0.00192,0.00254,0.00324],[17770,-0.0286,0.0466,9.8543,-0.00004,0.00016,0.00622],[17780,0.1368,-0.0789,9.7294,0.00442,-0.00443,-0.00633],[17790,-0.1323,-0.0048,9.8111,0.00928,0.00383,-0.01145],[17800,-0.0061,-0.2114,9.9061,-0.01321,-0.00373,0.00401],[17810,0.0495,0.0107,9.9385,0.00164,0.00674,-0.00253],[17820,-0.0627,-0.1307,9.823,-0.0011,-0.00265,0.01338]],"game":[[0,0,0,-0.317032,0.948415],[20,0,0,-0.317273,0.948334],[40,0,0,-0.318155,0.948039],[60,0,0,-0.317774,0.948166],[80,0,0,-0.317288,0.948329],[100,0,0,-0.317613,0.94822],[120,0,0,-0.317911,0.94812],[140,0,0,-0.317734,0.94818],[160,0,0,-0.317307,0.948323],[180,0,0,-0.317506,0.948256],[200,0,0,-0.316861,0.948472],[220,0,0,-0.317188,0.948363],[240,0,0,-0.317437,0.948279],[260,0,0,-0.317421,0.948285],[280,0,0,-0.317584,0.94823],[300,0,0,-0.317426,0.948283],[320,0,0,-0.316999,0.948426],[340,0,0,-0.317241,0.948345],[360,0,0,-0.317073,0.948401],[380,0,0,-0.318111,0.948054],[400,0,0,-0.316847,0.948477],[420,0,0,-0.317512,0.948254],[440,0,0,-0.318361,0.947969],[460,0,0,-0.317287,0.94833],[480,0,0,-0.317655,0.948206],[500,0,0,-0.316951,0.948442],[520,0,0,-0.317646,0.948209],[540,0,0,-0.317692,0.948194],[560,0,0,-0.316851,0.948475],[580,0,0,-0.316295,0.948661],[600,0,0,-0.317746,0.948176],[620,0,0,-0.317065,0.948404],[640,0,0,-0.316685,0.948531],[660,0,0,-0.318157,0.948038],[680,0,0,-0.318226,0.948015],[700,0,0,-0.317301,0.948325],[720,0,0,-0.317006,0.948423],[740,0,0,-0.317293,0.948327],[760,0,0,-0.318404,0.947955],[780,0,0,-0.317936,0.948112],[800,0,0,-0.317725,0.948183],[820,0,0,-0.316343,0.948645],[840,0,0,-0.31754,0.948245],[860,0,0,-0.31722,0.948352],[880,0,0,-0.317031,0.948415],[900,0,0,-0.317556,0.948239],[920,0,0,-0.317019,0.948419],[940,0,0,-0.317983,0.948096],[960,0,0,-0.317986,0.948095],[980,0,0,-0.316908,0.948456],[1000,0,0,-0.31808,0.948064],[1020,0,0,-0.317219,0.948352],[1040,0,0,-0.31753,0.948248],[1060,0,0,-0.31817,0.948034],[1080,0,0,-0.31725,0.948342],[1100,0,0,-0.317718,0.948185],[1120,0,0,-0.317511,0.948255],[1140,0,0,-0.317905,0.948123],[1160,0,0,-0.317376,0.9483],[1180,0,0,-0.317671,0.948201],[1200,0,0,-0.317541,0.948245],[1220,0,0,-0.317719,0.948185],[1240,0,0,-0.318016,0.948085],[1260,0,0,-0.318301,0.94799],[1280,0,0,-0.317677,0.948199],[1300,0,0,-0.318431,0.947946],[1320,0,0,-0.317091,0.948395],[1340,0,0,-0.317665,0.948203],[1360,0,0,-0.317199,0.948359],[1380,0,0,-0.316873,0.948468],[1400,0,0,-0.31706,0.948405],[1420,0,0,-0.318579,0.947896],[1440,0,0,-0.317302,0.948324],[1460,0,0,-0.31705,0.948409],[1480,0,0,-0.318204,0.948022],[1500,0,0,-0.317008,0.948423],[1520,0,0,-0.317112,0.948388],[1540,0,0,-0.317653,0.948207],[1560,0,0,-0.317177,0.948366],[1580,0,0,-0.318147,0.948041],[1600,0,0,-0.317606,0.948223],[1620,0,0,-0.317037,0.948413],[1640,0,0,-0.31755,0.948242],[1660,0,0,-0.317416,0.948286],[1680,0,0,-0.318467,0.947934],[1700,0,0,-0.318606,0.947887],[1720,0,0,-0.31764,0.948211],[1740,0,0,-0.318254,0.948006],[1760,0,0,-0.318007,0.948088],[1780,0,0,-0.317902,0.948124],[1800,0,0,-0.316544,0.948578],[1820,0,0,-0.317432,0.948281],[1840,0,0,-0.316814,0.948488],[1860,0,0,-0.318701,0.947855],[1880,0,0,-0.317373,0.948301],[1900,0,0,-0.318218,0.948018],[1920,0,0,-0.317494,0.94826],[1940,0,0,-0.317425,0.948283],[1960,0,0,-0.317054,0.948408],[1980,0,0,-0.317021,0.948419],[2000,0,0,-0.317921,0.948117],[2020,0,0,-0.31946,0.9476],[2040,0,0,-0.320235,0.947338],[2060,0,0,-0.321287,0.946982],[2080,0,0,-0.323886,0.946096],[2100,0,0,-0.325009,0.945711],[2120,0,0,-0.325304,0.945609],[2140,0,0,-0.326915,0.945054],[2160,0,0,-0.327956,0.944693],[2180,0,0,-0.327901,0.944712],[2200,0,0,-0.329201,0.94426],[2220,0,0,-0.329613,0.944116],[2240,0,0,-0.329554,0.944137],[2260,0,0,-0.330691,0.943739],[2280,0,0,-0.32944,0.944176],[2300,0,0,-0.329737,0.944073],[2320,0,0,-0.329596,0.944122],[2340,0,0,-0.329749,0.944069],[2360,0,0,-0.329129,0.944285],[2380,0,0,-0.32703,0.945014],[2400,0,0,-0.326815,0.945088],[2420,0,0,-0.326211,0.945297],[2440,0,0,-0.325454,0.945558],[2460,0,0,-0.324331,0.945944],[2480,0,0,-0.323955,0.946072],[2500,0,0,-0.322241,0.946658],[2520,0,0,-0.321224,0.947003],[2540,0,0,-0.319185,0.947693],[2560,0,0,-0.317382,0.948298],[2580,0,0,-0.315538,0.948913],[2600,0,0,-0.314642,0.949211],[2620,0,0,-0.314348,0.949308],[2640,0,0,-0.312196,0.950018],[2660,0,0,-0.311428,0.95027],[2680,0,0,-0.309798,0.950802],[2700,0,0,-0.308518,0.951218],[2720,0,0,-0.308196,0.951323],[2740,0,0,-0.307154,0.95166],[2760,0,0,-0.307163,0.951657],[2780,0,0,-0.306123,0.951992],[2800,0,0,-0.305627,0.952151],[2820,0,0,-0.305464,0.952204],[2840,0,0,-0.305782,0.952101],[2860,0,0,-0.306416,0.951898],[2880,0,0,-0.305749,0.952112],[2900,0,0,-0.306299,0.951935],[2920,0,0,-0.30672,0.9518],[2940,0,0,-0.306939,0.951729],[2960,0,0,-0.308492,0.951227],[2980,0,0,-0.309161,0.95101],[3000,0,0,-0.310474,0.950582],[3020,0,0,-0.31197,0.950092],[3040,0,0,-0.312521,0.949911],[3060,0,0,-0.314249,0.94934],[3080,0,0,-0.315701,0.948859],[3100,0,0,-0.316385,0.948631],[3120,0,0,-0.319086,0.947726],[3140,0,0,-0.320591,0.947218],[3160,0,0,-0.321352,0.94696],[3180,0,0,-0.322449,0.946587],[3200,0,0,-0.324332,0.945943],[3220,0,0,-0.325308,0.945608],[3240,0,0,-0.327217,0.944949],[3260,0,0,-0.326843,0.945079],[3280,0,0,-0.328431,0.944528],[3300,0,0,-0.329006,0.944328],[3320,0,0,-0.33011,0.943942],[3340,0,0,-0.329783,0.944057],[3360,0,0,-0.330227,0.943902],[3380,0,0,-0.330901,0.943666],[3400,0,0,-0.330665,0.943748],[3420,0,0,-0.330384,0.943846],[3440,0,0,-0.330663,0.943749],[3460,0,0,-0.3293,0.944225],[3480,0,0,-0.329457,0.944171],[3500,0,0,-0.327671,0.944792],[3520,0,0,-0.32688,0.945066],[3540,0,0,-0.32677,0.945104],[3560,0,0,-0.324426,0.945911],[3580,0,0,-0.324476,0.945894],[3600,0,0,-0.323751,0.946142],[3620,0,0,-0.321601,0.946875],[3640,0,0,-0.320032,0.947407],[3660,0,0,-0.318572,0.947899],[3680,0,0,-0.316965,0.948437],[3700,0,0,-0.314667,0.949202],[3720,0,0,-0.315382,0.948965],[3740,0,0,-0.312857,0.9498],[3760,0,0,-0.31172,0.950174],[3780,0,0,-0.310438,0.950594],[3800,0,0,-0.309764,0.950813],[3820,0,0,-0.30821,0.951318],[3840,0,0,-0.307654,0.951498],[3860,0,0,-0.308158,0.951335],[3880,0,0,-0.306954,0.951724],[3900,0,0,-0.305119,0.952314],[3920,0,0,-0.306294,0.951937],[3940,0,0,-0.305759,0.952109],[3960,0,0,-0.305176,0.952296],[3980,0,0,-0.306877,0.951749],[4000,0,0,-0.30612,0.951993],[4020,0,0,-0.307338,0.9516],[4040,0,0,-0.307952,0.951402],[4060,0,0,-0.308405,0.951255],[4080,0,0,-0.30872,0.951153],[4100,0,0,-0.310519,0.950567],[4120,0,0,-0.311882,0.950121],[4140,0,0,-0.313148,0.949704],[4160,0,0,-0.314596,0.949226],[4180,0,0,-0.31625,0.948676],[4200,0,0,-0.317146,0.948377],[4220,0,0,-0.318339,0.947977],[4240,0,0,-0.319568,0.947563],[4260,0,0,-0.32094,0.947099],[4280,0,0,-0.322609,0.946532],[4300,0,0,-0.322906,0.946431],[4320,0,0,-0.324635,0.945839],[4340,0,0,-0.326986,0.945029],[4360,0,0,-0.326715,0.945123],[4380,0,0,-0.328481,0.944511],[4400,0,0,-0.329405,0.944189],[4420,0,0,-0.329411,0.944187],[4440,0,0,-0.329662,0.944099],[4460,0,0,-0.33084,0.943687],[4480,0,0,-0.330095,0.943948],[4500,0,0,-0.330916,0.94366],[4520,0,0,-0.330037,0.943968],[4540,0,0,-0.330691,0.943739],[4560,0,0,-0.329289,0.944229],[4580,0,0,-0.329446,0.944174],[4600,0,0,-0.329332,0.944214],[4620,0,0,-0.327761,0.944761],[4640,0,0,-0.32692,0.945052],[4660,0,0,-0.325948,0.945388],[4680,0,0,-0.32514,0.945666],[4700,0,0,-0.323193,0.946333],[4720,0,0,-0.32222,0.946665],[4740,0,0,-0.320542,0.947234],[4760,0,0,-0.319845,0.94747],[4780,0,0,-0.318672,0.947865],[4800,0,0,-0.316605,0.948557],[4820,0,0,-0.315527,0.948917],[4840,0,0,-0.314027,0.949414],[4860,0,0,-0.313089,0.949724],[4880,0,0,-0.311664,0.950192],[4900,0,0,-0.310028,0.950728],[4920,0,0,-0.310052,0.95072],[4940,0,0,-0.308467,0.951235],[4960,0,0,-0.308151,0.951338],[4980,0,0,-0.306233,0.951956],[5000,0,0,-0.306516,0.951865],[5020,0,0,-0.307024,0.951702],[5040,0,0,-0.306386,0.951907],[5060,0,0,-0.30663,0.951829],[5080,0,0,-0.307042,0.951696],[5100,0,0,-0.306853,0.951757],[5120,0,0,-0.306785,0.951779],[5140,0,0,-0.308514,0.95122],[5160,0,0,-0.308453,0.95124],[5180,0,0,-0.309081,0.951036],[5200,0,0,-0.310566,0.950552],[5220,0,0,-0.311267,0.950322],[5240,0,0,-0.312265,0.949995],[5260,0,0,-0.31397,0.949433],[5280,0,0,-0.315309,0.948989],[5300,0,0,-0.316275,0.948667],[5320,0,0,-0.317981,0.948097],[5340,0,0,-0.320065,0.947396],[5360,0,0,-0.321027,0.94707],[5380,0,0,-0.321537,0.946897],[5400,0,0,-0.322767,0.946478],[5420,0,0,-0.324535,0.945874],[5440,0,0,-0.326355,0.945247],[5460,0,0,-0.327248,0.944939],[5480,0,0,-0.328501,0.944504],[5500,0,0,-0.328378,0.944546],[5520,0,0,-0.330008,0.943978],[5540,0,0,-0.330143,0.943931],[5560,0,0,-0.329571,0.944131],[5580,0,0,-0.330368,0.943852],[5600,0,0,-0.330532,0.943795],[5620,0,0,-0.331448,0.943474],[5640,0,0,-0.330761,0.943715],[5660,0,0,-0.330353,0.943857],[5680,0,0,-0.329308,0.944223],[5700,0,0,-0.328877,0.944373],[5720,0,0,-0.327918,0.944706],[5740,0,0,-0.327603,0.944816],[5760,0,0,-0.326822,0.945086],[5780,0,0,-0.325881,0.945411],[5800,0,0,-0.32435,0.945937],[5820,0,0,-0.322495,0.946571],[5840,0,0,-0.322351,0.94662],[5860,0,0,-0.319934,0.94744],[5880,0,0,-0.318782,0.947828],[5900,0,0,-0.318024,0.948083],[5920,0,0,-0.316216,0.948687],[5940,0,0,-0.314428,0.949281],[5960,0,0,-0.313679,0.949529],[5980,0,0,-0.312194,0.950018],[6000,0,0,-0.311239,0.950332],[6020,0,0,-0.310088,0.950708],[6040,0,0,-0.309079,0.951036],[6060,0,0,-0.309015,0.951057],[6080,0,0,-0.308087,0.951358],[6100,0,0,-0.307971,0.951396],[6120,0,0,-0.306022,0.952024],[6140,0,0,-0.306382,0.951909],[6160,0,0,-0.306587,0.951843],[6180,0,0,-0.306371,0.951912],[6200,0,0,-0.307135,0.951666],[6220,0,0,-0.307236,0.951634],[6240,0,0,-0.307321,0.951606],[6260,0,0,-0.307795,0.951453],[6280,0,0,-0.308698,0.95116],[6300,0,0,-0.310495,0.950575],[6320,0,0,-0.31059,0.950544],[6340,0,0,-0.311821,0.950141],[6360,0,0,-0.313279,0.949661],[6380,0,0,-0.314077,0.949398],[6400,0,0,-0.316585,0.948564],[6420,0,0,-0.317947,0.948108],[6440,0,0,-0.317781,0.948164],[6460,0,0,-0.320765,0.947159],[6480,0,0,-0.322101,0.946705],[6500,0,0,-0.322243,0.946657],[6520,0,0,-0.324169,0.945999],[6540,0,0,-0.324629,0.945841],[6560,0,0,-0.32773,0.944772],[6580,0,0,-0.327568,0.944827],[6600,0,0,-0.328934,0.944353],[6620,0,0,-0.329717,0.94408],[6640,0,0,-0.330416,0.943835],[6660,0,0,-0.330089,0.94395],[6680,0,0,-0.330672,0.943746],[6700,0,0,-0.331296,0.943527],[6720,0,0,-0.331558,0.943435],[6740,0,0,-0.332361,0.943152],[6760,0,0,-0.331449,0.943473],[6780,0,0,-0.330432,0.94383],[6800,0,0,-0.329167,0.944272],[6820,0,0,-0.32969,0.944089],[6840,0,0,-0.327754,0.944763],[6860,0,0,-0.327068,0.945001],[6880,0,0,-0.326312,0.945262],[6900,0,0,-0.325586,0.945513],[6920,0,0,-0.323951,0.946074],[6940,0,0,-0.322303,0.946637],[6960,0,0,-0.321211,0.947008],[6980,0,0,-0.320143,0.947369],[7000,0,0,-0.318776,0.94783],[7020,0,0,-0.317317,0.94832],[7040,0,0,-0.316003,0.948758],[7060,0,0,-0.314016,0.949418],[7080,0,0,-0.31368,0.949529],[7100,0,0,-0.313093,0.949723],[7120,0,0,-0.310655,0.950523],[7140,0,0,-0.309729,0.950825],[7160,0,0,-0.308976,0.95107],[7180,0,0,-0.309082,0.951035],[7200,0,0,-0.307384,0.951585],[7220,0,0,-0.307789,0.951455],[7240,0,0,-0.30634,0.951922],[7260,0,0,-0.307558,0.951529],[7280,0,0,-0.306287,0.951939],[7300,0,0,-0.305511,0.952189],[7320,0,0,-0.306911,0.951738],[7340,0,0,-0.306475,0.951879],[7360,0,0,-0.307159,0.951658],[7380,0,0,-0.309476,0.950907],[7400,0,0,-0.309711,0.950831],[7420,0,0,-0.310632,0.95053],[7440,0,0,-0.312539,0.949905],[7460,0,0,-0.31251,0.949914],[7480,0,0,-0.313872,0.949465],[7500,0,0,-0.316353,0.948642],[7520,0,0,-0.317185,0.948364],[7540,0,0,-0.317929,0.948114],[7560,0,0,-0.320445,0.947267],[7580,0,0,-0.321294,0.946979],[7600,0,0,-0.322674,0.94651],[7620,0,0,-0.324002,0.946056],[7640,0,0,-0.324956,0.945729],[7660,0,0,-0.325763,0.945451],[7680,0,0,-0.327847,0.944731],[7700,0,0,-0.32851,0.9445],[7720,0,0,-0.32921,0.944257],[7740,0,0,-0.32961,0.944117],[7760,0,0,-0.331414,0.943486],[7780,0,0,-0.331118,0.943589],[7800,0,0,-0.331935,0.943302],[7820,0,0,-0.331725,0.943376],[7840,0,0,-0.331948,0.943298],[7860,0,0,-0.331122,0.943588],[7880,0,0,-0.331126,0.943586],[7900,0,0,-0.33133,0.943515],[7920,0,0,-0.329471,0.944166],[7940,0,0,-0.328883,0.944371],[7960,0,0,-0.327989,0.944682],[7980,0,0,-0.326462,0.94521],[8000,0,0,-0.325459,0.945556],[8020,0,0,-0.324581,0.945858],[8040,0,0,-0.322971,0.946409],[8060,0,0,-0.321303,0.946976],[8080,0,0,-0.32181,0.946804],[8100,0,0,-0.320275,0.947325],[8120,0,0,-0.318724,0.947848],[8140,0,0,-0.316396,0.948627],[8160,0,0,-0.314328,0.949314],[8180,0,0,-0.313774,0.949498],[8200,0,0,-0.313007,0.949751],[8220,0,0,-0.312335,0.949972],[8240,0,0,-0.310965,0.950421],[8260,0,0,-0.30978,0.950808],[8280,0,0,-0.30817,0.951331],[8300,0,0,-0.30793,0.951409],[8320,0,0,-0.307654,0.951498],[8340,0,0,-0.307256,0.951627],[8360,0,0,-0.307605,0.951514],[8380,0,0,-0.306701,0.951806],[8400,0,0,-0.30672,0.9518],[8420,0,0,-0.307199,0.951645],[8440,0,0,-0.307323,0.951605],[8460,0,0,-0.307964,0.951398],[8480,0,0,-0.309258,0.950978],[8500,0,0,-0.309771,0.950811],[8520,0,0,-0.310792,0.950478],[8540,0,0,-0.311941,0.950101],[8560,0,0,-0.312625,0.949877],[8580,0,0,-0.313339,0.949641],[8600,0,0,-0.315367,0.94897],[8620,0,0,-0.317037,0.948413],[8640,0,0,-0.318228,0.948014],[8660,0,0,-0.319679,0.947526],[8680,0,0,-0.321011,0.947075],[8700,0,0,-0.32248,0.946576],[8720,0,0,-0.323925,0.946083],[8740,0,0,-0.325408,0.945574],[8760,0,0,-0.32644,0.945218],[8780,0,0,-0.32754,0.944837],[8800,0,0,-0.327102,0.944989],[8820,0,0,-0.328798,0.9444],[8840,0,0,-0.330416,0.943835],[8860,0,0,-0.330206,0.943909],[8880,0,0,-0.331792,0.943353],[8900,0,0,-0.331267,0.943537],[8920,0,0,-0.331636,0.943407],[8940,0,0,-0.331178,0.943568],[8960,0,0,-0.331445,0.943475],[8980,0,0,-0.331234,0.943549],[9000,0,0,-0.331151,0.943578],[9020,0,0,-0.330748,0.943719],[9040,0,0,-0.329882,0.944022],[9060,0,0,-0.329009,0.944327],[9080,0,0,-0.328006,0.944675],[9100,0,0,-0.326839,0.94508],[9120,0,0,-0.324719,0.945811],[9140,0,0,-0.324557,0.945866],[9160,0,0,-0.323791,0.946129],[9180,0,0,-0.321986,0.946744],[9200,0,0,-0.320138,0.947371],[9220,0,0,-0.318842,0.947808],[9240,0,0,-0.317936,0.948112],[9260,0,0,-0.31603,0.948749],[9280,0,0,-0.315519,0.948919],[9300,0,0,-0.313335,0.949643],[9320,0,0,-0.312795,0.949821],[9340,0,0,-0.312174,0.950025],[9360,0,0,-0.309816,0.950797],[9380,0,0,-0.309296,0.950966],[9400,0,0,-0.30969,0.950838],[9420,0,0,-0.307591,0.951519],[9440,0,0,-0.307564,0.951528],[9460,0,0,-0.308115,0.951349],[9480,0,0,-0.306652,0.951822],[9500,0,0,-0.30723,0.951635],[9520,0,0,-0.308267,0.9513],[9540,0,0,-0.307997,0.951387],[9560,0,0,-0.307373,0.951589],[9580,0,0,-0.30782,0.951445],[9600,0,0,-0.309329,0.950955],[9620,0,0,-0.309327,0.950956],[9640,0,0,-0.31157,0.950223],[9660,0,0,-0.311462,0.950258],[9680,0,0,-0.313343,0.94964],[9700,0,0,-0.315241,0.949012],[9720,0,0,-0.3166,0.948559],[9740,0,0,-0.317926,0.948116],[9760,0,0,-0.319416,0.947615],[9780,0,0,-0.320486,0.947253],[9800,0,0,-0.319528,0.947577],[9820,0,0,-0.320333,0.947305],[9840,0,0,-0.321255,0.946993],[9860,0,0,-0.322777,0.946475],[9880,0,0,-0.32563,0.945497],[9900,0,0,-0.330199,0.943911],[9920,0,0,-0.334294,0.942469],[9940,0,0,-0.342253,0.939608],[9960,0,0,-0.350297,0.936639],[9980,0,0,-0.361166,0.932502],[10000,0,0,-0.373474,0.927641],[10020,0,0,-0.387512,0.921865],[10040,0,0,-0.402359,0.915482],[10060,0,0,-0.418607,0.908167],[10080,0,0,-0.437613,0.899164],[10100,0,0,-0.457303,0.889311],[10120,0,0,-0.478846,0.877899],[10140,0,0,-0.501793,0.864988],[10160,0,0,-0.524569,0.851368],[10180,0,0,-0.548244,0.836318],[10200,0,0,-0.572353,0.820007],[10220,0,0,-0.596892,0.802322],[10240,0,0,-0.622538,0.782589],[10260,0,0,-0.645924,0.763402],[10280,0,0,-0.669961,0.742397],[10300,0,0,-0.691825,0.722065],[10320,0,0,-0.714766,0.699364],[10340,0,0,-0.735131,0.677925],[10360,0,0,-0.755004,0.655721],[10380,0,0,-0.772998,0.634409],[10400,0,0,-0.789744,0.613437],[10420,0,0,-0.805645,0.592399],[10440,0,0,-0.820307,0.571923],[10460,0,0,-0.832271,0.554368],[10480,0,0,-0.84365,0.536893],[10500,0,0,-0.853494,0.521102],[10520,0,0,-0.862269,0.50645],[10540,0,0,-0.869269,0.49434],[10560,0,0,-0.876156,0.482027],[10580,0,0,-0.881216,0.472714],[10600,0,0,-0.885144,0.465318],[10620,0,0,-0.888324,0.459216],[10640,0,0,-0.890671,0.454648],[10660,0,0,-0.89352,0.449023],[10680,0,0,-0.894652,0.446763],[10700,0,0,-0.895344,0.445376],[10720,0,0,-0.895772,0.444515],[10740,0,0,-0.895727,0.444604],[10760,0,0,-0.895921,0.444213],[10780,0,0,-0.895617,0.444827],[10800,0,0,-0.896337,0.443374],[10820,0,0,-0.896492,0.44306],[10840,0,0,-0.895924,0.444208],[10860,0,0,-0.896064,0.443924],[10880,0,0,-0.895867,0.444323],[10900,0,0,-0.895935,0.444185],[10920,0,0,-0.895859,0.444339],[10940,0,0,-0.89625,0.44355],[10960,0,0,-0.896035,0.443984],[10980,0,0,-0.896183,0.443685],[11000,0,0,-0.8962,0.443651],[11020,0,0,-0.896195,0.443661],[11040,0,0,-0.896084,0.443885],[11060,0,0,-0.896115,0.443822],[11080,0,0,-0.895845,0.444366],[11100,0,0,-0.895893,0.44427],[11120,0,0,-0.896168,0.443715],[11140,0,0,-0.896309,0.443431],[11160,0,0,-0.896123,0.443805],[11180,0,0,-0.896506,0.443032],[11200,0,0,-0.896151,0.443749],[11220,0,0,-0.896091,0.44387],[11240,0,0,-0.896335,0.443378],[11260,0,0,-0.896183,0.443685],[11280,0,0,-0.896464,0.443116],[11300,0,0,-0.897049,0.44193],[11320,0,0,-0.898093,0.439805],[11340,0,0,-0.898691,0.438583],[11360,0,0,-0.899081,0.437783],[11380,0,0,-0.899294,0.437345],[11400,0,0,-0.900208,0.43546],[11420,0,0,-0.900597,0.434654],[11440,0,0,-0.900979,0.433862],[11460,0,0,-0.901399,0.432989],[11480,0,0,-0.901696,0.432371],[11500,0,0,-0.901492,0.432796],[11520,0,0,-0.901912,0.431919],[11540,0,0,-0.901787,0.43218],[11560,0,0,-0.902089,0.431549],[11580,0,0,-0.901735,0.432288],[11600,0,0,-0.901623,0.432523],[11620,0,0,-0.901336,0.43312],[11640,0,0,-0.901381,0.433026],[11660,0,0,-0.900797,0.43424],[11680,0,0,-0.900327,0.435214],[11700,0,0,-0.899755,0.436395],[11720,0,0,-0.899625,0.436663],[11740,0,0,-0.898883,0.438188],[11760,0,0,-0.898282,0.43942],[11780,0,0,-0.897952,0.440094],[11800,0,0,-0.897104,0.44182],[11820,0,0,-0.896401,0.443244],[11840,0,0,-0.895492,0.445077],[11860,0,0,-0.895496,0.44507],[11880,0,0,-0.894004,0.448058],[11900,0,0,-0.894009,0.448049],[11920,0,0,-0.893275,0.44951],[11940,0,0,-0.893017,0.450023],[11960,0,0,-0.892394,0.451256],[11980,0,0,-0.891586,0.452851],[12000,0,0,-0.891465,0.453089],[12020,0,0,-0.890799,0.454397],[12040,0,0,-0.890921,0.454158],[12060,0,0,-0.890785,0.454426],[12080,0,0,-0.889902,0.456151],[12100,0,0,-0.890847,0.454304],[12120,0,0,-0.890096,0.455774],[12140,0,0,-0.890779,0.454436],[12160,0,0,-0.890745,0.454504],[12180,0,0,-0.891267,0.45348],[12200,0,0,-0.891534,0.452953],[12220,0,0,-0.891845,0.452342],[12240,0,0,-0.892271,0.451501],[12260,0,0,-0.89279,0.450474],[12280,0,0,-0.893181,0.449698],[12300,0,0,-0.89366,0.448745],[12320,0,0,-0.894525,0.447019],[12340,0,0,-0.894777,0.446513],[12360,0,0,-0.895645,0.44477],[12380,0,0,-0.896328,0.443391],[12400,0,0,-0.896983,0.442064],[12420,0,0,-0.897456,0.441103],[12440,0,0,-0.898398,0.439182],[12460,0,0,-0.899144,0.437652],[12480,0,0,-0.899191,0.437557],[12500,0,0,-0.900168,0.435543],[12520,0,0,-0.900389,0.435085],[12540,0,0,-0.900706,0.43443],[12560,0,0,-0.901476,0.432829],[12580,0,0,-0.901539,0.432697],[12600,0,0,-0.901991,0.431754],[12620,0,0,-0.902315,0.431077],[12640,0,0,-0.902212,0.431294],[12660,0,0,-0.902271,0.43117],[12680,0,0,-0.902291,0.431127],[12700,0,0,-0.901864,0.432021],[12720,0,0,-0.901715,0.43233],[12740,0,0,-0.901421,0.432944],[12760,0,0,-0.900857,0.434115],[12780,0,0,-0.900885,0.434057],[12800,0,0,-0.900605,0.434638],[12820,0,0,-0.899624,0.436666],[12840,0,0,-0.899618,0.436678],[12860,0,0,-0.899074,0.437797],[12880,0,0,-0.898253,0.439478],[12900,0,0,-0.897491,0.441032],[12920,0,0,-0.897001,0.442028],[12940,0,0,-0.896366,0.443314],[12960,0,0,-0.895676,0.444707],[12980,0,0,-0.895041,0.445983],[13000,0,0,-0.894531,0.447006],[13020,0,0,-0.89358,0.448905],[13040,0,0,-0.892713,0.450626],[13060,0,0,-0.892882,0.450292],[13080,0,0,-0.892,0.452035],[13100,0,0,-0.891984,0.452067],[13120,0,0,-0.891683,0.452661],[13140,0,0,-0.890797,0.454402],[13160,0,0,-0.891014,0.453976],[13180,0,0,-0.89065,0.454689],[13200,0,0,-0.890344,0.455288],[13220,0,0,-0.890914,0.454171],[13240,0,0,-0.89111,0.453788],[13260,0,0,-0.89101,0.453984],[13280,0,0,-0.890933,0.454135],[13300,0,0,-0.891392,0.453232],[13320,0,0,-0.891851,0.452329],[13340,0,0,-0.89208,0.451878],[13360,0,0,-0.892033,0.451971],[13380,0,0,-0.892989,0.450078],[13400,0,0,-0.893508,0.449046],[13420,0,0,-0.894463,0.447141],[13440,0,0,-0.894483,0.447103],[13460,0,0,-0.895068,0.445929],[13480,0,0,-0.896037,0.443978],[13500,0,0,-0.896601,0.442839],[13520,0,0,-0.897331,0.441359],[13540,0,0,-0.897874,0.440253],[13560,0,0,-0.898333,0.439316],[13580,0,0,-0.899,0.437948],[13600,0,0,-0.899703,0.436503],[13620,0,0,-0.900334,0.435199],[13640,0,0,-0.900844,0.434143],[13660,0,0,-0.901013,0.433793],[13680,0,0,-0.901549,0.432676],[13700,0,0,-0.90136,0.43307],[13720,0,0,-0.902093,0.431542],[13740,0,0,-0.901594,0.432582],[13760,0,0,-0.902177,0.431366],[13780,0,0,-0.901968,0.431803],[13800,0,0,-0.901992,0.431753],[13820,0,0,-0.901672,0.432421],[13840,0,0,-0.901597,0.432577],[13860,0,0,-0.901611,0.432548],[13880,0,0,-0.900948,0.433927],[13900,0,0,-0.900571,0.434709],[13920,0,0,-0.899911,0.436073],[13940,0,0,-0.899807,0.436288],[13960,0,0,-0.89963,0.436654],[13980,0,0,-0.898332,0.439318],[14000,0,0,-0.897693,0.440621],[14020,0,0,-0.897199,0.441627],[14040,0,0,-0.896989,0.442053],[14060,0,0,-0.89565,0.444759],[14080,0,0,-0.895369,0.445324],[14100,0,0,-0.89474,0.446588],[14120,0,0,-0.894264,0.44754],[14140,0,0,-0.893215,0.449629],[14160,0,0,-0.892749,0.450553],[14180,0,0,-0.892493,0.451061],[14200,0,0,-0.891913,0.452208],[14220,0,0,-0.891848,0.452335],[14240,0,0,-0.89129,0.453434],[14260,0,0,-0.891044,0.453918],[14280,0,0,-0.890624,0.45474],[14300,0,0,-0.890587,0.454813],[14320,0,0,-0.890793,0.454408],[14340,0,0,-0.890448,0.455086],[14360,0,0,-0.890645,0.4547],[14380,0,0,-0.891482,0.453056],[14400,0,0,-0.890907,0.454186],[14420,0,0,-0.891423,0.453173],[14440,0,0,-0.89177,0.452489],[14460,0,0,-0.892245,0.451551],[14480,0,0,-0.892884,0.450287],[14500,0,0,-0.893543,0.448977],[14520,0,0,-0.893958,0.448151],[14540,0,0,-0.894939,0.446188],[14560,0,0,-0.8951,0.445865],[14580,0,0,-0.895997,0.44406],[14600,0,0,-0.896928,0.442176],[14620,0,0,-0.89714,0.441747],[14640,0,0,-0.898338,0.439305],[14660,0,0,-0.898725,0.438512],[14680,0,0,-0.89942,0.437085],[14700,0,0,-0.899609,0.436697],[14720,0,0,-0.900378,0.435109],[14740,0,0,-0.900728,0.434383],[14760,0,0,-0.901174,0.433458],[14780,0,0,-0.901304,0.433188],[14800,0,0,-0.901705,0.432352],[14820,0,0,-0.90226,0.431191],[14840,0,0,-0.902072,0.431586],[14860,0,0,-0.902464,0.430766],[14880,0,0,-0.90239,0.430921],[14900,0,0,-0.901903,0.43194],[14920,0,0,-0.902202,0.431313],[14940,0,0,-0.901938,0.431865],[14960,0,0,-0.901837,0.432076],[14980,0,0,-0.901489,0.432801],[15000,0,0,-0.901355,0.433081],[15020,0,0,-0.90076,0.434318],[15040,0,0,-0.899701,0.436506],[15060,0,0,-0.899376,0.437175],[15080,0,0,-0.898988,0.437974],[15100,0,0,-0.89834,0.439301],[15120,0,0,-0.897889,0.440223],[15140,0,0,-0.896996,0.442038],[15160,0,0,-0.896197,0.443657],[15180,0,0,-0.895671,0.444716],[15200,0,0,-0.895326,0.445411],[15220,0,0,-0.894599,0.44687],[15240,0,0,-0.894016,0.448036],[15260,0,0,-0.893499,0.449065],[15280,0,0,-0.89247,0.451106],[15300,0,0,-0.892359,0.451326],[15320,0,0,-0.891707,0.452613],[15340,0,0,-0.891327,0.45336],[15360,0,0,-0.891569,0.452885],[15380,0,0,-0.891203,0.453604],[15400,0,0,-0.890904,0.454192],[15420,0,0,-0.890928,0.454144],[15440,0,0,-0.891055,0.453895],[15460,0,0,-0.891289,0.453436],[15480,0,0,-0.890537,0.454911],[15500,0,0,-0.891547,0.452929],[15520,0,0,-0.89139,0.453238],[15540,0,0,-0.891919,0.452195],[15560,0,0,-0.892335,0.451374],[15580,0,0,-0.892758,0.450536],[15600,0,0,-0.893237,0.449587],[15620,0,0,-0.893573,0.448919],[15640,0,0,-0.894633,0.446801],[15660,0,0,-0.894693,0.446682],[15680,0,0,-0.895643,0.444774],[15700,0,0,-0.896425,0.443195],[15720,0,0,-0.897014,0.442002],[15740,0,0,-0.897977,0.440043],[15760,0,0,-0.898597,0.438775],[15780,0,0,-0.899343,0.437244],[15800,0,0,-0.899738,0.43643],[15820,0,0,-0.899843,0.436215],[15840,0,0,-0.90011,0.435663],[15860,0,0,-0.90119,0.433425],[15880,0,0,-0.901636,0.432495],[15900,0,0,-0.901829,0.432094],[15920,0,0,-0.902012,0.431712],[15940,0,0,-0.902088,0.431553],[15960,0,0,-0.902138,0.431448],[15980,0,0,-0.902277,0.431156],[16000,0,0,-0.902158,0.431406],[16020,0,0,-0.902175,0.43137],[16040,0,0,-0.902253,0.431207],[16060,0,0,-0.90166,0.432445],[16080,0,0,-0.901645,0.432478],[16100,0,0,-0.901264,0.43327],[16120,0,0,-0.901222,0.433358],[16140,0,0,-0.900668,0.434509],[16160,0,0,-0.899965,0.435963],[16180,0,0,-0.899589,0.436737],[16200,0,0,-0.898831,0.438295],[16220,0,0,-0.89833,0.439321],[16240,0,0,-0.897441,0.441134],[16260,0,0,-0.897132,0.441762],[16280,0,0,-0.895779,0.444501],[16300,0,0,-0.895741,0.444576],[16320,0,0,-0.895067,0.445931],[16340,0,0,-0.894339,0.44739],[16360,0,0,-0.893668,0.448728],[16380,0,0,-0.893196,0.449667],[16400,0,0,-0.892622,0.450806],[16420,0,0,-0.8924,0.451245],[16440,0,0,-0.891949,0.452136],[16460,0,0,-0.89137,0.453276],[16480,0,0,-0.891355,0.453307],[16500,0,0,-0.891457,0.453106],[16520,0,0,-0.891019,0.453966],[16540,0,0,-0.890863,0.454273],[16560,0,0,-0.890715,0.454561],[16580,0,0,-0.891033,0.453939],[16600,0,0,-0.891198,0.453615],[16620,0,0,-0.891276,0.45346],[16640,0,0,-0.891927,0.45218],[16660,0,0,-0.891989,0.452057],[16680,0,0,-0.892792,0.45047],[16700,0,0,-0.893041,0.449975],[16720,0,0,-0.893483,0.449097],[16740,0,0,-0.894557,0.446954],[16760,0,0,-0.894709,0.44665],[16780,0,0,-0.895569,0.444922],[16800,0,0,-0.896193,0.443665],[16820,0,0,-0.896928,0.442177],[16840,0,0,-0.897059,0.441912],[16860,0,0,-0.896747,0.442544],[16880,0,0,-0.896777,0.442482],[16900,0,0,-0.89675,0.442537],[16920,0,0,-0.896792,0.442453],[16940,0,0,-0.896611,0.442818],[16960,0,0,-0.896608,0.442825],[16980,0,0,-0.897066,0.441897],[17000,0,0,-0.89675,0.442538],[17020,0,0,-0.897137,0.441753],[17040,0,0,-0.897434,0.441148],[17060,0,0,-0.896658,0.442724],[17080,0,0,-0.896916,0.442202],[17100,0,0,-0.896454,0.443137],[17120,0,0,-0.896833,0.44237],[17140,0,0,-0.896543,0.442957],[17160,0,0,-0.896353,0.443342],[17180,0,0,-0.897214,0.441597],[17200,0,0,-0.89694,0.442152],[17220,0,0,-0.896524,0.442996],[17240,0,0,-0.896808,0.44242],[17260,0,0,-0.896605,0.442831],[17280,0,0,-0.89708,0.441869],[17300,0,0,-0.896508,0.443028],[17320,0,0,-0.896462,0.44312],[17340,0,0,-0.896847,0.442342],[17360,0,0,-0.897179,0.441666],[17380,0,0,-0.896541,0.442961],[17400,0,0,-0.896564,0.442914],[17420,0,0,-0.897114,0.441799],[17440,0,0,-0.896895,0.442245],[17460,0,0,-0.896755,0.442527],[17480,0,0,-0.896647,0.442746],[17500,0,0,-0.89692,0.442193],[17520,0,0,-0.896997,0.442036],[17540,0,0,-0.896607,0.442828],[17560,0,0,-0.897451,0.441113],[17580,0,0,-0.896914,0.442204],[17600,0,0,-0.896899,0.442236],[17620,0,0,-0.89703,0.44197],[17640,0,0,-0.896891,0.442252],[17660,0,0,-0.897221,0.441582],[17680,0,0,-0.89705,0.44193],[17700,0,0,-0.896971,0.442089],[17720,0,0,-0.897203,0.441618],[17740,0,0,-0.897167,0.441692],[17760,0,0,-0.897279,0.441464],[17780,0,0,-0.896572,0.442898],[17800,0,0,-0.896995,0.442041],[17820,0,0,-0.89728,0.441463]],"steps":[2258.8,2813.8,3368.8,3923.8,4478.8,5033.8,5588.8,6143.8,6698.8,7253.8,7808.8,8363.8,8918.8,9473.8,11528.8,12083.8,12638.8,13193.8,13748.8,14303.8,14858.8,15413.8,15968.8,16523.8],"pose":[[0,0,1.2,0,-0.579228,0.40558,0.40558,0.579228],[33.3,0,1.2,0,-0.579228,0.40558,0.40558,0.579228],[66.7,0,1.2,0,-0.579228,0.40558,0.40558,0.579228],[100,0,1.2,0,-0.579228,0.40558,0.40558,0.579228],[133.3,0,1.2,0,-0.579228,0.40558,0.40558,0.579228],[166.7,0,1.2,0,-0.579228,0.40558,0.40558,0.579228],[200,0,1.2,0,-0.579228,0.40558,0.40558,0.579228],[233.3,0,1.2,0,-0.579228,0.40558,0.40558,0.579228],[266.7,0,1.2,0,-0.579228,0.40558,0.40558,0.579228],[300,0,1.2,0,-0.579228,0.40558,0.40558,0.579228],[333.3,0,1.2,0,-0.579228,0.40558,0.40558,0.579228],[366.7,0,1.2,0,-0.579228,0.40558,0.40558,0.579228],[400,0,1.2,0,-0.579228,0.40558,0.40558,0.579228],[433.3,0,1.2,0,-0.579228,0.40558,0.40558,0.579228],[466.7,0,1.2,0,-0.579228,0.40558,0.40558,0.579228],[500,0,1.2,0,-0.579228,0.40558,0.40558,0.579228],[533.3,0,1.2,0,-0.579228,0.40558,0.40558,0.579228],[566.7,0,1.2,0,-0.579228,0.40558,0.40558,0.579228],[600,0,1.2,0,-0.579228,0.40558,0.40558,0.579228],[633.3,0,1.2,0,-0.579228,0.40558,0.40558,0.579228],[666.7,0,1.2,0,-0.579228,0.40558,0.40558,0.579228],[700,0,1.2,0,-0.579228,0.40558,0.40558,0.579228],[733.3,0,1.2,0,-0.579228,0.40558,0.40558,0.579228],[766.7,0,1.2,0,-0.579228,0.40558,0.40558,0.579228],[800,0,1.2,0,-0.579228,0.40558,0.40558,0.579228],[833.3,0,1.2,0,-0.579228,0.40558,0.40558,0.579228],[866.7,0,1.2,0,-0.579228,0.40558,0.40558,0.579228],[900,0,1.2,0,-0.579228,0.40558,0.40558,0.579228],[933.3,0,1.2,0,-0.579228,0.40558,0.40558,0.579228],[966.7,0,1.2,0,-0.579228,0.40558,0.40558,0.579228],[1000,0,1.2,0,-0.579228,0.40558,0.40558,0.579228],[1033.3,0,1.2,0,-0.579228,0.40558,0.40558,0.579228],[1066.7,0,1.2,0,-0.579228,0.40558,0.40558,0.579228],[1100,0,1.2,0,-0.579228,0.40558,0.40558,0.579228],[1133.3,0,1.2,0,-0.579228,0.40558,0.40558,0.579228],[1166.7,0,1.2,0,-0.579228,0.40558,0.40558,0.579228],[1200,0,1.2,0,-0.579228,0.40558,0.40558,0.579228],[1233.3,0,1.2,0,-0.579228,0.40558,0.40558,0.579228],[1266.7,0,1.2,0,-0.579228,0.40558,0.40558,0.579228],[1300,0,1.2,0,-0.579228,0.40558,0.40558,0.579228],[1333.3,0,1.2,0,-0.579228,0.40558,0.40558,0.579228],[1366.7,0,1.2,0,-0.579228,0.40558,0.40558,0.579228],[1400,0,1.2,0,-0.579228,0.40558,0.40558,0.579228],[1433.3,0,1.2,0,-0.579228,0.40558,0.40558,0.579228],[1466.7,0,1.2,0,-0.579228,0.40558,0.40558,0.579228],[1500,0,1.2,0,-0.579228,0.40558,0.40558,0.579228],[1533.3,0,1.2,0,-0.579228,0.40558,0.40558,0.579228],[1566.7,0,1.2,0,-0.579228,0.40558,0.40558,0.579228],[1600,0,1.2,0,-0.579228,0.40558,0.40558,0.579228],[1633.3,0,1.2,0,-0.579228,0.40558,0.40558,0.579228],[1666.7,0,1.2,0,-0.579228,0.40558,0.40558,0.579228],[1700,0,1.2,0,-0.579228,0.40558,0.40558,0.579228],[1733.3,0,1.2,0,-0.579228,0.40558,0.40558,0.579228],[1766.7,0,1.2,0,-0.579228,0.40558,0.40558,0.579228],[1800,0,1.2,0,-0.579228,0.40558,0.40558,0.579228],[1833.3,0,1.2,0,-0.579228,0.40558,0.40558,0.579228],[1866.7,0,1.2,0,-0.579228,0.40558,0.40558,0.579228],[1900,0,1.2,0,-0.579228,0.40558,0.40558,0.579228],[1933.3,0,1.2,0,-0.579228,0.40558,0.40558,0.579228],[1966.7,0,1.2,0,-0.579228,0.40558,0.40558,0.579228],[2000,0,1.1879,0,-0.579228,0.40558,0.40558,0.579228],[2033.3,-0.0395,1.1829,-0.0144,-0.580221,0.404158,0.404158,0.580221],[2066.7,-0.0791,1.1803,-0.0288,-0.581178,0.40278,0.40278,0.581178],[2100,-0.1185,1.1804,-0.0431,-0.582061,0.401504,0.401504,0.582061],[2133.3,-0.158,1.1834,-0.0575,-0.582841,0.40037,0.40037,0.582841],[2166.7,-0.1976,1.1887,-0.0719,-0.583494,0.399418,0.399418,0.583494],[2200,-0.237,1.1955,-0.0863,-0.583993,0.398687,0.398687,0.583993],[2233.3,-0.2765,1.203,-0.1006,-0.584325,0.398201,0.398201,0.584325],[2266.7,-0.3161,1.2101,-0.115,-0.584477,0.397977,0.397977,0.584477],[2300,-0.3556,1.2157,-0.1294,-0.584445,0.398025,0.398025,0.584445],[2333.3,-0.395,1.2192,-0.1438,-0.584229,0.398342,0.398342,0.584229],[2366.7,-0.4346,1.2199,-0.1582,-0.583836,0.398917,0.398917,0.583836],[2400,-0.4741,1.2179,-0.1726,-0.583282,0.399728,0.399728,0.583282],[2433.3,-0.5135,1.2133,-0.1869,-0.582583,0.400746,0.400746,0.582583],[2466.7,-0.5531,1.2068,-0.2013,-0.581761,0.401938,0.401938,0.581761],[2500,-0.5926,1.1994,-0.2157,-0.58085,0.403254,0.403254,0.58085],[2533.3,-0.6321,1.1921,-0.2301,-0.579878,0.40465,0.40465,0.579878],[2566.7,-0.6717,1.1859,-0.2445,-0.578876,0.406081,0.406081,0.578876],[2600,-0.7111,1.1817,-0.2588,-0.577887,0.407488,0.407488,0.577887],[2633.3,-0.7506,1.18,-0.2732,-0.576942,0.408825,0.408825,0.576942],[2666.7,-0.7902,1.1812,-0.2876,-0.576073,0.410049,0.410049,0.576073],[2700,-0.8296,1.185,-0.302,-0.575317,0.411109,0.411109,0.575317],[2733.3,-0.8691,1.1909,-0.3163,-0.574699,0.411973,0.411973,0.574699],[2766.7,-0.9087,1.1981,-0.3307,-0.57424,0.412612,0.412612,0.57424],[2800,-0.9482,1.2056,-0.3451,-0.573961,0.413,0.413,0.573961],[2833.3,-0.9876,1.2123,-0.3595,-0.57387,0.413127,0.413127,0.57387],[2866.7,-1.0272,1.2172,-0.3739,-0.57397,0.412987,0.412987,0.57397],[2900,-1.0667,1.2198,-0.3882,-0.574259,0.412585,0.412585,0.574259],[2933.3,-1.1061,1.2195,-0.4026,-0.574725,0.411936,0.411936,0.574725],[2966.7,-1.1457,1.2165,-0.417,-0.575352,0.411059,0.411059,0.575352],[3000,-1.1852,1.2112,-0.4314,-0.576115,0.40999,0.40999,0.576115],[3033.3,-1.2247,1.2043,-0.4457,-0.576986,0.408763,0.408763,0.576986],[3066.7,-1.2643,1.1968,-0.4601,-0.577937,0.407418,0.407418,0.577937],[3100,-1.3037,1.1898,-0.4745,-0.578927,0.406009,0.406009,0.578927],[3133.3,-1.3432,1.1842,-0.4889,-0.579925,0.404582,0.404582,0.579925],[3166.7,-1.3828,1.1808,-0.5033,-0.580898,0.403184,0.403184,0.580898],[3200,-1.4222,1.1801,-0.5177,-0.581805,0.401874,0.401874,0.581805],[3233.3,-1.4617,1.1822,-0.532,-0.582619,0.400693,0.400693,0.582619],[3266.7,-1.5013,1.1869,-0.5464,-0.583314,0.399682,0.399682,0.583314],[3300,-1.5408,1.1933,-0.5608,-0.58386,0.398882,0.398882,0.58386],[3333.3,-1.5802,1.2007,-0.5752,-0.584244,0.39832,0.39832,0.584244],[3366.7,-1.6198,1.2081,-0.5896,-0.584451,0.398016,0.398016,0.584451],[3400,-1.6593,1.2142,-0.6039,-0.584474,0.397982,0.397982,0.584474],[3433.3,-1.6987,1.2184,-0.6183,-0.584313,0.398219,0.398219,0.584313],[3466.7,-1.7383,1.22,-0.6327,-0.583972,0.398719,0.398719,0.583972],[3500,-1.7778,1.2188,-0.6471,-0.583464,0.399461,0.399461,0.583464],[3533.3,-1.8173,1.2149,-0.6614,-0.582806,0.400421,0.400421,0.582806],[3566.7,-1.8568,1.2089,-0.6758,-0.582018,0.401566,0.401566,0.582018],[3600,-1.8963,1.2017,-0.6902,-0.581131,0.402848,0.402848,0.581131],[3633.3,-1.9358,1.1942,-0.7046,-0.580174,0.404225,0.404225,0.580174],[3666.7,-1.9754,1.1876,-0.719,-0.579177,0.405653,0.405653,0.579177],[3700,-2.0148,1.1827,-0.7333,-0.578181,0.407071,0.407071,0.578181],[3733.3,-2.0543,1.1802,-0.7477,-0.577219,0.408434,0.408434,0.577219],[3766.7,-2.0939,1.1805,-0.7621,-0.576323,0.409697,0.409697,0.576323],[3800,-2.1334,1.1836,-0.7765,-0.575531,0.410809,0.410809,0.575531],[3833.3,-2.1728,1.189,-0.7908,-0.574868,0.411736,0.411736,0.574868],[3866.7,-2.2124,1.1959,-0.8053,-0.574359,0.412446,0.412446,0.574359],[3900,-2.2519,1.2034,-0.8196,-0.574025,0.412911,0.412911,0.574025],[3933.3,-2.2913,1.2104,-0.834,-0.573877,0.413117,0.413117,0.573877],[3966.7,-2.3309,1.216,-0.8484,-0.57392,0.413057,0.413057,0.57392],[4000,-2.3704,1.2193,-0.8628,-0.574153,0.412732,0.412732,0.574153],[4033.3,-2.4099,1.2199,-0.8771,-0.574567,0.412156,0.412156,0.574567],[4066.7,-2.4494,1.2177,-0.8915,-0.575149,0.411344,0.411344,0.575149],[4100,-2.4889,1.213,-0.9059,-0.575873,0.410329,0.410329,0.575873],[4133.3,-2.5284,1.2065,-0.9203,-0.576715,0.409146,0.409146,0.576715],[4166.7,-2.568,1.199,-0.9347,-0.577646,0.40783,0.40783,0.577646],[4200,-2.6074,1.1918,-0.949,-0.578628,0.406436,0.406436,0.578628],[4233.3,-2.6469,1.1856,-0.9634,-0.579627,0.405009,0.405009,0.579627],[4266.7,-2.6865,1.1815,-0.9778,-0.580612,0.403596,0.403596,0.580612],[4300,-2.726,1.18,-0.9922,-0.581541,0.402256,0.402256,0.581541],[4333.3,-2.7654,1.1813,-1.0065,-0.582386,0.401031,0.401031,0.582386],[4366.7,-2.805,1.1852,-1.0209,-0.58312,0.399964,0.399964,0.58312],[4400,-2.8445,1.1912,-1.0353,-0.583713,0.399098,0.399098,0.583713],[4433.3,-2.8839,1.1985,-1.0497,-0.584147,0.398463,0.398463,0.584147],[4466.7,-2.9235,1.206,-1.0641,-0.584408,0.398079,0.398079,0.584408],[4500,-2.963,1.2126,-1.0784,-0.584487,0.397964,0.397964,0.584487],[4533.3,-3.0025,1.2174,-1.0928,-0.584381,0.39812,0.39812,0.584381],[4566.7,-3.042,1.2198,-1.1072,-0.584092,0.398542,0.398542,0.584092],[4600,-3.0815,1.2194,-1.1216,-0.583633,0.399214,0.399214,0.583633],[4633.3,-3.121,1.2163,-1.1359,-0.583018,0.400112,0.400112,0.583018],[4666.7,-3.1606,1.2109,-1.1504,-0.582266,0.401206,0.401206,0.582266],[4700,-3.2,1.2039,-1.1647,-0.581406,0.402451,0.402451,0.581406],[4733.3,-3.2395,1.1964,-1.1791,-0.580467,0.403805,0.403805,0.580467],[4766.7,-3.2791,1.1894,-1.1935,-0.579477,0.405224,0.405224,0.579477],[4800,-3.3186,1.1839,-1.2079,-0.578478,0.406648,0.406648,0.578478],[4833.3,-3.358,1.1807,-1.2222,-0.577502,0.408033,0.408033,0.577502],[4866.7,-3.3976,1.1801,-1.2366,-0.576582,0.409332,0.409332,0.576582],[4900,-3.4371,1.1824,-1.251,-0.575756,0.410493,0.410493,0.575756],[4933.3,-3.4765,1.1871,-1.2654,-0.575052,0.411479,0.411479,0.575052],[4966.7,-3.5161,1.1937,-1.2798,-0.574494,0.412258,0.412258,0.574494],[5000,-3.5556,1.2011,-1.2941,-0.574106,0.412798,0.412798,0.574106],[5033.3,-3.5951,1.2084,-1.3085,-0.573901,0.413083,0.413083,0.573901],[5066.7,-3.6346,1.2145,-1.3229,-0.573887,0.413103,0.413103,0.573887],[5100,-3.6741,1.2186,-1.3373,-0.574064,0.412857,0.412857,0.574064],[5133.3,-3.7136,1.22,-1.3516,-0.574425,0.412354,0.412354,0.574425],[5166.7,-3.7532,1.2186,-1.366,-0.574959,0.41161,0.41161,0.574959],[5200,-3.7926,1.2146,-1.3804,-0.575642,0.410653,0.410653,0.575642],[5233.3,-3.8321,1.2086,-1.3948,-0.576451,0.409516,0.409516,0.576451],[5266.7,-3.8717,1.2013,-1.4092,-0.57736,0.408234,0.408234,0.57736],[5300,-3.9112,1.1939,-1.4235,-0.578329,0.40686,0.40686,0.578329],[5333.3,-3.9506,1.1873,-1.4379,-0.579327,0.405438,0.405438,0.579327],[5366.7,-3.9902,1.1825,-1.4523,-0.580321,0.404015,0.404015,0.580321],[5400,-4.0297,1.1802,-1.4667,-0.58127,0.402648,0.402648,0.58127],[5433.3,-4.0691,1.1806,-1.481,-0.582143,0.401384,0.401384,0.582143],[5466.7,-4.1087,1.1838,-1.4955,-0.582914,0.400264,0.400264,0.582914],[5500,-4.1482,1.1893,-1.5098,-0.583551,0.399335,0.399335,0.583551],[5533.3,-4.1877,1.1962,-1.5242,-0.584034,0.398628,0.398628,0.584034],[5566.7,-4.2272,1.2038,-1.5386,-0.584349,0.398166,0.398166,0.584349],[5600,-4.2667,1.2107,-1.553,-0.584483,0.39797,0.39797,0.584483],[5633.3,-4.3062,1.2162,-1.5673,-0.584432,0.398045,0.398045,0.584432],[5666.7,-4.3458,1.2194,-1.5817,-0.584197,0.398389,0.398389,0.584197],[5700,-4.3852,1.2198,-1.5961,-0.583788,0.398988,0.398988,0.583788],[5733.3,-4.4247,1.2175,-1.6105,-0.583218,0.39982,0.39982,0.583218],[5766.7,-4.4643,1.2127,-1.6249,-0.582504,0.40086,0.40086,0.582504],[5800,-4.5038,1.2061,-1.6392,-0.581674,0.402063,0.402063,0.581674],[5833.3,-4.5432,1.1987,-1.6536,-0.580755,0.40339,0.40339,0.580755],[5866.7,-4.5828,1.1914,-1.668,-0.579776,0.404795,0.404795,0.579776],[5900,-4.6223,1.1854,-1.6824,-0.578777,0.406223,0.406223,0.578777],[5933.3,-4.6617,1.1814,-1.6967,-0.577791,0.407624,0.407624,0.577791],[5966.7,-4.7013,1.18,-1.7111,-0.576849,0.408956,0.408956,0.576849],[6000,-4.7408,1.1814,-1.7255,-0.575993,0.410161,0.410161,0.575993],[6033.3,-4.7803,1.1855,-1.7399,-0.575249,0.411204,0.411204,0.575249],[6066.7,-4.8198,1.1916,-1.7543,-0.574644,0.412048,0.412048,0.574644],[6100,-4.8593,1.1989,-1.7686,-0.574204,0.412662,0.412662,0.574204],[6133.3,-4.8988,1.2063,-1.783,-0.573943,0.413025,0.413025,0.573943],[6166.7,-4.9384,1.2129,-1.7974,-0.573871,0.413125,0.413125,0.573871],[6200,-4.9778,1.2176,-1.8118,-0.573991,0.412958,0.412958,0.573991],[6233.3,-5.0173,1.2199,-1.8261,-0.574298,0.412531,0.412531,0.574298],[6266.7,-5.0569,1.2193,-1.8406,-0.574782,0.411857,0.411857,0.574782],[6300,-5.0964,1.2161,-1.8549,-0.575422,0.410961,0.410961,0.575422],[6333.3,-5.1358,1.2106,-1.8693,-0.576197,0.409875,0.409875,0.576197],[6366.7,-5.1754,1.2036,-1.8837,-0.57708,0.408631,0.408631,0.57708],[6400,-5.2149,1.1961,-1.8981,-0.578034,0.40728,0.40728,0.578034],[6433.3,-5.2543,1.1891,-1.9124,-0.579027,0.405867,0.405867,0.579027],[6466.7,-5.2939,1.1837,-1.9268,-0.580026,0.404437,0.404437,0.580026],[6500,-5.3334,1.1806,-1.9412,-0.580991,0.40305,0.40305,0.580991],[6533.3,-5.3729,1.1802,-1.9556,-0.581891,0.40175,0.40175,0.581891],[6566.7,-5.4124,1.1826,-1.97,-0.582696,0.400581,0.400581,0.582696],[6600,-5.4519,1.1874,-1.9843,-0.583375,0.399592,0.399592,0.583375],[6633.3,-5.4914,1.194,-1.9987,-0.583906,0.398815,0.398815,0.583906],[6666.7,-5.531,1.2015,-2.0131,-0.584273,0.398277,0.398277,0.584273],[6700,-5.5704,1.2088,-2.0275,-0.584462,0.398001,0.398001,0.584462],[6733.3,-5.6099,1.2148,-2.0418,-0.584466,0.397994,0.397994,0.584466],[6766.7,-5.6495,1.2187,-2.0562,-0.584286,0.398258,0.398258,0.584286],[6800,-5.6889,1.22,-2.0706,-0.583929,0.398782,0.398782,0.583929],[6833.3,-5.7284,1.2185,-2.085,-0.583405,0.399547,0.399547,0.583405],[6866.7,-5.768,1.2144,-2.0994,-0.582732,0.40053,0.40053,0.582732],[6900,-5.8075,1.2082,-2.1137,-0.581934,0.401687,0.401687,0.581934],[6933.3,-5.8469,1.201,-2.1281,-0.581039,0.402981,0.402981,0.581039],[6966.7,-5.8865,1.1935,-2.1425,-0.580074,0.404369,0.404369,0.580074],[7000,-5.926,1.187,-2.1569,-0.579078,0.405794,0.405794,0.579078],[7033.3,-5.9655,1.1823,-2.1712,-0.578084,0.407209,0.407209,0.578084],[7066.7,-6.005,1.1801,-2.1857,-0.577124,0.408568,0.408568,0.577124],[7100,-6.0445,1.1807,-2.2,-0.57624,0.409815,0.409815,0.57624],[7133.3,-6.084,1.184,-2.2144,-0.575459,0.41091,0.41091,0.575459],[7166.7,-6.1236,1.1896,-2.2288,-0.574809,0.411818,0.411818,0.574809],[7200,-6.163,1.1966,-2.2432,-0.574318,0.412503,0.412503,0.574318],[7233.3,-6.2025,1.2041,-2.2575,-0.574002,0.412943,0.412943,0.574002],[7266.7,-6.2421,1.211,-2.2719,-0.573872,0.413123,0.413123,0.573872],[7300,-6.2815,1.2164,-2.2863,-0.573935,0.413036,0.413036,0.573935],[7333.3,-6.321,1.2195,-2.3007,-0.574186,0.412686,0.412686,0.574186],[7366.7,-6.3606,1.2198,-2.3151,-0.574619,0.412083,0.412083,0.574619],[7400,-6.4001,1.2173,-2.3294,-0.575215,0.411252,0.411252,0.575215],[7433.3,-6.4395,1.2124,-2.3438,-0.575952,0.410219,0.410219,0.575952],[7466.7,-6.4791,1.2058,-2.3582,-0.576806,0.409017,0.409017,0.576806],[7500,-6.5186,1.1983,-2.3726,-0.577741,0.407694,0.407694,0.577741],[7533.3,-6.5581,1.1911,-2.3869,-0.578726,0.406295,0.406295,0.578726],[7566.7,-6.5976,1.1851,-2.4013,-0.579729,0.404864,0.404864,0.579729],[7600,-6.6371,1.1812,-2.4157,-0.580707,0.40346,0.40346,0.580707],[7633.3,-6.6766,1.18,-2.4301,-0.581629,0.402129,0.402129,0.581629],[7666.7,-6.7162,1.1816,-2.4445,-0.582467,0.400915,0.400915,0.582467],[7700,-6.7556,1.1858,-2.4588,-0.583185,0.399869,0.399869,0.583185],[7733.3,-6.7951,1.1919,-2.4732,-0.583763,0.399025,0.399025,0.583763],[7766.7,-6.8347,1.1993,-2.4876,-0.584182,0.398412,0.398412,0.584182],[7800,-6.8741,1.2067,-2.502,-0.584424,0.398056,0.398056,0.584424],[7833.3,-6.9136,1.2131,-2.5164,-0.584484,0.397967,0.397967,0.584484],[7866.7,-6.9532,1.2178,-2.5308,-0.584359,0.398151,0.398151,0.584359],[7900,-6.9927,1.2199,-2.5451,-0.584054,0.398598,0.398598,0.584054],[7933.3,-7.0321,1.2192,-2.5595,-0.583579,0.399294,0.399294,0.583579],[7966.7,-7.0717,1.2158,-2.5739,-0.582948,0.400215,0.400215,0.582948],[8000,-7.1112,1.2102,-2.5883,-0.582185,0.401323,0.401323,0.582185],[8033.3,-7.1507,1.2032,-2.6026,-0.581316,0.402581,0.402581,0.581316],[8066.7,-7.1902,1.1957,-2.617,-0.580368,0.403947,0.403947,0.580368],[8100,-7.2297,1.1888,-2.6314,-0.579378,0.405365,0.405365,0.579378],[8133.3,-7.2692,1.1835,-2.6458,-0.57838,0.406788,0.406788,0.57838],[8166.7,-7.3088,1.1805,-2.6602,-0.577405,0.40817,0.40817,0.577405],[8200,-7.3482,1.1802,-2.6745,-0.576496,0.409454,0.409454,0.576496],[8233.3,-7.3877,1.1828,-2.6889,-0.575681,0.410599,0.410599,0.575681],[8266.7,-7.4273,1.1877,-2.7033,-0.574988,0.411569,0.411569,0.574988],[8300,-7.4667,1.1944,-2.7177,-0.574448,0.412322,0.412322,0.574448],[8333.3,-7.5062,1.2019,-2.732,-0.574078,0.412837,0.412837,0.574078],[8366.7,-7.5458,1.2091,-2.7464,-0.573891,0.413097,0.413097,0.573891],[8400,-7.5853,1.215,-2.7608,-0.573896,0.41309,0.41309,0.573896],[8433.3,-7.6247,1.2188,-2.7752,-0.574091,0.412818,0.412818,0.574091],[8466.7,-7.6643,1.22,-2.7896,-0.574472,0.412289,0.412289,0.574472],[8500,-7.7038,1.2183,-2.8039,-0.57502,0.411524,0.411524,0.57502],[8533.3,-7.7433,1.2141,-2.8183,-0.575717,0.410548,0.410548,0.575717],[8566.7,-7.7828,1.2079,-2.8327,-0.57654,0.409392,0.409392,0.57654],[8600,-7.8223,1.2006,-2.8471,-0.577454,0.408102,0.408102,0.577454],[8633.3,-7.8618,1.1932,-2.8615,-0.578428,0.406721,0.406721,0.578428],[8666.7,-7.9014,1.1867,-2.8759,-0.579429,0.405292,0.405292,0.579429],[8700,-7.9408,1.1821,-2.8902,-0.580417,0.403876,0.403876,0.580417],[8733.3,-7.9803,1.1801,-2.9046,-0.58136,0.402518,0.402518,0.58136],[8766.7,-8.0199,1.1808,-2.919,-0.582227,0.401263,0.401263,0.582227],[8800,-8.0593,1.1843,-2.9334,-0.582983,0.400163,0.400163,0.582983],[8833.3,-8.0988,1.1899,-2.9477,-0.583606,0.399255,0.399255,0.583606],[8866.7,-8.1384,1.197,-2.9621,-0.584074,0.398569,0.398569,0.584074],[8900,-8.1779,1.2045,-2.9765,-0.58437,0.398135,0.398135,0.58437],[8933.3,-8.2173,1.2113,-2.9909,-0.584486,0.397965,0.397965,0.584486],[8966.7,-8.2569,1.2166,-3.0053,-0.584416,0.398067,0.398067,0.584416],[9000,-8.2964,1.2196,-3.0196,-0.584164,0.398437,0.398437,0.584164],[9033.3,-8.3359,1.2197,-3.034,-0.583739,0.39906,0.39906,0.583739],[9066.7,-8.3754,1.2171,-3.0484,-0.583152,0.399917,0.399917,0.583152],[9100,-8.4149,1.2121,-3.0628,-0.582427,0.400973,0.400973,0.582427],[9133.3,-8.4544,1.2054,-3.0771,-0.581587,0.40219,0.40219,0.581587],[9166.7,-8.494,1.1979,-3.0915,-0.580658,0.40353,0.40353,0.580658],[9200,-8.5334,1.1907,-3.1059,-0.579678,0.404937,0.404937,0.579678],[9233.3,-8.5729,1.1849,-3.1203,-0.578678,0.406363,0.406363,0.578678],[9266.7,-8.6125,1.1811,-3.1347,-0.577692,0.407764,0.407764,0.577692],[9300,-8.6519,1.18,-3.1491,-0.57676,0.409081,0.409081,0.57676],[9333.3,-8.6914,1.1817,-3.1634,-0.575914,0.410273,0.410273,0.575914],[9366.7,-8.731,1.186,-3.1778,-0.575181,0.411299,0.411299,0.575181],[9400,-8.7705,1.1923,-3.1922,-0.574593,0.41212,0.41212,0.574593],[9433.3,-8.8099,1.1996,-3.2066,-0.57417,0.412709,0.412709,0.57417],[9466.7,-8.8495,1.207,-3.221,-0.573927,0.413047,0.413047,0.573927],[9500,-8.889,1.2134,-3.2353,-0.573874,0.41312,0.41312,0.573874],[9533.3,-8.9285,1.2179,-3.2497,-0.574013,0.412927,0.412927,0.574013],[9566.7,-8.968,1.2199,-3.2641,-0.574339,0.412474,0.412474,0.574339],[9600,-9.0075,1.2191,-3.2785,-0.574839,0.411777,0.411777,0.574839],[9633.3,-9.047,1.2156,-3.2928,-0.575494,0.410862,0.410862,0.575494],[9666.7,-9.0866,1.2099,-3.3072,-0.576282,0.409754,0.409754,0.576282],[9700,-9.126,1.2028,-3.3216,-0.577172,0.408501,0.408501,0.577172],[9733.3,-9.1655,1.1953,-3.336,-0.578131,0.407142,0.407142,0.578131],[9766.7,-9.2051,1.1885,-3.3504,-0.579129,0.405721,0.405721,0.579129],[9800,-9.209,1.2,-3.3518,-0.579284,0.405499,0.405499,0.579284],[9833.3,-9.209,1.2,-3.3518,-0.579755,0.404826,0.404826,0.579755],[9866.7,-9.209,1.2,-3.3518,-0.581082,0.402918,0.402918,0.581082],[9900,-9.209,1.2,-3.3518,-0.583646,0.399195,0.399195,0.583646],[9933.3,-9.209,1.2,-3.3518,-0.587754,0.393123,0.393123,0.587754],[9966.7,-9.209,1.2,-3.3518,-0.593616,0.384213,0.384213,0.593616],[10000,-9.209,1.2,-3.3518,-0.601254,0.372147,0.372147,0.601254],[10033.3,-9.209,1.2,-3.3518,-0.610585,0.356632,0.356632,0.610585],[10066.7,-9.209,1.2,-3.3518,-0.621392,0.33745,0.33745,0.621392],[10100,-9.209,1.2,-3.3518,-0.633221,0.314693,0.314693,0.633221],[10133.3,-9.209,1.2,-3.3518,-0.645602,0.288441,0.288441,0.645602],[10166.7,-9.209,1.2,-3.3518,-0.658007,0.258896,0.258896,0.658007],[10200,-9.209,1.2,-3.3518,-0.669781,0.226701,0.226701,0.669781],[10233.3,-9.209,1.2,-3.3518,-0.68043,0.192393,0.192393,0.68043],[10266.7,-9.209,1.2,-3.3518,-0.689543,0.156622,0.156622,0.689543],[10300,-9.209,1.2,-3.3518,-0.696772,0.120453,0.120453,0.696772],[10333.3,-9.209,1.2,-3.3518,-0.702019,0.084674,0.084674,0.702019],[10366.7,-9.209,1.2,-3.3518,-0.705332,0.050062,0.050062,0.705332],[10400,-9.209,1.2,-3.3518,-0.706887,0.017636,0.017636,0.706887],[10433.3,-9.209,1.2,-3.3518,-0.707005,-0.012018,-0.012018,0.707005],[10466.7,-9.209,1.2,-3.3518,-0.706062,-0.038432,-0.038432,0.706062],[10500,-9.209,1.2,-3.3518,-0.704464,-0.061081,-0.061081,0.704464],[10533.3,-9.209,1.2,-3.3518,-0.702582,-0.079869,-0.079869,0.702582],[10566.7,-9.209,1.2,-3.3518,-0.700719,-0.094833,-0.094833,0.700719],[10600,-9.209,1.2,-3.3518,-0.699108,-0.106056,-0.106056,0.699108],[10633.3,-9.209,1.2,-3.3518,-0.69787,-0.113919,-0.113919,0.69787],[10666.7,-9.209,1.2,-3.3518,-0.697038,-0.118902,-0.118902,0.697038],[10700,-9.209,1.2,-3.3518,-0.696579,-0.121565,-0.121565,0.696579],[10733.3,-9.209,1.2,-3.3518,-0.696395,-0.12261,-0.12261,0.696395],[10766.7,-9.209,1.2,-3.3518,-0.696364,-0.122788,-0.122788,0.696364],[10800,-9.209,1.2,-3.3518,-0.696364,-0.122788,-0.122788,0.696364],[10833.3,-9.209,1.2,-3.3518,-0.696364,-0.122788,-0.122788,0.696364],[10866.7,-9.209,1.2,-3.3518,-0.696364,-0.122788,-0.122788,0.696364],[10900,-9.209,1.2,-3.3518,-0.696364,-0.122788,-0.122788,0.696364],[10933.3,-9.209,1.2,-3.3518,-0.696364,-0.122788,-0.122788,0.696364],[10966.7,-9.209,1.2,-3.3518,-0.696364,-0.122788,-0.122788,0.696364],[11000,-9.209,1.2,-3.3518,-0.696364,-0.122788,-0.122788,0.696364],[11033.3,-9.209,1.2,-3.3518,-0.696364,-0.122788,-0.122788,0.696364],[11066.7,-9.209,1.2,-3.3518,-0.696364,-0.122788,-0.122788,0.696364],[11100,-9.209,1.2,-3.3518,-0.696364,-0.122788,-0.122788,0.696364],[11133.3,-9.209,1.2,-3.3518,-0.696364,-0.122788,-0.122788,0.696364],[11166.7,-9.209,1.2,-3.3518,-0.696364,-0.122788,-0.122788,0.696364],[11200,-9.209,1.2,-3.3518,-0.696364,-0.122788,-0.122788,0.696364],[11233.3,-9.209,1.2,-3.3518,-0.696364,-0.122788,-0.122788,0.696364],[11266.7,-9.209,1.2,-3.3518,-0.696364,-0.122788,-0.122788,0.696364],[11300,-9.196,1.2154,-3.3874,-0.696091,-0.124328,-0.124328,0.696091],[11333.3,-9.1817,1.2096,-3.4268,-0.695793,-0.125983,-0.125983,0.695793],[11366.7,-9.1673,1.2024,-3.4664,-0.695512,-0.127529,-0.127529,0.695512],[11400,-9.1529,1.195,-3.5059,-0.695259,-0.128902,-0.128902,0.695259],[11433.3,-9.1385,1.1882,-3.5453,-0.695043,-0.130057,-0.130057,0.695043],[11466.7,-9.1241,1.1831,-3.5849,-0.694874,-0.130958,-0.130958,0.694874],[11500,-9.1098,1.1803,-3.6244,-0.694759,-0.131566,-0.131566,0.694759],[11533.3,-9.0954,1.1804,-3.6639,-0.694703,-0.131863,-0.131863,0.694703],[11566.7,-9.081,1.1832,-3.7034,-0.694708,-0.131839,-0.131839,0.694708],[11600,-9.0666,1.1883,-3.7429,-0.694773,-0.131494,-0.131494,0.694773],[11633.3,-9.0523,1.1951,-3.7824,-0.694896,-0.130841,-0.130841,0.694896],[11666.7,-9.0379,1.2026,-3.822,-0.695073,-0.129899,-0.129899,0.695073],[11700,-9.0235,1.2098,-3.8614,-0.695294,-0.128708,-0.128708,0.695294],[11733.3,-9.0091,1.2155,-3.9009,-0.695552,-0.127307,-0.127307,0.695552],[11766.7,-8.9947,1.2191,-3.9405,-0.695837,-0.125741,-0.125741,0.695837],[11800,-8.9804,1.2199,-3.98,-0.696136,-0.124073,-0.124073,0.696136],[11833.3,-8.966,1.218,-4.0194,-0.69644,-0.12236,-0.12236,0.69644],[11866.7,-8.9516,1.2136,-4.059,-0.696737,-0.120656,-0.120656,0.696737],[11900,-8.9372,1.2072,-4.0985,-0.697016,-0.119031,-0.119031,0.697016],[11933.3,-8.9229,1.1998,-4.1379,-0.697269,-0.11754,-0.11754,0.697269],[11966.7,-8.9084,1.1924,-4.1775,-0.697489,-0.11623,-0.11623,0.697489],[12000,-8.8941,1.1862,-4.217,-0.697667,-0.115157,-0.115157,0.697667],[12033.3,-8.8797,1.1818,-4.2565,-0.697799,-0.114354,-0.114354,0.697799],[12066.7,-8.8653,1.18,-4.296,-0.697881,-0.113849,-0.113849,0.697881],[12100,-8.8509,1.1811,-4.3355,-0.697912,-0.113663,-0.113663,0.697912],[12133.3,-8.8366,1.1847,-4.375,-0.697889,-0.113801,-0.113801,0.697889],[12166.7,-8.8222,1.1906,-4.4146,-0.697814,-0.114259,-0.114259,0.697814],[12200,-8.8078,1.1977,-4.454,-0.69769,-0.115018,-0.115018,0.69769],[12233.3,-8.7934,1.2052,-4.4935,-0.697518,-0.116053,-0.116053,0.697518],[12266.7,-8.779,1.212,-4.5331,-0.697304,-0.117331,-0.117331,0.697304],[12300,-8.7647,1.217,-4.5726,-0.697056,-0.118798,-0.118798,0.697056],[12333.3,-8.7503,1.2197,-4.612,-0.69678,-0.120405,-0.120405,0.69678],[12366.7,-8.7359,1.2196,-4.6516,-0.696485,-0.122102,-0.122102,0.696485],[12400,-8.7215,1.2167,-4.6911,-0.696182,-0.123817,-0.123817,0.696182],[12433.3,-8.7072,1.2115,-4.7305,-0.695881,-0.125496,-0.125496,0.695881],[12466.7,-8.6928,1.2047,-4.7701,-0.695593,-0.127082,-0.127082,0.695593],[12500,-8.6784,1.1972,-4.8096,-0.695331,-0.12851,-0.12851,0.695331],[12533.3,-8.664,1.1901,-4.8491,-0.695103,-0.129736,-0.129736,0.695103],[12566.7,-8.6496,1.1844,-4.8886,-0.694919,-0.130717,-0.130717,0.694919],[12600,-8.6353,1.1809,-4.9281,-0.694788,-0.131415,-0.131415,0.694788],[12633.3,-8.6209,1.1801,-4.9676,-0.694714,-0.131807,-0.131807,0.694714],[12666.7,-8.6065,1.1821,-5.0072,-0.6947,-0.13188,-0.13188,0.6947],[12700,-8.5921,1.1866,-5.0466,-0.694747,-0.131631,-0.131631,0.694747],[12733.3,-8.5778,1.193,-5.0861,-0.694853,-0.131068,-0.131068,0.694853],[12766.7,-8.5633,1.2004,-5.1257,-0.695015,-0.130209,-0.130209,0.695015],[12800,-8.549,1.2077,-5.1652,-0.695224,-0.12909,-0.12909,0.695224],[12833.3,-8.5346,1.214,-5.2046,-0.695472,-0.127747,-0.127747,0.695472],[12866.7,-8.5202,1.2183,-5.2442,-0.69575,-0.126223,-0.126223,0.69575],[12900,-8.5058,1.22,-5.2837,-0.696046,-0.124582,-0.124582,0.696046],[12933.3,-8.4915,1.2189,-5.3231,-0.696349,-0.122876,-0.122876,0.696349],[12966.7,-8.4771,1.2151,-5.3627,-0.696649,-0.121161,-0.121161,0.696649],[13000,-8.4627,1.2093,-5.4022,-0.696935,-0.119508,-0.119508,0.696935],[13033.3,-8.4483,1.2021,-5.4417,-0.697196,-0.117971,-0.117971,0.697196],[13066.7,-8.4339,1.1946,-5.4812,-0.697427,-0.1166,-0.1166,0.697427],[13100,-8.4196,1.1879,-5.5207,-0.697618,-0.115452,-0.115452,0.697618],[13133.3,-8.4052,1.1829,-5.5602,-0.697764,-0.114565,-0.114565,0.697764],[13166.7,-8.3908,1.1803,-5.5998,-0.697862,-0.113967,-0.113967,0.697862],[13200,-8.3764,1.1804,-5.6392,-0.697908,-0.113685,-0.113685,0.697908],[13233.3,-8.3621,1.1834,-5.6787,-0.697902,-0.113725,-0.113725,0.697902],[13266.7,-8.3477,1.1887,-5.7183,-0.697842,-0.114089,-0.114089,0.697842],[13300,-8.3333,1.1955,-5.7577,-0.697732,-0.11476,-0.11476,0.697732],[13333.3,-8.3189,1.203,-5.7972,-0.697574,-0.115716,-0.115716,0.697574],[13366.7,-8.3045,1.2101,-5.8368,-0.697373,-0.116926,-0.116926,0.697373],[13400,-8.2902,1.2157,-5.8763,-0.697134,-0.11834,-0.11834,0.697134],[13433.3,-8.2758,1.2192,-5.9157,-0.696865,-0.119911,-0.119911,0.696865],[13466.7,-8.2614,1.2199,-5.9553,-0.696575,-0.121589,-0.121589,0.696575],[13500,-8.247,1.2179,-5.9948,-0.696273,-0.123303,-0.123303,0.696273],[13533.3,-8.2327,1.2133,-6.0343,-0.695971,-0.124999,-0.124999,0.695971],[13566.7,-8.2182,1.2068,-6.0738,-0.695678,-0.12662,-0.12662,0.695678],[13600,-8.2039,1.1994,-6.1133,-0.695407,-0.1281,-0.1281,0.695407],[13633.3,-8.1895,1.1921,-6.1528,-0.695167,-0.129392,-0.129392,0.695167],[13666.7,-8.1751,1.1859,-6.1924,-0.694969,-0.130452,-0.130452,0.694969],[13700,-8.1607,1.1817,-6.2318,-0.694822,-0.131237,-0.131237,0.694822],[13733.3,-8.1464,1.18,-6.2713,-0.69473,-0.131723,-0.131723,0.69473],[13766.7,-8.132,1.1812,-6.3109,-0.694697,-0.131892,-0.131892,0.694697],[13800,-8.1176,1.185,-6.3503,-0.694726,-0.131739,-0.131739,0.694726],[13833.3,-8.1032,1.1909,-6.3898,-0.694815,-0.131269,-0.131269,0.694815],[13866.7,-8.0888,1.1981,-6.4294,-0.694961,-0.130496,-0.130496,0.694961],[13900,-8.0745,1.2056,-6.4689,-0.695156,-0.129452,-0.129452,0.695156],[13933.3,-8.0601,1.2123,-6.5083,-0.695394,-0.128171,-0.128171,0.695394],[13966.7,-8.0457,1.2172,-6.5479,-0.695664,-0.126695,-0.126695,0.695664],[14000,-8.0313,1.2198,-6.5874,-0.695955,-0.125084,-0.125084,0.695955],[14033.3,-8.017,1.2195,-6.6269,-0.696258,-0.123391,-0.123391,0.696258],[14066.7,-8.0026,1.2165,-6.6664,-0.69656,-0.121671,-0.121671,0.69656],[14100,-7.9882,1.2112,-6.7059,-0.696851,-0.119995,-0.119995,0.696851],[14133.3,-7.9738,1.2043,-6.7454,-0.697121,-0.118417,-0.118417,0.697121],[14166.7,-7.9594,1.1968,-6.785,-0.697362,-0.116989,-0.116989,0.697362],[14200,-7.9451,1.1898,-6.8244,-0.697565,-0.115771,-0.115771,0.697565],[14233.3,-7.9307,1.1842,-6.8639,-0.697725,-0.114802,-0.114802,0.697725],[14266.7,-7.9163,1.1808,-6.9035,-0.697838,-0.114114,-0.114114,0.697838],[14300,-7.9019,1.1801,-6.9429,-0.6979,-0.113736,-0.113736,0.6979],[14333.3,-7.8876,1.1822,-6.9824,-0.697909,-0.113679,-0.113679,0.697909],[14366.7,-7.8731,1.1869,-7.022,-0.697865,-0.113947,-0.113947,0.697865],[14400,-7.8588,1.1933,-7.0615,-0.69777,-0.114527,-0.114527,0.69777],[14433.3,-7.8444,1.2007,-7.1009,-0.697626,-0.1154,-0.1154,0.697626],[14466.7,-7.83,1.2081,-7.1405,-0.697437,-0.116539,-0.116539,0.697437],[14500,-7.8156,1.2142,-7.18,-0.697209,-0.117896,-0.117896,0.697209],[14533.3,-7.8013,1.2184,-7.2195,-0.696949,-0.119426,-0.119426,0.696949],[14566.7,-7.7869,1.22,-7.259,-0.696663,-0.121079,-0.121079,0.696663],[14600,-7.7725,1.2188,-7.2985,-0.696364,-0.122788,-0.122788,0.696364],[14633.3,-7.7581,1.2149,-7.338,-0.696061,-0.124495,-0.124495,0.696061],[14666.7,-7.7437,1.2089,-7.3776,-0.695764,-0.126147,-0.126147,0.695764],[14700,-7.7294,1.2017,-7.417,-0.695485,-0.127673,-0.127673,0.695485],[14733.3,-7.715,1.1942,-7.4565,-0.695235,-0.129026,-0.129026,0.695235],[14766.7,-7.7006,1.1876,-7.4961,-0.695024,-0.130161,-0.130161,0.695024],[14800,-7.6862,1.1827,-7.5355,-0.69486,-0.131031,-0.131031,0.69486],[14833.3,-7.6719,1.1802,-7.575,-0.694751,-0.131609,-0.131609,0.694751],[14866.7,-7.6575,1.1805,-7.6146,-0.694701,-0.131875,-0.131875,0.694701],[14900,-7.6431,1.1836,-7.6541,-0.694711,-0.131819,-0.131819,0.694711],[14933.3,-7.6287,1.189,-7.6935,-0.694783,-0.131443,-0.131443,0.694783],[14966.7,-7.6143,1.1959,-7.7331,-0.694912,-0.130757,-0.130757,0.694912],[15000,-7.6,1.2034,-7.7726,-0.695093,-0.129792,-0.129792,0.695093],[15033.3,-7.5856,1.2104,-7.8121,-0.695318,-0.128578,-0.128578,0.695318],[15066.7,-7.5712,1.216,-7.8516,-0.69558,-0.127154,-0.127154,0.69558],[15100,-7.5568,1.2193,-7.8911,-0.695866,-0.125579,-0.125579,0.695866],[15133.3,-7.5424,1.2199,-7.9306,-0.696166,-0.123905,-0.123905,0.696166],[15166.7,-7.528,1.2177,-7.9702,-0.69647,-0.122185,-0.122185,0.69647],[15200,-7.5137,1.213,-8.0096,-0.696765,-0.12049,-0.12049,0.696765],[15233.3,-7.4993,1.2065,-8.0491,-0.697043,-0.118877,-0.118877,0.697043],[15266.7,-7.4849,1.199,-8.0887,-0.697293,-0.117397,-0.117397,0.697293],[15300,-7.4705,1.1918,-8.1281,-0.697508,-0.116113,-0.116113,0.697508],[15333.3,-7.4562,1.1856,-8.1676,-0.697682,-0.115065,-0.115065,0.697682],[15366.7,-7.4418,1.1815,-8.2072,-0.69781,-0.114289,-0.114289,0.69781],[15400,-7.4274,1.18,-8.2467,-0.697887,-0.113816,-0.113816,0.697887],[15433.3,-7.413,1.1813,-8.2861,-0.697912,-0.113662,-0.113662,0.697912],[15466.7,-7.3986,1.1852,-8.3257,-0.697884,-0.113833,-0.113833,0.697884],[15500,-7.3843,1.1912,-8.3652,-0.697804,-0.114321,-0.114321,0.697804],[15533.3,-7.3699,1.1985,-8.4047,-0.697675,-0.115109,-0.115109,0.697675],[15566.7,-7.3555,1.206,-8.4442,-0.697498,-0.116173,-0.116173,0.697498],[15600,-7.3411,1.2126,-8.4837,-0.697281,-0.117468,-0.117468,0.697281],[15633.3,-7.3268,1.2174,-8.5232,-0.69703,-0.118952,-0.118952,0.69703],[15666.7,-7.3124,1.2198,-8.5628,-0.696751,-0.120575,-0.120575,0.696751],[15700,-7.298,1.2194,-8.6022,-0.696455,-0.122272,-0.122272,0.696455],[15733.3,-7.2836,1.2163,-8.6417,-0.696152,-0.123986,-0.123986,0.696152],[15766.7,-7.2692,1.2109,-8.6813,-0.695851,-0.125662,-0.125662,0.695851],[15800,-7.2549,1.2039,-8.7207,-0.695566,-0.127231,-0.127231,0.695566],[15833.3,-7.2405,1.1964,-8.7602,-0.695307,-0.128641,-0.128641,0.695307],[15866.7,-7.2261,1.1894,-8.7998,-0.695082,-0.129847,-0.129847,0.695082],[15900,-7.2117,1.1839,-8.8393,-0.694904,-0.130799,-0.130799,0.694904],[15933.3,-7.1973,1.1807,-8.8787,-0.694778,-0.131468,-0.131468,0.694778],[15966.7,-7.1829,1.1801,-8.9183,-0.694709,-0.131829,-0.131829,0.694709],[16000,-7.1686,1.1824,-8.9578,-0.694702,-0.13187,-0.13187,0.694702],[16033.3,-7.1542,1.1871,-8.9973,-0.694755,-0.131589,-0.131589,0.694755],[16066.7,-7.1398,1.1937,-9.0368,-0.694867,-0.130994,-0.130994,0.694867],[16100,-7.1254,1.2011,-9.0763,-0.695033,-0.13011,-0.13011,0.695033],[16133.3,-7.1111,1.2084,-9.1158,-0.695247,-0.128966,-0.128966,0.695247],[16166.7,-7.0967,1.2145,-9.1554,-0.695499,-0.127599,-0.127599,0.695499],[16200,-7.0823,1.2186,-9.1948,-0.695778,-0.126065,-0.126065,0.695778],[16233.3,-7.0679,1.22,-9.2343,-0.696075,-0.124414,-0.124414,0.696075],[16266.7,-7.0535,1.2186,-9.2739,-0.69638,-0.1227,-0.1227,0.69638],[16300,-7.0392,1.2146,-9.3133,-0.696678,-0.120993,-0.120993,0.696678],[16333.3,-7.0248,1.2086,-9.3528,-0.696962,-0.119349,-0.119349,0.696962],[16366.7,-7.0104,1.2013,-9.3924,-0.697222,-0.117822,-0.117822,0.697222],[16400,-6.996,1.1939,-9.4319,-0.697448,-0.116476,-0.116476,0.697448],[16433.3,-6.9817,1.1873,-9.4713,-0.697634,-0.115352,-0.115352,0.697634],[16466.7,-6.9673,1.1825,-9.5109,-0.697776,-0.11449,-0.11449,0.697776],[16500,-6.9529,1.1802,-9.5504,-0.697869,-0.113925,-0.113925,0.697869],[16533.3,-6.9385,1.1806,-9.5898,-0.69791,-0.113675,-0.113675,0.69791],[16566.7,-6.9241,1.1838,-9.6294,-0.697898,-0.113748,-0.113748,0.697898],[16600,-6.9097,1.1893,-9.6689,-0.697834,-0.114142,-0.114142,0.697834],[16633.3,-6.8954,1.1962,-9.7084,-0.697719,-0.114842,-0.114842,0.697719],[16666.7,-6.881,1.2038,-9.748,-0.697556,-0.115828,-0.115828,0.697556],[16700,-6.8666,1.2107,-9.7874,-0.69735,-0.117057,-0.117057,0.69735],[16733.3,-6.8522,1.2162,-9.8269,-0.697109,-0.118489,-0.118489,0.697109],[16766.7,-6.8378,1.2194,-9.8665,-0.696837,-0.120078,-0.120078,0.696837],[16800,-6.8235,1.2198,-9.9059,-0.696545,-0.121758,-0.121758,0.696545],[16833.3,-6.8148,1.2,-9.9296,-0.696364,-0.122788,-0.122788,0.696364],[16866.7,-6.8148,1.2,-9.9296,-0.696364,-0.122788,-0.122788,0.696364],[16900,-6.8148,1.2,-9.9296,-0.696364,-0.122788,-0.122788,0.696364],[16933.3,-6.8148,1.2,-9.9296,-0.696364,-0.122788,-0.122788,0.696364],[16966.7,-6.8148,1.2,-9.9296,-0.696364,-0.122788,-0.122788,0.696364],[17000,-6.8148,1.2,-9.9296,-0.696364,-0.122788,-0.122788,0.696364],[17033.3,-6.8148,1.2,-9.9296,-0.696364,-0.122788,-0.122788,0.696364],[17066.7,-6.8148,1.2,-9.9296,-0.696364,-0.122788,-0.122788,0.696364],[17100,-6.8148,1.2,-9.9296,-0.696364,-0.122788,-0.122788,0.696364],[17133.3,-6.8148,1.2,-9.9296,-0.696364,-0.122788,-0.122788,0.696364],[17166.7,-6.8148,1.2,-9.9296,-0.696364,-0.122788,-0.122788,0.696364],[17200,-6.8148,1.2,-9.9296,-0.696364,-0.122788,-0.122788,0.696364],[17233.3,-6.8148,1.2,-9.9296,-0.696364,-0.122788,-0.122788,0.696364],[17266.7,-6.8148,1.2,-9.9296,-0.696364,-0.122788,-0.122788,0.696364],[17300,-6.8148,1.2,-9.9296,-0.696364,-0.122788,-0.122788,0.696364],[17333.3,-6.8148,1.2,-9.9296,-0.696364,-0.122788,-0.122788,0.696364],[17366.7,-6.8148,1.2,-9.9296,-0.696364,-0.122788,-0.122788,0.696364],[17400,-6.8148,1.2,-9.9296,-0.696364,-0.122788,-0.122788,0.696364],[17433.3,-6.8148,1.2,-9.9296,-0.696364,-0.122788,-0.122788,0.696364],[17466.7,-6.8148,1.2,-9.9296,-0.696364,-0.122788,-0.122788,0.696364],[17500,-6.8148,1.2,-9.9296,-0.696364,-0.122788,-0.122788,0.696364],[17533.3,-6.8148,1.2,-9.9296,-0.696364,-0.122788,-0.122788,0.696364],[17566.7,-6.8148,1.2,-9.9296,-0.696364,-0.122788,-0.122788,0.696364],[17600,-6.8148,1.2,-9.9296,-0.696364,-0.122788,-0.122788,0.696364],[17633.3,-6.8148,1.2,-9.9296,-0.696364,-0.122788,-0.122788,0.696364],[17666.7,-6.8148,1.2,-9.9296,-0.696364,-0.122788,-0.122788,0.696364],[17700,-6.8148,1.2,-9.9296,-0.696364,-0.122788,-0.122788,0.696364],[17733.3,-6.8148,1.2,-9.9296,-0.696364,-0.122788,-0.122788,0.696364],[17766.7,-6.8148,1.2,-9.9296,-0.696364,-0.122788,-0.122788,0.696364],[17800,-6.8148,1.2,-9.9296,-0.696364,-0.122788,-0.122788,0.696364]]},"poseSource":"webxr","marks":[{"t":500,"kind":"entrance"},{"t":9770,"kind":"checkpoint","label":"corner"},{"t":16820,"kind":"checkout"}],"events":[]}}
